"Campus","Year","CampusFee",
"1","2021","79702",
"2","2025","79485028",
"3","1999","2921",
"4","1988","53435085",
"5","1973","1431",
"6","2011","7",
"7","1975","8384542",
"8","2008","221480",
"9","2002","575777562",
"10","1988","311377",
"11","2019","8",
"12","2010","3",
"13","2016","431",
"14","2006","983376320",
"15","1973","5761128",
"16","2013","46",
"17","1984","4745",
"18","2002","350852673",
"19","2006","442500620",
"20","2014","1",
"21","2005","91",
"22","1990","613639",
"23","2012","6033224",
"24","1992","4827",
"25","1984","51106139",
"26","2020","564340440",
"27","1976","0",
"28","1999","0",
"29","1978","104",
"30","1993","0",
"31","2013","93191",
"32","2022","0",
"33","1988","6995",
"34","1986","990326",
"35","1989","5609",
"36","2015","885286",
"37","2005","4",
"38","2007","387332",
"39","1985","33",
"40","2011","689",
"41","1973","574476185",
"42","1992","1",
"43","2009","0",
"44","1984","69",
"45","1976","3225373",
"46","2025","3",
"47","1973","83728",
"48","2023","67706",
"49","2022","57900",
"50","2005","79507533",
"51","1987","71776181",
"52","1974","0",
"53","2021","795049",
"54","1990","545402",
"55","2022","65311458",
"56","2020","50152",
"57","1974","1690565",
"58","1978","9017616",
"59","1986","920048198",
"60","2014","230562",
"61","1976","3916",
"62","1974","76",
"63","1976","8468",
"64","1980","111",
"65","1977","788",
"66","2017","3844683",
"67","1973","41061194",
"68","1983","4688272",
"69","2009","5957",
"70","1997","25249211",
"71","2018","35",
"72","1989","973",
"73","2006","0",
"74","2015","38778",
"75","1981","4706163",
"76","1979","96691",
"77","1974","46599014",
"78","2016","479",
"79","2004","80984",
"80","1974","0",
"81","1990","21",
"82","2022","2",
"83","1994","8385",
"84","2017","3",
"85","1978","584245779",
"86","1999","42754756",
"87","2004","33976",
"88","1997","98",
"89","1988","8023",
"90","2019","190",
"91","1992","44498710",
"92","1996","778",
"93","2003","37713197",
"94","2011","192",
"95","2001","319445",
"96","2003","646575",
"97","2010","10933428",
"98","2008","5879797",
"99","1978","89561892",
"100","2004","46958",
"101","2011","253435152",
"102","1984","44",
"103","2024","0",
"104","1991","476810",
"105","1997","945",
"106","1984","40295",
"107","1979","57482340",
"108","2013","0",
"109","2022","0",
"110","2018","4184",
"111","2022","50",
"112","1974","39731",
"113","1988","309674",
"114","1975","4326",
"115","1987","24301",
"116","2014","92",
"117","1983","0",
"118","1978","0",
"119","2020","95175",
"120","1973","5",
"121","1987","598014",
"122","2020","4119",
"123","1999","7",
"124","2003","2820874",
"125","1991","622",
"126","2009","553",
"127","2005","3812",
"128","2024","330104",
"129","2023","72",
"130","2012","5",
"131","2021","0",
"132","1984","65",
"133","2004","12",
"134","2025","539230618",
"135","1995","389799",
"136","1977","537",
"137","1982","52088",
"138","2011","5076",
"139","2022","782",
"140","1970","0",
"141","1984","597707",
"142","2010","0",
"143","2021","1",
"144","2005","41",
"145","1976","7589",
"146","1981","5196",
"147","2017","127473",
"148","2020","7454",
"149","2004","507",
"150","2004","5",
"151","2000","2140",
"152","2018","52963097",
"153","1973","981508454",
"154","2022","36803",
"155","1999","5277766",
"156","2024","2",
"157","2003","6923",
"158","2008","201797",
"159","1976","0",
"160","2025","723",
"161","1984","55",
"162","1981","559498966",
"163","1988","1",
"164","1983","9",
"165","1987","20157750",
"166","2024","24478070",
"167","1989","0",
"168","2022","182927",
"169","1999","19",
"170","2025","5315",
"171","2009","768",
"172","1978","5595633",
"173","1990","7072",
"174","1986","36",
"175","1975","565441",
"176","1982","94",
"177","2005","792",
"178","1971","0",
"179","2019","0",
"180","2014","820426849",
"181","2004","7198",
"182","2019","5577",
"183","2020","4442216",
"184","2015","7304858",
"185","1971","475342",
"186","1995","309072086",
"187","2025","29254185",
"188","1979","2839295",
"189","1977","589295",
"190","2017","48142076",
"191","2002","10571",
"192","1976","0",
"193","1997","9",
"194","1970","3",
"195","1976","12102",
"196","1996","0",
"197","1987","965380484",
"198","1999","64981560",
"199","1985","82998",
"200","1989","44",
"201","2005","8598",
"202","1974","0",
"203","1992","30",
"204","1984","881",
"205","1981","1344347",
"206","1988","3676",
"207","1973","5239",
"208","1985","7610873",
"209","1995","499",
"210","1986","36166",
"211","2023","0",
"212","1981","380543",
"213","1994","995",
"214","1981","96869",
"215","2023","186",
"216","1984","7",
"217","2011","939178069",
"218","1994","4",
"219","1984","9",
"220","1983","957390740",
"221","1992","576",
"222","2012","802657",
"223","1988","638990141",
"224","2004","0",
"225","2010","2512",
"226","1984","4",
"227","1988","143",
"228","2016","0",
"229","1980","0",
"230","2012","50884376",
"231","1989","52067827",
"232","2011","194060107",
"233","1977","7611",
"234","2016","9724",
"235","2020","71750",
"236","1985","7735",
"237","2016","2255",
"238","2004","40528",
"239","2025","839",
"240","1999","99",
"241","2016","52524",
"242","1973","0",
"243","1978","31098",
"244","2024","179105",
"245","2018","4535",
"246","2013","34503",
"247","2021","0",
"248","1987","117932",
"249","2016","54253709",
"250","2017","661337",
"251","2020","10286261",
"252","1998","0",
"253","2025","2155276",
"254","2022","833",
"255","1990","7",
"256","2018","552984",
"257","1990","683",
"258","2023","3139",
"259","2015","169274",
"260","2003","48291",
"261","2006","6750128",
"262","1991","0",
"263","2015","7",
"264","1981","98",
"265","2017","3075699",
"266","2000","21",
"267","1990","525772057",
"268","2025","0",
"269","2001","3842256",
"270","1991","557758509",
"271","1984","94210",
"272","1979","9",
"273","1972","23672128",
"274","1989","292261",
"275","2012","63717",
"276","1987","717",
"277","2023","44399",
"278","1991","109294",
"279","1985","721258",
"280","2025","73900365",
"281","2016","0",
"282","2022","7932773",
"283","1975","4",
"284","1997","995545",
"285","2019","7",
"286","1978","28493248",
"287","1972","38409535",
"288","2010","712048070",
"289","2019","839",
"290","2022","42322274",
"291","1993","8801298",
"292","2011","654010",
"293","2007","18",
"294","1973","433",
"295","2018","350043",
"296","1987","0",
"297","1975","479985488",
"298","1974","40",
"299","1977","64",
"300","1988","155056",
"301","2021","28",
"302","2008","7",
"303","1989","5523",
"304","2008","2",
"305","2019","7773",
"306","1975","7748932",
"307","2024","61432639",
"308","2013","496",
"309","1987","151632",
"310","1971","32",
"311","2001","1716931",
"312","2016","48",
"313","2004","13504632",
"314","1980","8385",
"315","1995","77",
"316","1979","66390",
"317","2022","37854",
"318","2011","53692",
"319","1974","96967",
"320","2020","463751800",
"321","2003","58424958",
"322","2001","37",
"323","1997","15323",
"324","2010","543",
"325","1996","69",
"326","1978","6924201",
"327","2022","7963201",
"328","1993","417",
"329","1996","81722",
"330","2007","5903808",
"331","2018","6",
"332","2019","289",
"333","2021","30987",
"334","2012","85",
"335","2013","0",
"336","1996","9",
"337","2022","6139",
"338","2020","428",
"339","1979","81871481",
"340","2002","0",
"341","1977","978",
"342","2007","8666",
"343","1972","843684666",
"344","1973","34466970",
"345","1976","8",
"346","2020","95724412",
"347","1995","949142",
"348","1977","37",
"349","1977","243",
"350","2005","820345517",
"351","1977","4363679",
"352","2008","61686",
"353","2017","45",
"354","2024","29",
"355","2013","762880877",
"356","1974","4",
"357","2009","4",
"358","2001","0",
"359","2008","313",
"360","1996","0",
"361","2020","7",
"362","1977","219811",
"363","2022","524550",
"364","1994","0",
"365","1988","5",
"366","1990","0",
"367","1995","644",
"368","2016","24",
"369","2007","66",
"370","1974","5179949",
"371","1976","8",
"372","2025","2360",
"373","1992","12",
"374","2023","18",
"375","1972","3319870",
"376","2011","0",
"377","2002","7339",
"378","2016","33992",
"379","2021","5632",
"380","1972","425",
"381","2025","45",
"382","2007","425",
"383","1989","7",
"384","1981","190597647",
"385","2009","71",
"386","1994","15236977",
"387","1984","944455368",
"388","1975","0",
"389","2008","31607537",
"390","2001","6424",
"391","1980","0",
"392","1992","9",
"393","2008","5",
"394","1973","4709",
"395","2011","33188",
"396","2015","18609",
"397","1985","64",
"398","2016","2323963",
"399","1992","8",
"400","1984","92",
"401","1992","488",
"402","2000","69",
"403","2004","466",
"404","2002","333",
"405","1989","55144",
"406","2016","18",
"407","2018","5793308",
"408","2005","553597220",
"409","2008","699460",
"410","1981","61703508",
"411","1976","24269",
"412","2018","0",
"413","1991","160380",
"414","2020","96135751",
"415","1979","6",
"416","2018","0",
"417","1971","32542948",
"418","2002","5",
"419","1972","53095485",
"420","2004","316164986",
"421","1991","3676093",
"422","2024","0",
"423","2021","24566362",
"424","1999","48",
"425","1994","6566",
"426","2006","56685157",
"427","2013","558",
"428","1981","77424",
"429","1987","36142672",
"430","2017","91",
"431","1970","540472154",
"432","2003","4437",
"433","2022","8",
"434","2012","1703",
"435","1978","9",
"436","2017","7051",
"437","2016","0",
"438","2009","527",
"439","1971","788",
"440","2017","2677",
"441","2008","293",
"442","1970","7",
"443","2004","365860814",
"444","2007","79",
"445","2005","10709",
"446","2015","82497805",
"447","2002","8486834",
"448","2016","0",
"449","2005","941933",
"450","2013","120284",
"451","1972","13959805",
"452","2022","5",
"453","2012","0",
"454","1988","0",
"455","1994","52561",
"456","1990","2",
"457","1978","48429",
"458","1973","23563",
"459","1982","30",
"460","1999","53640264",
"461","2020","69595526",
"462","2023","52927",
"463","2004","3442764",
"464","1999","0",
"465","1988","269140",
"466","1970","46791621",
"467","1981","50196",
"468","2009","708",
"469","1994","981",
"470","2006","47",
"471","1978","23551880",
"472","1985","898",
"473","1995","868724",
"474","1990","375216",
"475","1993","30817324",
"476","2014","1643861",
"477","1997","0",
"478","1997","98073",
"479","2017","784680799",
"480","1979","581529",
"481","1987","2669",
"482","1982","7587330",
"483","2006","660",
"484","2009","95374",
"485","1995","14960778",
"486","2009","581916083",
"487","2022","4127",
"488","1989","365",
"489","2023","0",
"490","1972","617252130",
"491","1970","2128",
"492","1993","0",
"493","1971","18204497",
"494","1994","4055663",
"495","1993","946209",
"496","1984","4",
"497","1978","5559",
"498","1974","9043626",
"499","2020","377948",
"500","1997","25174",
"501","1974","994960",
"502","2024","87",
"503","2012","14163",
"504","2008","428075",
"505","2013","3875",
"506","2007","85470",
"507","1970","4438",
"508","1984","22213013",
"509","1983","186767629",
"510","1990","105",
"511","1999","99",
"512","2025","866670",
"513","1988","59086",
"514","2017","5",
"515","2018","14619",
"516","1977","63836",
"517","1993","3310731",
"518","2003","61424182",
"519","2000","450142539",
"520","2023","18",
"521","2025","411050245",
"522","2005","4952509",
"523","2016","90",
"524","1994","759082",
"525","1987","9299665",
"526","1980","76037322",
"527","2022","848061697",
"528","1973","97279",
"529","1988","75423202",
"530","2015","6072319",
"531","1997","96",
"532","2017","2",
"533","1991","3363",
"534","1989","5873503",
"535","1996","86",
"536","1976","58178742",
"537","1989","0",
"538","2009","9767",
"539","2020","725011787",
"540","2018","5256",
"541","1993","0",
"542","2008","0",
"543","1979","50698",
"544","1992","55942720",
"545","2018","37",
"546","2006","33738720",
"547","1992","3413",
"548","2019","4889",
"549","1977","5403",
"550","2002","896",
"551","2001","9",
"552","1982","314471711",
"553","1993","304604",
"554","1978","0",
"555","2021","358469813",
"556","1971","206297959",
"557","1997","74229023",
"558","2002","7",
"559","2003","650399496",
"560","2006","2436",
"561","2000","701026404",
"562","1981","529",
"563","1996","7146",
"564","2000","8906416",
"565","2013","897724293",
"566","2008","82398",
"567","1987","18919284",
"568","2001","591",
"569","1995","132",
"570","1985","7322527",
"571","1985","0",
"572","2001","9",
"573","1991","86801",
"574","2023","473983",
"575","2017","3740156",
"576","1987","308005681",
"577","2020","8724280",
"578","1981","568393",
"579","2006","0",
"580","1972","7951",
"581","2018","3648",
"582","1971","440937886",
"583","2025","459305554",
"584","2011","526",
"585","1989","8953662",
"586","2009","6957787",
"587","2004","988",
"588","2000","75558",
"589","1995","414",
"590","2025","9806",
"591","1980","9220",
"592","1992","436510284",
"593","1970","37970661",
"594","1999","21475",
"595","2017","564",
"596","2015","1",
"597","1976","1583",
"598","2002","6950440",
"599","1979","364989",
"600","1993","497136957",
"601","1972","595843183",
"602","2015","0",
"603","2008","580788",
"604","1978","26854746",
"605","1988","7093236",
"606","1995","551",
"607","1978","579",
"608","1970","655485212",
"609","1994","916",
"610","2019","677819",
"611","2022","0",
"612","1990","6",
"613","1988","58",
"614","2022","7436",
"615","2022","948817",
"616","2009","96",
"617","2012","596259",
"618","1991","8",
"619","2025","82819",
"620","2005","337",
"621","1982","72267071",
"622","2020","91551494",
"623","1970","0",
"624","2011","0",
"625","2018","5933",
"626","1972","6000609",
"627","2010","4",
"628","1975","423035",
"629","1983","963",
"630","2018","939644",
"631","1976","924483",
"632","2010","650",
"633","2000","5956",
"634","1985","72265",
"635","1973","30536",
"636","2009","24329",
"637","2011","89",
"638","1974","0",
"639","2015","76",
"640","2022","72718191",
"641","2015","426790",
"642","2009","8137817",
"643","1976","8899770",
"644","1975","0",
"645","1971","7",
"646","2010","6044971",
"647","2000","2",
"648","2015","1064",
"649","2015","23509743",
"650","2019","97165",
"651","1992","2300404",
"652","2015","36840346",
"653","2009","533876366",
"654","2011","3219",
"655","1988","7791",
"656","2014","6780882",
"657","1976","672003439",
"658","1991","943",
"659","1972","66857210",
"660","1988","235442655",
"661","1979","46084",
"662","2001","491401",
"663","2005","756",
"664","1999","2",
"665","1992","272216",
"666","1980","856",
"667","2016","85",
"668","1971","3",
"669","1970","470069000",
"670","1974","2057919",
"671","2008","572071",
"672","2022","6553",
"673","2017","527247",
"674","2016","3775261",
"675","2000","643",
"676","1974","1970315",
"677","1985","0",
"678","1981","9691627",
"679","2015","5876",
"680","1986","2560",
"681","2016","8",
"682","2009","69",
"683","2024","0",
"684","2024","0",
"685","1981","6",
"686","2005","7623",
"687","2016","0",
"688","1993","8",
"689","2023","1",
"690","1978","3",
"691","1977","363",
"692","1992","103679",
"693","1982","0",
"694","2007","0",
"695","2011","6",
"696","2020","8",
"697","1996","625",
"698","1985","0",
"699","1989","66451790",
"700","1974","60",
"701","2005","250394044",
"702","1997","80352",
"703","1986","760437395",
"704","1993","2313",
"705","1995","511513721",
"706","2023","58797607",
"707","2002","45231",
"708","2003","76594",
"709","1980","62508926",
"710","1993","8",
"711","2024","62338103",
"712","1978","911413",
"713","1988","92052",
"714","2010","0",
"715","1979","906929633",
"716","1991","37",
"717","1970","459996043",
"718","1998","4168",
"719","2013","2654",
"720","1994","537380035",
"721","1973","57",
"722","2010","344580",
"723","2013","865756",
"724","2011","7",
"725","2009","15053",
"726","1987","7",
"727","1999","885191",
"728","1993","0",
"729","2008","168",
"730","2010","1146143",
"731","1987","21",
"732","2013","762",
"733","2025","8920",
"734","2009","87",
"735","1984","580881059",
"736","1976","503958131",
"737","2016","64",
"738","2001","0",
"739","1977","106",
"740","2021","666795588",
"741","2022","23030",
"742","1987","35",
"743","1979","5000713",
"744","2010","343958100",
"745","1977","809",
"746","2019","6",
"747","1998","40555",
"748","1990","30440",
"749","1999","4",
"750","2021","3742798",
"751","2012","574",
"752","1994","458",
"753","1997","7972",
"754","1999","86",
"755","2001","6",
"756","1993","169",
"757","2002","81",
"758","1995","59101",
"759","1993","36489",
"760","1987","76200902",
"761","2025","11",
"762","1970","8",
"763","1985","57475658",
"764","1989","9",
"765","2004","308710",
"766","2021","5218",
"767","1998","1217141",
"768","1970","3818",
"769","1990","0",
"770","1985","0",
"771","1985","0",
"772","1991","0",
"773","2004","2834191",
"774","2015","7557",
"775","1985","3",
"776","2003","0",
"777","2019","0",
"778","1971","7",
"779","2021","9953384",
"780","2007","8556",
"781","2019","180213345",
"782","1980","9",
"783","1976","0",
"784","2005","317356866",
"785","1987","750",
"786","2010","11",
"787","2011","782366088",
"788","2016","63",
"789","1973","81",
"790","1980","725442",
"791","1976","28",
"792","1980","386441",
"793","1973","358324",
"794","1990","702981",
"795","1990","3",
"796","1975","94",
"797","1972","59586975",
"798","1986","786157652",
"799","1977","89885",
"800","2022","0",
"801","2025","7764",
"802","2020","0",
"803","2016","0",
"804","2017","303",
"805","1979","0",
"806","2011","67359",
"807","2014","11",
"808","2001","0",
"809","1984","537028",
"810","1989","2042",
"811","2012","77476",
"812","1990","5373792",
"813","2017","64794",
"814","1998","89898393",
"815","2001","97368774",
"816","1974","7",
"817","2015","782640466",
"818","2019","3084065",
"819","1976","21",
"820","2022","0",
"821","2021","316408",
"822","1971","873345546",
"823","1979","323908",
"824","1996","287",
"825","2025","3505",
"826","1997","0",
"827","1973","10",
"828","2022","3908",
"829","1995","7567",
"830","2014","6760",
"831","2006","526",
"832","2006","45324",
"833","1995","64",
"834","1976","9523766",
"835","1979","51339",
"836","1996","9",
"837","1986","243",
"838","2016","3",
"839","2022","17236065",
"840","2009","624447561",
"841","2023","3171933",
"842","2009","9873889",
"843","2017","24945",
"844","1996","227",
"845","1976","9",
"846","1998","313",
"847","1976","670630064",
"848","2011","22467711",
"849","1994","5540",
"850","1996","0",
"851","1999","8",
"852","2017","61495496",
"853","2019","0",
"854","2006","281502",
"855","2005","0",
"856","2005","0",
"857","1981","5",
"858","2016","28",
"859","1970","53444081",
"860","2024","81989",
"861","2002","532",
"862","2023","2",
"863","1994","37036",
"864","1986","246",
"865","1986","4077",
"866","2002","716",
"867","2011","51919",
"868","2007","0",
"869","1979","75541",
"870","1979","0",
"871","1996","45",
"872","1987","100",
"873","1994","8803210",
"874","2005","9498755",
"875","2002","15979177",
"876","2018","358689774",
"877","2008","29149517",
"878","1998","55987748",
"879","1975","872441",
"880","2012","177363",
"881","1972","35505391",
"882","2017","0",
"883","1993","592016125",
"884","2002","114556280",
"885","1987","719874100",
"886","2016","9080685",
"887","1988","83",
"888","1977","4371",
"889","2007","1814550",
"890","2013","5555602",
"891","1989","260",
"892","2011","839",
"893","2008","6871431",
"894","2016","13",
"895","1977","32946",
"896","2024","7852",
"897","2003","196",
"898","1978","341657",
"899","1982","3534859",
"900","2012","3416588",
"901","1990","69",
"902","1971","188068781",
"903","2021","25890",
"904","2005","445",
"905","2024","90749411",
"906","1974","647817418",
"907","1999","66579",
"908","2002","6509451",
"909","1988","53",
"910","1985","7361056",
"911","2012","0",
"912","2016","5",
"913","2022","119",
"914","1993","496",
"915","2024","6",
"916","2025","0",
"917","1973","717984760",
"918","2020","52510",
"919","2004","1688175",
"920","1975","0",
"921","2023","0",
"922","1986","133077917",
"923","2001","0",
"924","1993","28985",
"925","1980","6181",
"926","2025","5",
"927","1976","1996134",
"928","2006","893365770",
"929","1990","496956621",
"930","2023","1970",
"931","1983","723404",
"932","1970","9",
"933","1973","960513375",
"934","2025","11728154",
"935","1989","806886",
"936","1992","8",
"937","2017","33743",
"938","1990","15930504",
"939","1989","68747",
"940","2007","7",
"941","1985","312",
"942","2013","7",
"943","2023","631007546",
"944","1996","834342",
"945","2010","6949",
"946","2009","5",
"947","2012","57444",
"948","2011","841501",
"949","2009","2719",
"950","1980","30330",
"951","2006","1",
"952","1984","0",
"953","1978","3370",
"954","2008","286291453",
"955","1992","492199168",
"956","2005","7111",
"957","2018","17",
"958","2000","8",
"959","2004","54488880",
"960","1983","3",
"961","2004","41",
"962","1972","9",
"963","2003","4498082",
"964","2024","524",
"965","1977","89507",
"966","2003","571",
"967","2025","0",
"968","1999","650376286",
"969","2007","6948539",
"970","1986","7374",
"971","1989","85",
"972","2015","7871873",
"973","2018","6587",
"974","1994","96872352",
"975","2003","5755",
"976","2010","896563",
"977","2008","7415965",
"978","1988","93527829",
"979","1992","388",
"980","1982","5168",
"981","1997","49406619",
"982","2024","205865987",
"983","1977","50",
"984","1980","606266297",
"985","2018","1726123",
"986","2014","32782795",
"987","1984","241",
"988","1994","95",
"989","1983","14868786",
"990","2024","208200",
"991","1981","0",
"992","1983","1336",
"993","2021","8077",
"994","2002","8530399",
"995","1988","13",
"996","1979","87",
"997","1991","757",
"998","2021","8900",
"999","1991","0",
"1000","1975","2553375",
"1001","1993","35680620",
"1002","1996","2819",
"1003","1983","34168341",
"1004","1970","7335",
"1005","2004","8",
"1006","1974","0",
"1007","1973","41",
"1008","2010","33786985",
"1009","1998","745276507",
"1010","2022","129936",
"1011","2005","0",
"1012","1994","1",
"1013","2003","860826973",
"1014","2017","299389",
"1015","1992","4883",
"1016","1997","463",
"1017","2005","77773056",
"1018","1988","0",
"1019","1977","745478519",
"1020","1992","9971",
"1021","2017","25657",
"1022","1972","8262182",
"1023","2020","92",
"1024","1997","62880606",
"1025","2003","0",
"1026","2019","0",
"1027","2009","3391",
"1028","1980","36",
"1029","2007","93",
"1030","1975","774",
"1031","1990","28322529",
"1032","1980","9046",
"1033","1980","322485",
"1034","1981","281",
"1035","1982","0",
"1036","1982","3719",
"1037","1974","22322",
"1038","1974","83968",
"1039","1983","1613",
"1040","2014","752398184",
"1041","2008","5174",
"1042","1974","73235559",
"1043","2005","60",
"1044","1972","0",
"1045","2020","82816688",
"1046","2001","25",
"1047","2019","151303",
"1048","2005","4",
"1049","2004","1612",
"1050","1990","8820305",
"1051","2013","542212432",
"1052","1994","25048427",
"1053","2003","877068562",
"1054","1976","23100",
"1055","2015","8411",
"1056","1990","96899121",
"1057","1984","58340589",
"1058","1985","40",
"1059","2009","79216",
"1060","1980","344",
"1061","2023","156609",
"1062","1970","185998",
"1063","1991","59724",
"1064","1992","38",
"1065","2011","19",
"1066","1986","62525019",
"1067","1996","9576",
"1068","2004","81872",
"1069","2000","3",
"1070","1978","58405",
"1071","1989","725",
"1072","1976","99",
"1073","2005","96",
"1074","1972","985669232",
"1075","1997","767216",
"1076","1992","9905650",
"1077","2016","30",
"1078","1976","7655266",
"1079","2020","68407780",
"1080","2022","97087",
"1081","2023","83",
"1082","2012","3",
"1083","1972","58710782",
"1084","1975","0",
"1085","1998","43",
"1086","2024","2005863",
"1087","1982","5",
"1088","1976","396",
"1089","2017","0",
"1090","2001","1614",
"1091","1992","9",
"1092","2022","0",
"1093","2003","20616121",
"1094","2008","2036884",
"1095","2010","257",
"1096","2019","911012739",
"1097","2006","124276318",
"1098","2018","87",
"1099","2018","1855",
"1100","1981","94490",
"1101","1993","3961",
"1102","2002","47285",
"1103","2005","5603",
"1104","1979","9392701",
"1105","1974","7495991",
"1106","1976","0",
"1107","2004","439",
"1108","1994","9",
"1109","1978","8008",
"1110","2014","27",
"1111","2001","312458",
"1112","2021","0",
"1113","2025","81",
"1114","1988","726492254",
"1115","2004","9",
"1116","1970","85",
"1117","1984","13194890",
"1118","1997","527967",
"1119","2023","16",
"1120","1989","8",
"1121","2009","167059899",
"1122","1982","4",
"1123","1997","5385",
"1124","1975","8088395",
"1125","1989","29975100",
"1126","2012","8192102",
"1127","1999","50418517",
"1128","1983","368899149",
"1129","2013","9",
"1130","1997","993",
"1131","1991","48745",
"1132","1971","22552",
"1133","1999","98183576",
"1134","1993","28895753",
"1135","1986","804",
"1136","2004","1659",
"1137","1989","831",
"1138","1972","312905",
"1139","2025","7209020",
"1140","2025","48",
"1141","2007","877",
"1142","1995","989920871",
"1143","1993","54",
"1144","1992","0",
"1145","2008","10384",
"1146","1979","48200254",
"1147","2006","4028658",
"1148","2012","5503346",
"1149","2023","0",
"1150","1980","86482",
"1151","1980","55",
"1152","1973","1",
"1153","2010","910865953",
"1154","1980","2729062",
"1155","2005","797411",
"1156","1978","3",
"1157","1982","310",
"1158","2014","50097331",
"1159","2014","95",
"1160","1989","728",
"1161","2005","220361",
"1162","1988","96422565",
"1163","2021","529521236",
"1164","2020","42",
"1165","1995","7",
"1166","2006","0",
"1167","2010","2988",
"1168","2013","351119",
"1169","2001","923814225",
"1170","1979","32",
"1171","2012","94",
"1172","1995","137",
"1173","2002","3",
"1174","2002","4",
"1175","1977","26217920",
"1176","2014","341",
"1177","2010","8744724",
"1178","1982","9387963",
"1179","1993","72",
"1180","1985","788117236",
"1181","2004","38449",
"1182","2021","16",
"1183","2023","0",
"1184","2000","511634656",
"1185","2002","27",
"1186","2005","0",
"1187","2019","7713110",
"1188","1979","66101582",
"1189","1986","0",
"1190","1975","54",
"1191","2006","106006912",
"1192","1990","185310309",
"1193","1985","0",
"1194","1975","6",
"1195","1978","0",
"1196","2012","0",
"1197","1991","136815",
"1198","1973","6176551",
"1199","1982","9",
"1200","2013","87608",
"1201","2004","2",
"1202","2007","58",
"1203","2007","57960",
"1204","2025","6363",
"1205","2020","7",
"1206","1972","47801750",
"1207","2009","60911155",
"1208","2000","126570",
"1209","2011","6",
"1210","1995","452889701",
"1211","2004","7749",
"1212","2019","2328777",
"1213","2020","95398345",
"1214","1989","204",
"1215","2025","6",
"1216","1981","8",
"1217","1980","11757",
"1218","1993","241704",
"1219","2013","43",
"1220","1980","75321094",
"1221","2025","0",
"1222","2007","880998",
"1223","2021","22064970",
"1224","2003","6",
"1225","2022","0",
"1226","1993","9275",
"1227","1974","330266089",
"1228","1998","827991987",
"1229","1993","7",
"1230","2022","96743",
"1231","2023","467",
"1232","2006","78294524",
"1233","2014","2034812",
"1234","2003","2616319",
"1235","2022","299868509",
"1236","2009","832",
"1237","2020","481322",
"1238","1975","1",
"1239","2008","9275",
"1240","1995","712324522",
"1241","1997","138833794",
"1242","2001","1472842",
"1243","2011","0",
"1244","2010","78",
"1245","1975","962",
"1246","2005","262017203",
"1247","2023","88826411",
"1248","2005","54",
"1249","1984","734356",
"1250","1983","8899",
"1251","2007","614",
"1252","1982","0",
"1253","2010","104177139",
"1254","2024","97675",
"1255","1980","824088",
"1256","1982","86224",
"1257","1982","5801093",
"1258","2002","731960",
"1259","1988","0",
"1260","2020","15166",
"1261","2014","74588",
"1262","2002","44053",
"1263","2021","6",
"1264","2023","4",
"1265","1990","3",
"1266","2010","402816006",
"1267","2009","43",
"1268","1995","951907924",
"1269","1979","9838",
"1270","1982","2718314",
"1271","2012","2087",
"1272","1993","94402542",
"1273","2025","6664523",
"1274","1992","9166922",
"1275","1981","9",
"1276","1988","167027",
"1277","2012","7078",
"1278","2009","646283277",
"1279","2007","121038",
"1280","1987","2624875",
"1281","2006","6",
"1282","2020","18522",
"1283","2017","261039",
"1284","2014","161945966",
"1285","1976","127",
"1286","2005","820330577",
"1287","2001","5185",
"1288","1997","28239140",
"1289","2016","2723",
"1290","2003","5581",
"1291","1979","32",
"1292","2023","6321815",
"1293","2014","282",
"1294","1975","66377396",
"1295","2003","94357",
"1296","2017","510",
"1297","2017","662222",
"1298","1986","957",
"1299","1982","39",
"1300","1973","1",
"1301","2013","568837",
"1302","2009","96",
"1303","2003","22",
"1304","1985","9865",
"1305","1971","31068",
"1306","2007","31963315",
"1307","2022","955",
"1308","1980","66",
"1309","2006","198",
"1310","2014","44",
"1311","2000","7949300",
"1312","2013","3",
"1313","1984","322976560",
"1314","2002","0",
"1315","2019","131",
"1316","2014","0",
"1317","2013","694",
"1318","1989","95",
"1319","2003","367",
"1320","1976","0",
"1321","1984","59782594",
"1322","1993","24812372",
"1323","1984","7",
"1324","2008","46813",
"1325","1993","362379082",
"1326","1994","922610509",
"1327","1971","0",
"1328","2023","6429",
"1329","2009","20402765",
"1330","2020","10",
"1331","2015","18",
"1332","2020","797357",
"1333","1995","643061907",
"1334","1982","12147",
"1335","2019","86647",
"1336","1996","23595",
"1337","1992","71",
"1338","2003","49721452",
"1339","2012","21897302",
"1340","2018","31885334",
"1341","2001","5008",
"1342","2014","91",
"1343","2019","2913744",
"1344","1980","7",
"1345","1981","0",
"1346","2022","68868",
"1347","1992","8",
"1348","1984","303604096",
"1349","1983","8787",
"1350","2005","5608242",
"1351","1983","89948",
"1352","1993","0",
"1353","1999","185",
"1354","2021","87134606",
"1355","1972","638445419",
"1356","2020","0",
"1357","1970","5",
"1358","1984","7096",
"1359","2001","575799",
"1360","2013","654634104",
"1361","1984","1394697",
"1362","2025","416236822",
"1363","1989","256382",
"1364","2013","0",
"1365","2024","0",
"1366","2025","8227",
"1367","1993","443419824",
"1368","2003","16740966",
"1369","2005","134124920",
"1370","2013","27950261",
"1371","2019","414",
"1372","1978","329139",
"1373","2021","7095291",
"1374","1983","103",
"1375","1981","8",
"1376","2008","2",
"1377","1989","69092939",
"1378","2009","29075",
"1379","1982","0",
"1380","1985","20734059",
"1381","1988","11",
"1382","2011","184736",
"1383","1987","52",
"1384","1999","0",
"1385","1979","577365",
"1386","2012","7964",
"1387","2006","84706757",
"1388","2010","9",
"1389","1979","59838090",
"1390","1972","4491789",
"1391","1983","9196182",
"1392","1997","0",
"1393","2018","5449314",
"1394","2003","612",
"1395","2016","637486150",
"1396","1994","693215",
"1397","2025","6939510",
"1398","1981","644317",
"1399","2019","85",
"1400","2012","77483379",
"1401","1975","169009",
"1402","2021","0",
"1403","2006","766601",
"1404","1998","37509",
"1405","1989","4",
"1406","1975","623117",
"1407","1994","69809397",
"1408","1994","297",
"1409","2014","76285",
"1410","1983","774312",
"1411","1980","745403254",
"1412","2006","0",
"1413","2014","193368421",
"1414","1980","406386",
"1415","2020","6708",
"1416","1975","2679",
"1417","2004","8035110",
"1418","1994","26040103",
"1419","2001","1869469",
"1420","1995","0",
"1421","1993","1",
"1422","1972","419096",
"1423","1995","35457",
"1424","1998","80195662",
"1425","2021","39489837",
"1426","2000","465237285",
"1427","2003","3",
"1428","1972","725144857",
"1429","2011","38354",
"1430","2010","0",
"1431","1996","340",
"1432","2018","599218",
"1433","1991","1381",
"1434","1984","192",
"1435","1986","1025",
"1436","2003","6",
"1437","2009","714591451",
"1438","1978","0",
"1439","1996","143",
"1440","2022","316212",
"1441","2006","17194",
"1442","1988","1",
"1443","1987","25",
"1444","2004","133838572",
"1445","1982","203704",
"1446","2007","114763953",
"1447","2010","858247",
"1448","1982","937",
"1449","2014","8",
"1450","2018","39",
"1451","2011","8264970",
"1452","2002","191",
"1453","1973","829889",
"1454","1996","6101085",
"1455","1989","393064359",
"1456","2017","9524467",
"1457","1998","75",
"1458","2013","9",
"1459","2000","7",
"1460","1972","75658",
"1461","1986","383060137",
"1462","2016","488891",
"1463","1990","251",
"1464","2021","522488008",
"1465","2015","94291819",
"1466","2019","59443",
"1467","2007","4547",
"1468","1981","693",
"1469","1973","937113256",
"1470","2021","9089657",
"1471","2021","380676418",
"1472","2012","0",
"1473","1972","0",
"1474","2020","938",
"1475","2004","94353",
"1476","1987","5",
"1477","1995","77534557",
"1478","2004","844854455",
"1479","2016","24",
"1480","1977","874461",
"1481","2021","3151",
"1482","2008","880",
"1483","1993","31",
"1484","2009","6050158",
"1485","1988","47197",
"1486","2003","22048273",
"1487","1994","71208452",
"1488","1995","0",
"1489","1995","0",
"1490","1989","2",
"1491","2002","52",
"1492","1989","716915",
"1493","1997","2649",
"1494","1996","266057335",
"1495","1997","7764534",
"1496","2017","62",
"1497","2020","0",
"1498","2018","0",
"1499","1996","270587",
"1500","2010","63",
"1501","1990","5378",
"1502","2009","52593",
"1503","2018","0",
"1504","2018","6394",
"1505","2021","37",
"1506","1995","50",
"1507","2025","3",
"1508","1987","79",
"1509","1975","758",
"1510","2005","26103185",
"1511","1978","387",
"1512","2001","3363087",
"1513","2004","0",
"1514","1980","17180925",
"1515","2016","56354691",
"1516","2008","997725",
"1517","2017","3982009",
"1518","1989","59",
"1519","1983","47193",
"1520","1978","94954102",
"1521","1973","67166",
"1522","2022","71554446",
"1523","1973","8036219",
"1524","2000","27",
"1525","2022","34930573",
"1526","1996","250671059",
"1527","1983","778",
"1528","1973","148433",
"1529","1994","792",
"1530","1985","8594",
"1531","2007","9828874",
"1532","1978","69419341",
"1533","1982","47723",
"1534","1988","9811",
"1535","1974","91796001",
"1536","2000","14717668",
"1537","1978","2",
"1538","1991","64221",
"1539","1986","379",
"1540","2018","1517961",
"1541","2009","78356190",
"1542","2006","174",
"1543","1971","956",
"1544","1986","6050",
"1545","1975","0",
"1546","2016","0",
"1547","1993","432",
"1548","1997","86111824",
"1549","2022","7",
"1550","1993","155530",
"1551","1997","8",
"1552","2007","7",
"1553","1988","284338",
"1554","2025","14",
"1555","2015","0",
"1556","1989","70",
"1557","2007","8",
"1558","1997","102",
"1559","2006","7",
"1560","1973","93171111",
"1561","1985","0",
"1562","1985","740220704",
"1563","1998","3927",
"1564","1981","7665",
"1565","2016","99",
"1566","2018","0",
"1567","2013","0",
"1568","2019","554",
"1569","1999","5",
"1570","2019","92929684",
"1571","2017","1052",
"1572","2001","9531316",
"1573","1994","114447",
"1574","2022","55",
"1575","2023","114",
"1576","2018","775473",
"1577","2011","7",
"1578","2025","73",
"1579","1977","364795037",
"1580","2018","23",
"1581","1981","525649009",
"1582","2011","168",
"1583","2002","531950809",
"1584","1982","0",
"1585","1980","0",
"1586","1976","62754083",
"1587","1990","0",
"1588","1995","0",
"1589","1988","93626",
"1590","2011","610291",
"1591","2000","53869967",
"1592","1984","752296",
"1593","1997","0",
"1594","1979","552",
"1595","1998","183720",
"1596","2001","90085",
"1597","2019","59482",
"1598","2025","43874434",
"1599","2000","356",
"1600","2008","70",
"1601","1971","51762",
"1602","2002","1",
"1603","2000","7",
"1604","1972","42553",
"1605","2002","223215447",
"1606","2019","0",
"1607","1977","515467",
"1608","2000","79",
"1609","1984","0",
"1610","1980","831190",
"1611","1987","35273929",
"1612","1976","7638329",
"1613","1978","5",
"1614","2021","175",
"1615","2000","922112636",
"1616","2019","830240",
"1617","2000","518222",
"1618","1988","926623",
"1619","1992","0",
"1620","2011","6",
"1621","2014","17",
"1622","1999","48721",
"1623","2019","0",
"1624","1989","7248",
"1625","2011","14918082",
"1626","1999","3184928",
"1627","1971","4",
"1628","1981","7942138",
"1629","2003","4398387",
"1630","2023","690144",
"1631","1973","953392",
"1632","1980","468650",
"1633","1990","3051619",
"1634","1976","4",
"1635","2014","1529",
"1636","1993","1136",
"1637","1973","0",
"1638","1971","6810",
"1639","1997","7913",
"1640","2018","535",
"1641","2022","843981248",
"1642","1975","2",
"1643","2012","34300",
"1644","2019","32618",
"1645","1970","9268139",
"1646","2010","9",
"1647","1982","954893",
"1648","2002","9063146",
"1649","2004","13",
"1650","1973","34",
"1651","2025","4657",
"1652","1997","21397",
"1653","1986","2",
"1654","2007","62397",
"1655","1973","0",
"1656","1974","31124",
"1657","1987","4988",
"1658","1971","906",
"1659","2010","10",
"1660","1987","42",
"1661","2005","4",
"1662","1971","0",
"1663","2021","8235220",
"1664","2020","815743508",
"1665","1992","470174",
"1666","1998","47",
"1667","1994","1817",
"1668","1984","327",
"1669","2014","22",
"1670","1985","29013829",
"1671","2018","19311107",
"1672","2008","24585886",
"1673","1977","447",
"1674","2005","632737",
"1675","1983","6",
"1676","1996","358996",
"1677","1984","1068",
"1678","1975","2",
"1679","1975","11126",
"1680","2005","511",
"1681","1982","68",
"1682","2013","0",
"1683","1974","0",
"1684","2012","81",
"1685","1975","0",
"1686","1993","4830",
"1687","2000","5588",
"1688","2006","1",
"1689","2019","573245",
"1690","1978","55",
"1691","2020","550067",
"1692","2016","973892462",
"1693","1983","183548848",
"1694","2012","4394",
"1695","2000","74263519",
"1696","2013","17327",
"1697","2025","1",
"1698","2010","593758",
"1699","2008","5",
"1700","1996","0",
"1701","1984","9965122",
"1702","1975","151460",
"1703","1972","2661342",
"1704","2023","3",
"1705","2020","173739014",
"1706","1979","298",
"1707","1981","5478",
"1708","1972","600130",
"1709","2022","85",
"1710","2009","9155492",
"1711","2011","0",
"1712","1975","59",
"1713","1974","3583",
"1714","2002","1557866",
"1715","2005","22476",
"1716","2005","0",
"1717","2010","97212892",
"1718","1980","3",
"1719","2016","5",
"1720","1970","493506843",
"1721","2004","250",
"1722","2017","0",
"1723","2019","30155",
"1724","1990","426103",
"1725","2005","3",
"1726","1987","55",
"1727","1976","721",
"1728","1978","0",
"1729","2013","5244287",
"1730","2006","74950",
"1731","2020","42403",
"1732","2012","0",
"1733","1975","97",
"1734","2009","7637601",
"1735","2023","9681",
"1736","2013","3572",
"1737","2019","48",
"1738","1977","25008",
"1739","2003","736176816",
"1740","2013","12174972",
"1741","1990","32357",
"1742","2010","0",
"1743","2005","95369254",
"1744","1996","524",
"1745","2012","92995220",
"1746","1985","6276",
"1747","1980","86",
"1748","2013","651355",
"1749","2025","17139",
"1750","1977","3",
"1751","1978","90",
"1752","1998","5147",
"1753","2010","0",
"1754","1973","62899096",
"1755","2019","631876791",
"1756","2019","96",
"1757","2001","4",
"1758","2009","1",
"1759","1979","20366",
"1760","2011","4126471",
"1761","2020","14",
"1762","2012","35389779",
"1763","2016","3600",
"1764","2017","0",
"1765","1981","87817427",
"1766","1986","8859017",
"1767","1970","418327583",
"1768","2001","746",
"1769","2024","722",
"1770","2003","16413777",
"1771","2024","731247715",
"1772","2013","0",
"1773","2015","4151",
"1774","1984","18",
"1775","1977","6280",
"1776","2002","0",
"1777","1994","32554",
"1778","2021","1426",
"1779","2009","67",
"1780","1976","315741",
"1781","1996","704249",
"1782","1989","50272886",
"1783","2005","5527",
"1784","2007","509526",
"1785","1975","7",
"1786","2010","611726",
"1787","1997","554177766",
"1788","1990","157004",
"1789","1979","9893557",
"1790","1978","283",
"1791","1989","624568",
"1792","1994","28338",
"1793","2004","410",
"1794","1993","4196",
"1795","1985","980681",
"1796","1985","510183580",
"1797","2019","260606256",
"1798","2000","33",
"1799","2023","579736923",
"1800","1979","2",
"1801","2000","33098961",
"1802","2018","0",
"1803","2011","77",
"1804","2007","66917",
"1805","1974","419",
"1806","1981","693",
"1807","2010","671858",
"1808","1980","2",
"1809","1981","0",
"1810","2005","5",
"1811","2025","915595942",
"1812","1997","0",
"1813","1978","44573",
"1814","1975","9424",
"1815","2022","105",
"1816","1996","6235309",
"1817","1975","10242275",
"1818","2005","2",
"1819","2008","6",
"1820","2004","19017408",
"1821","1974","0",
"1822","1972","871",
"1823","2025","1791",
"1824","2024","3610392",
"1825","2023","22879",
"1826","2022","0",
"1827","1999","810701692",
"1828","2016","762",
"1829","2016","704",
"1830","1997","4",
"1831","2018","82883536",
"1832","2010","91307",
"1833","1984","9181356",
"1834","2000","703936",
"1835","1993","407435894",
"1836","1996","9",
"1837","1984","928",
"1838","1976","9013362",
"1839","1971","0",
"1840","1981","1411911",
"1841","1970","9504483",
"1842","2013","852",
"1843","2011","633",
"1844","2017","922740274",
"1845","1980","56029",
"1846","2001","697326644",
"1847","1983","66840",
"1848","1993","28088",
"1849","2024","7",
"1850","1973","56",
"1851","2008","0",
"1852","2013","60641168",
"1853","1978","4",
"1854","2022","485",
"1855","1973","5397502",
"1856","1991","5203433",
"1857","2012","2",
"1858","1971","2156630",
"1859","1998","7",
"1860","2002","94",
"1861","2025","78103623",
"1862","1999","9733089",
"1863","1997","1081",
"1864","1989","3",
"1865","1990","21085",
"1866","2023","545683039",
"1867","1976","640192",
"1868","2010","510177",
"1869","1996","474",
"1870","1999","957",
"1871","1981","200459",
"1872","1973","71039308",
"1873","1993","67",
"1874","2005","47572",
"1875","2021","67633",
"1876","1970","3618120",
"1877","2013","0",
"1878","2001","6283190",
"1879","1994","2",
"1880","1991","69967",
"1881","2025","1",
"1882","2017","0",
"1883","2007","7323",
"1884","2009","92504886",
"1885","1997","42122500",
"1886","2023","4",
"1887","2009","717383025",
"1888","2003","416938642",
"1889","1996","71",
"1890","1994","62582200",
"1891","2011","0",
"1892","1974","542",
"1893","1972","4529",
"1894","1976","0",
"1895","2018","31501",
"1896","1973","349406219",
"1897","1982","0",
"1898","1990","984",
"1899","2015","2100",
"1900","2007","674333",
"1901","2022","525",
"1902","2002","352",
"1903","1992","929506",
"1904","2000","7861846",
"1905","1985","384473",
"1906","1970","0",
"1907","1973","68837",
"1908","2000","9",
"1909","1977","2254184",
"1910","2023","534715886",
"1911","1981","6576",
"1912","1996","886319",
"1913","1992","1677430",
"1914","1987","74485",
"1915","1990","26",
"1916","2008","245123",
"1917","1999","93",
"1918","2016","552741",
"1919","2004","4495344",
"1920","2017","56811487",
"1921","1988","835988799",
"1922","1976","885243351",
"1923","1978","9185928",
"1924","2000","8202",
"1925","1983","128725493",
"1926","2007","8",
"1927","2026","47404285",
"1928","2024","754425",
"1929","2013","8196637",
"1930","1991","43265261",
"1931","1995","360193",
"1932","1974","790814467",
"1933","1980","25672",
"1934","1986","9",
"1935","1970","3203541",
"1936","1981","513142102",
"1937","2012","337385",
"1938","1973","18154",
"1939","1975","60689",
"1940","1981","4520008",
"1941","2015","575",
"1942","2021","4898589",
"1943","2008","910700",
"1944","1989","879596715",
"1945","1992","7891958",
"1946","1989","0",
"1947","1974","243",
"1948","1986","84441647",
"1949","2016","198295953",
"1950","2008","15140",
"1951","1970","7677",
"1952","2018","0",
"1953","1972","6146",
"1954","1975","348067",
"1955","2023","0",
"1956","2011","861439297",
"1957","1982","252152866",
"1958","1986","173963",
"1959","1978","68",
"1960","1984","80",
"1961","1987","5",
"1962","2012","9",
"1963","1984","75903711",
"1964","2023","0",
"1965","2012","600089564",
"1966","1978","68443761",
"1967","2008","29",
"1968","2017","4662310",
"1969","1975","79061601",
"1970","1985","38",
"1971","2023","8033",
"1972","2008","629",
"1973","1971","43668",
"1974","2013","96",
"1975","2017","9506",
"1976","1975","6",
"1977","1996","851930",
"1978","1974","3530683",
"1979","2024","8939297",
"1980","1970","1068997",
"1981","2009","838",
"1982","1998","6096",
"1983","2005","91705",
"1984","1984","0",
"1985","1994","1661001",
"1986","2021","565020",
"1987","1993","187",
"1988","1971","9644",
"1989","2005","743",
"1990","1978","69669",
"1991","1996","8",
"1992","1997","630",
"1993","1996","6249",
"1994","1999","0",
"1995","2004","76932852",
"1996","1983","74705707",
"1997","1986","858834112",
"1998","1987","60635761",
"1999","2011","0",
"2000","1995","28727",
"2001","1999","33712",
"2002","1988","343514389",
"2003","2008","388288635",
"2004","2000","0",
"2005","1985","6845078",
"2006","1994","0",
"2007","1995","0",
"2008","1978","8121001",
"2009","1998","56982",
"2010","2019","9",
"2011","1988","285298101",
"2012","2017","261",
"2013","2011","82320",
"2014","2009","698995873",
"2015","1972","0",
"2016","1987","20",
"2017","2003","0",
"2018","1981","9676083",
"2019","2023","24",
"2020","1998","21880",
"2021","1984","58",
"2022","1988","162",
"2023","2013","10099295",
"2024","1987","9300",
"2025","1982","63",
"2026","1994","2684133",
"2027","2011","831",
"2028","1984","6211",
"2029","2025","0",
"2030","2018","887112335",
"2031","1991","99402839",
"2032","2000","464727746",
"2033","2021","2885",
"2034","2017","4",
"2035","1983","67386736",
"2036","1990","6",
"2037","1971","0",
"2038","2023","37",
"2039","1999","2827",
"2040","1983","76996936",
"2041","1983","45636808",
"2042","1997","69",
"2043","1979","54",
"2044","1993","93724",
"2045","1980","1",
"2046","2015","982191",
"2047","1993","561",
"2048","2001","0",
"2049","1990","6243317",
"2050","2014","244513327",
"2051","1989","0",
"2052","1978","41485",
"2053","2013","388219775",
"2054","2016","554",
"2055","1985","0",
"2056","1999","5",
"2057","2023","0",
"2058","1976","82709",
"2059","1979","72631686",
"2060","1973","4149",
"2061","1976","0",
"2062","1985","67278219",
"2063","2024","784520346",
"2064","1996","0",
"2065","1983","8",
"2066","1995","0",
"2067","1976","1",
"2068","2016","7784",
"2069","2001","27049",
"2070","1973","58",
"2071","1999","32609",
"2072","2000","448",
"2073","2002","418189863",
"2074","1986","55895249",
"2075","1998","13226937",
"2076","1986","18619383",
"2077","2011","45",
"2078","2020","197590299",
"2079","2016","63026292",
"2080","2015","6",
"2081","1995","11682",
"2082","2017","95",
"2083","2011","34610540",
"2084","1985","94515949",
"2085","2018","69679639",
"2086","1989","9",
"2087","2013","7741",
"2088","1981","540966",
"2089","2006","7",
"2090","2010","58",
"2091","1993","0",
"2092","2010","0",
"2093","2021","0",
"2094","1998","3",
"2095","1981","33168",
"2096","2025","21681",
"2097","1970","36",
"2098","1976","25",
"2099","1983","87000",
"2100","2014","4733",
"2101","1978","519",
"2102","2009","4484910",
"2103","2016","9401",
"2104","1989","784577",
"2105","2011","4",
"2106","1989","150",
"2107","1975","57407",
"2108","2025","224603",
"2109","2008","116149",
"2110","1987","94947369",
"2111","2015","277643356",
"2112","1998","9812769",
"2113","1978","4",
"2114","1993","29",
"2115","2024","8628",
"2116","1984","596485129",
"2117","1998","94091082",
"2118","1982","5768",
"2119","1971","1836421",
"2120","1970","16295854",
"2121","1979","70475097",
"2122","1977","100",
"2123","1978","63238",
"2124","1973","0",
"2125","1999","39967033",
"2126","2025","3644958",
"2127","1990","6465",
"2128","2012","808",
"2129","2013","86",
"2130","1974","34818",
"2131","1998","510737",
"2132","2020","37",
"2133","2018","7165599",
"2134","2000","1763226",
"2135","1996","9598",
"2136","1974","3",
"2137","1979","2329",
"2138","1971","8262633",
"2139","1996","67",
"2140","1978","499",
"2141","1990","7538577",
"2142","1978","5",
"2143","2005","0",
"2144","2013","94143",
"2145","2010","6811",
"2146","2005","2",
"2147","1995","18",
"2148","1997","504",
"2149","1979","379437",
"2150","1995","0",
"2151","1993","723858",
"2152","2017","84272322",
"2153","2017","47",
"2154","1979","6447352",
"2155","1996","60170284",
"2156","1974","0",
"2157","2011","57666",
"2158","1998","50520831",
"2159","1989","55751346",
"2160","2000","7",
"2161","1984","364705342",
"2162","2020","518",
"2163","1973","95402",
"2164","2020","36936",
"2165","2021","0",
"2166","2018","712845",
"2167","2011","27097461",
"2168","2019","3064",
"2169","2025","1786344",
"2170","1971","94991236",
"2171","1994","932",
"2172","2023","37519",
"2173","2017","9",
"2174","2022","1957354",
"2175","2020","1",
"2176","2018","0",
"2177","2018","28083",
"2178","1988","17183560",
"2179","1979","3832700",
"2180","2024","394",
"2181","1993","0",
"2182","1999","804594",
"2183","1994","40805723",
"2184","1999","79727",
"2185","2017","95",
"2186","1996","69",
"2187","2012","8",
"2188","2008","428458",
"2189","2006","0",
"2190","2022","640719",
"2191","1990","2373790",
"2192","2005","572875",
"2193","2007","371063",
"2194","1975","2",
"2195","1990","4428808",
"2196","2001","12162767",
"2197","2014","7",
"2198","1974","0",
"2199","1995","9253",
"2200","1998","87333",
"2201","1995","524",
"2202","1972","1228",
"2203","1982","72617834",
"2204","2002","923655513",
"2205","2017","95018538",
"2206","1970","118698",
"2207","1971","8256",
"2208","2003","46",
"2209","2006","11514",
"2210","2007","699991650",
"2211","1972","397",
"2212","1996","582649970",
"2213","2009","14690066",
"2214","1998","0",
"2215","2005","915279859",
"2216","2019","369",
"2217","1977","4251",
"2218","1975","42",
"2219","2018","90168",
"2220","2006","31",
"2221","1976","377243",
"2222","2013","155194401",
"2223","2007","34",
"2224","2005","2463",
"2225","2019","4962467",
"2226","2005","169278154",
"2227","1998","0",
"2228","1976","80698",
"2229","1996","0",
"2230","2015","130746708",
"2231","2017","79767",
"2232","1991","4724569",
"2233","2008","1498693",
"2234","2016","0",
"2235","2013","970307",
"2236","1971","62854156",
"2237","2023","61038",
"2238","1996","295426",
"2239","1991","27955344",
"2240","1994","861",
"2241","2013","17442496",
"2242","2016","9",
"2243","1979","421",
"2244","1982","8",
"2245","1992","612255",
"2246","2001","205",
"2247","2002","359",
"2248","2000","991778967",
"2249","2025","514794",
"2250","1990","2",
"2251","2002","22",
"2252","2002","2",
"2253","1990","9499",
"2254","2010","58376546",
"2255","2010","0",
"2256","1987","3456",
"2257","2017","0",
"2258","2001","6",
"2259","2014","810997296",
"2260","2007","936",
"2261","2005","783",
"2262","2018","378",
"2263","1986","90857879",
"2264","1976","7",
"2265","1982","93487285",
"2266","2018","0",
"2267","2017","16934",
"2268","1978","49686",
"2269","1986","568",
"2270","1990","4",
"2271","1988","211",
"2272","2010","90",
"2273","2022","680284",
"2274","2004","0",
"2275","2014","1",
"2276","2015","979",
"2277","1991","1",
"2278","1995","364",
"2279","2024","2023",
"2280","1979","3818",
"2281","2013","88501",
"2282","2003","9095",
"2283","2019","865",
"2284","1992","0",
"2285","1979","331143",
"2286","2019","882492",
"2287","2023","0",
"2288","1974","7072",
"2289","2007","92",
"2290","1973","748696483",
"2291","1977","860",
"2292","1998","64958726",
"2293","1993","809078",
"2294","2016","99",
"2295","1977","98205459",
"2296","1971","3100",
"2297","1977","68719",
"2298","2005","1142385",
"2299","2004","994",
"2300","2017","2181970",
"2301","1981","96060",
"2302","2012","8",
"2303","2016","84470997",
"2304","1983","4676605",
"2305","2019","9",
"2306","1977","142965144",
"2307","2017","29",
"2308","1993","0",
"2309","1997","761311688",
"2310","2007","66",
"2311","2017","330",
"2312","1995","27894",
"2313","1988","81",
"2314","1971","891747",
"2315","2002","463362952",
"2316","1984","5648",
"2317","1980","7",
"2318","1998","963053",
"2319","2003","7232",
"2320","1997","2",
"2321","1996","467",
"2322","1987","1987094",
"2323","1986","80334592",
"2324","2010","1407140",
"2325","1995","0",
"2326","1982","993441865",
"2327","1999","78873455",
"2328","1997","8302012",
"2329","1982","611",
"2330","1988","922",
"2331","2012","84055286",
"2332","2023","794",
"2333","1972","3",
"2334","2004","94461276",
"2335","2003","0",
"2336","1982","0",
"2337","1985","65",
"2338","2006","3008848",
"2339","2005","8",
"2340","1989","4",
"2341","2010","24405741",
"2342","2018","225626",
"2343","2006","0",
"2344","1993","412848",
"2345","2015","0",
"2346","1995","8213826",
"2347","1978","416445",
"2348","1990","893922894",
"2349","1996","2862",
"2350","1979","8226",
"2351","2024","629",
"2352","1987","1",
"2353","2000","31414405",
"2354","2015","1423742",
"2355","1981","932028851",
"2356","2014","56",
"2357","1987","75364",
"2358","1986","778081",
"2359","2000","6658048",
"2360","1979","151",
"2361","1997","78",
"2362","1971","5204",
"2363","1995","143871544",
"2364","2019","0",
"2365","1995","1119383",
"2366","1987","98",
"2367","2003","3953481",
"2368","2013","92478003",
"2369","2011","91",
"2370","2000","37",
"2371","1987","7787",
"2372","2020","588848723",
"2373","2013","589528656",
"2374","2021","0",
"2375","2007","89",
"2376","1973","11188933",
"2377","2020","60",
"2378","2005","177",
"2379","1985","0",
"2380","1972","2705",
"2381","1970","6425698",
"2382","2010","0",
"2383","2003","300",
"2384","1992","2353",
"2385","1995","1069",
"2386","2017","69509",
"2387","1972","177914",
"2388","1978","521207",
"2389","2020","67",
"2390","1989","44",
"2391","1970","82862124",
"2392","2025","0",
"2393","1991","5692",
"2394","2006","0",
"2395","1987","853201352",
"2396","2012","95796970",
"2397","2012","9174378",
"2398","1975","738",
"2399","1983","768",
"2400","1976","19",
"2401","1973","0",
"2402","2023","33838",
"2403","1973","542066249",
"2404","2013","0",
"2405","2002","989816",
"2406","1995","5123321",
"2407","2011","5",
"2408","1980","628539",
"2409","1971","851219204",
"2410","1978","75450",
"2411","1977","492",
"2412","2000","404167",
"2413","1997","952",
"2414","2007","7940508",
"2415","2024","5569407",
"2416","1972","5",
"2417","2010","706683470",
"2418","2008","32580040",
"2419","1984","323674245",
"2420","2010","919",
"2421","2004","42880992",
"2422","1973","7330010",
"2423","1977","28210",
"2424","1985","0",
"2425","2013","76007",
"2426","1974","47",
"2427","2000","77459",
"2428","1998","2047825",
"2429","1989","817132598",
"2430","1985","493016978",
"2431","1981","3804",
"2432","2011","346717126",
"2433","1991","2388007",
"2434","1983","23256",
"2435","2004","21",
"2436","2012","915188",
"2437","2021","7515580",
"2438","2012","10113759",
"2439","1987","3088088",
"2440","2003","765",
"2441","2012","2",
"2442","2008","35",
"2443","1988","5",
"2444","2022","341189815",
"2445","2005","7440",
"2446","2009","18",
"2447","2005","0",
"2448","2011","27",
"2449","1976","75",
"2450","2002","0",
"2451","2000","62704",
"2452","1981","9611",
"2453","1979","4",
"2454","1990","0",
"2455","1981","29856007",
"2456","1977","63",
"2457","2016","22133",
"2458","2005","5269019",
"2459","2010","776044",
"2460","2002","3124553",
"2461","2019","5626",
"2462","1983","5",
"2463","1999","117563",
"2464","2003","1",
"2465","2003","26",
"2466","1976","3702645",
"2467","2019","0",
"2468","2007","0",
"2469","2017","124946155",
"2470","1985","64576",
"2471","1975","7563123",
"2472","1989","396907",
"2473","2005","85047242",
"2474","2005","703118",
"2475","1978","8",
"2476","2011","97781",
"2477","1996","6542505",
"2478","1986","3",
"2479","2016","13760",
"2480","2022","722",
"2481","2020","635927696",
"2482","2004","521",
"2483","1980","51118116",
"2484","1999","21711825",
"2485","1982","1056",
"2486","1970","5723028",
"2487","2001","66",
"2488","2019","0",
"2489","2004","28",
"2490","2009","24126",
"2491","2004","7610792",
"2492","1970","44",
"2493","1995","961492910",
"2494","1999","41258612",
"2495","2024","4463943",
"2496","2011","1",
"2497","1971","61482555",
"2498","2012","52825732",
"2499","2003","552805",
"2500","1996","675",
"2501","1977","485",
"2502","2007","306",
"2503","1980","52657803",
"2504","1976","73",
"2505","2015","9",
"2506","1995","11",
"2507","1994","3940",
"2508","1986","6065667",
"2509","1996","38",
"2510","1971","26708",
"2511","2005","10",
"2512","1989","0",
"2513","1987","9675835",
"2514","1987","9100",
"2515","1982","53785937",
"2516","1972","6",
"2517","2022","1",
"2518","1997","1828393",
"2519","1993","0",
"2520","2023","0",
"2521","2014","49",
"2522","2013","880301963",
"2523","1993","70395968",
"2524","2006","21",
"2525","2024","53422",
"2526","1983","4246588",
"2527","1992","1466892",
"2528","1992","126976",
"2529","1984","7",
"2530","2023","5508152",
"2531","2019","8",
"2532","2019","4",
"2533","1984","0",
"2534","1977","0",
"2535","2015","89592619",
"2536","1980","771",
"2537","2000","580",
"2538","2014","864430",
"2539","2004","7888925",
"2540","2020","622162442",
"2541","1989","42386524",
"2542","1995","0",
"2543","1994","85230",
"2544","2018","338631067",
"2545","2023","64526073",
"2546","2005","555",
"2547","2009","43713",
"2548","1989","5364587",
"2549","2021","6",
"2550","2018","61231961",
"2551","2022","78532945",
"2552","1979","289545",
"2553","1973","323476",
"2554","2012","743225180",
"2555","1990","3708811",
"2556","1992","52",
"2557","2009","16645",
"2558","2002","9760",
"2559","1991","333582",
"2560","2010","4083327",
"2561","1972","2",
"2562","2008","196043",
"2563","1973","0",
"2564","1971","0",
"2565","2009","14138152",
"2566","2021","6374",
"2567","2025","508773805",
"2568","1984","0",
"2569","2010","57969997",
"2570","1986","0",
"2571","2004","177",
"2572","2008","702118",
"2573","2003","308443283",
"2574","2005","9171250",
"2575","1973","34722644",
"2576","1977","21210212",
"2577","1977","4",
"2578","2015","11348",
"2579","1975","413920356",
"2580","1972","0",
"2581","2014","36044",
"2582","2001","2",
"2583","1975","626533014",
"2584","1986","754361781",
"2585","1991","4",
"2586","2012","712050",
"2587","1989","5",
"2588","1970","24953",
"2589","1996","80337017",
"2590","1995","695555934",
"2591","1997","367",
"2592","2015","0",
"2593","2006","0",
"2594","2012","66661147",
"2595","1983","6",
"2596","2021","9339",
"2597","2018","0",
"2598","1985","1377594",
"2599","1973","171",
"2600","2014","5",
"2601","1974","7893",
"2602","1996","368451",
"2603","2021","34238",
"2604","1971","583945645",
"2605","1972","539457",
"2606","2010","1",
"2607","2007","6341082",
"2608","2017","2461",
"2609","1984","803392",
"2610","1999","50186763",
"2611","2010","98260239",
"2612","1983","17168986",
"2613","1972","0",
"2614","2005","0",
"2615","2022","168",
"2616","1981","445515619",
"2617","2013","0",
"2618","1995","1",
"2619","1990","98",
"2620","1978","3511",
"2621","1999","942",
"2622","1970","0",
"2623","2020","37993804",
"2624","2000","40",
"2625","2001","0",
"2626","1973","75559",
"2627","2015","307834",
"2628","1973","0",
"2629","1991","36514",
"2630","2006","8612",
"2631","1994","75251",
"2632","1973","2608",
"2633","1998","532625146",
"2634","2004","8502097",
"2635","1986","444854",
"2636","1983","0",
"2637","2005","0",
"2638","2011","347237713",
"2639","1984","304",
"2640","1983","25238",
"2641","1976","6696505",
"2642","2001","0",
"2643","1997","94359385",
"2644","1994","8672",
"2645","2013","330",
"2646","1978","2256608",
"2647","2005","8138",
"2648","2024","2579",
"2649","1983","0",
"2650","1980","8",
"2651","1987","43500",
"2652","2009","97",
"2653","2010","0",
"2654","2001","6816090",
"2655","2021","1887",
"2656","2015","0",
"2657","1973","228",
"2658","1996","25",
"2659","1983","435",
"2660","1976","6504739",
"2661","2015","783",
"2662","2008","72023",
"2663","1981","82838434",
"2664","1974","20062174",
"2665","2005","885",
"2666","2015","69",
"2667","1986","0",
"2668","2022","424108195",
"2669","1978","1",
"2670","1997","4",
"2671","2011","837048855",
"2672","2013","95",
"2673","2006","78528237",
"2674","2022","0",
"2675","2024","886",
"2676","1991","61928",
"2677","2016","798163165",
"2678","1973","8",
"2679","1971","5572837",
"2680","2025","8",
"2681","1982","680",
"2682","2004","630633",
"2683","1996","76",
"2684","1988","407921",
"2685","2019","66",
"2686","2011","524",
"2687","2004","473946",
"2688","1981","6",
"2689","2002","4154853",
"2690","2002","99",
"2691","2007","863855233",
"2692","1992","51927405",
"2693","2021","9983",
"2694","1986","7003508",
"2695","2000","362",
"2696","2007","216422230",
"2697","2015","217024",
"2698","1975","2",
"2699","1987","5866571",
"2700","1986","15",
"2701","2025","655895915",
"2702","1972","1394632",
"2703","1976","6841",
"2704","1997","995",
"2705","2020","7573",
"2706","2011","79",
"2707","1982","4317",
"2708","2000","892",
"2709","2017","560",
"2710","1973","688",
"2711","1991","7115",
"2712","1985","9139",
"2713","1975","80495297",
"2714","2012","55997",
"2715","1996","7630727",
"2716","1976","3283140",
"2717","2007","255",
"2718","2015","95911894",
"2719","1980","625584",
"2720","1971","2",
"2721","1993","532876813",
"2722","1984","4454",
"2723","1996","4782",
"2724","2012","956082732",
"2725","1983","145861",
"2726","1974","1377",
"2727","1989","554686",
"2728","2017","7689383",
"2729","2002","7215621",
"2730","2004","949561190",
"2731","2002","37070905",
"2732","2000","5929464",
"2733","1972","790259",
"2734","2016","436482",
"2735","2009","140362",
"2736","2014","0",
"2737","1982","37684243",
"2738","2020","2461",
"2739","1998","21",
"2740","1974","55",
"2741","1999","0",
"2742","2003","39",
"2743","2006","88517757",
"2744","1981","4",
"2745","1999","0",
"2746","1999","9380996",
"2747","1992","54568794",
"2748","2002","7877627",
"2749","1998","268",
"2750","1971","835213374",
"2751","2020","6498283",
"2752","1984","82961",
"2753","2008","260",
"2754","2007","67848",
"2755","1988","5503",
"2756","1973","21793868",
"2757","1980","0",
"2758","2014","110205687",
"2759","1981","0",
"2760","2022","0",
"2761","2024","0",
"2762","1972","90",
"2763","1993","0",
"2764","1977","719794285",
"2765","1977","112017",
"2766","1971","0",
"2767","2004","205",
"2768","2007","374",
"2769","2017","6143",
"2770","2018","15",
"2771","1983","830188",
"2772","1980","58",
"2773","1987","9627915",
"2774","1987","603243653",
"2775","1972","836909",
"2776","2024","10545148",
"2777","2023","7602",
"2778","1992","822223",
"2779","1977","7",
"2780","1993","7042256",
"2781","1975","1458190",
"2782","1988","0",
"2783","1999","864863",
"2784","2023","9",
"2785","1993","8821",
"2786","2018","2625767",
"2787","1986","671483",
"2788","2010","9466582",
"2789","1979","11",
"2790","2021","6011",
"2791","2017","5962",
"2792","1977","5901",
"2793","2017","2",
"2794","2016","305445",
"2795","2003","3",
"2796","1996","8",
"2797","2014","268444361",
"2798","2025","1112727",
"2799","2015","903",
"2800","2004","62",
"2801","2014","769813414",
"2802","2017","4055",
"2803","1983","8687",
"2804","2007","0",
"2805","2011","7394883",
"2806","2013","51",
"2807","1995","36512533",
"2808","1994","56510",
"2809","1984","95418203",
"2810","1991","463537710",
"2811","1986","2784",
"2812","2002","87059762",
"2813","2005","200",
"2814","1996","2",
"2815","1994","66",
"2816","2022","685422",
"2817","2021","3",
"2818","1983","1025714",
"2819","1980","56236",
"2820","2007","0",
"2821","2014","125235192",
"2822","1999","374",
"2823","2007","55",
"2824","1991","0",
"2825","2015","0",
"2826","2018","0",
"2827","2008","30172",
"2828","1981","4",
"2829","2022","5",
"2830","2001","33",
"2831","1975","0",
"2832","1991","93101521",
"2833","1984","0",
"2834","2000","87195",
"2835","2010","188189",
"2836","1990","8184",
"2837","2025","8368472",
"2838","2022","14800",
"2839","2013","62172",
"2840","1975","39",
"2841","1973","3879",
"2842","1972","58",
"2843","1981","916953",
"2844","2024","0",
"2845","1996","5752",
"2846","2017","1992",
"2847","1980","198254",
"2848","2003","64811335",
"2849","1973","766",
"2850","2024","7765",
"2851","1999","8449",
"2852","1990","5",
"2853","2012","45",
"2854","2025","2",
"2855","1987","48571890",
"2856","1983","940516129",
"2857","2014","3",
"2858","2007","24198846",
"2859","2003","438192128",
"2860","2001","79",
"2861","1978","719264402",
"2862","1993","3053",
"2863","2010","0",
"2864","2004","884907210",
"2865","2009","48778",
"2866","1995","653",
"2867","2005","47458",
"2868","2025","98619103",
"2869","2002","235",
"2870","2020","8",
"2871","2008","236",
"2872","1993","97809",
"2873","2022","198984",
"2874","1988","24287590",
"2875","2003","69599",
"2876","1995","528",
"2877","2025","770",
"2878","2010","150673",
"2879","1992","0",
"2880","2023","0",
"2881","1986","6511780",
"2882","1993","588593882",
"2883","2011","93543657",
"2884","1976","102571",
"2885","2009","929754",
"2886","1983","1992424",
"2887","2002","7",
"2888","2024","327",
"2889","1975","4050",
"2890","2007","754",
"2891","2025","834089",
"2892","1970","16",
"2893","1985","3278786",
"2894","2006","95042323",
"2895","2021","310141816",
"2896","2017","9888",
"2897","1974","574991",
"2898","1997","266920233",
"2899","1982","74",
"2900","1988","561638",
"2901","1979","73",
"2902","2016","12",
"2903","1999","2612189",
"2904","1977","387",
"2905","2020","416853",
"2906","2003","298628",
"2907","2018","19356275",
"2908","2009","4362",
"2909","2004","684",
"2910","1998","19957",
"2911","1973","1",
"2912","2025","6353",
"2913","1976","0",
"2914","1988","87",
"2915","2014","457471869",
"2916","1983","9777345",
"2917","1999","2",
"2918","2012","7",
"2919","1997","8",
"2920","1983","331",
"2921","2020","9301124",
"2922","1978","0",
"2923","2001","296244746",
"2924","1984","4",
"2925","1997","83",
"2926","2010","0",
"2927","1971","50113",
"2928","2011","79",
"2929","2013","355785626",
"2930","2020","39945394",
"2931","2012","735",
"2932","1990","69",
"2933","1976","74210",
"2934","2012","4820",
"2935","2013","441213660",
"2936","2002","86205",
"2937","2000","0",
"2938","1994","300034",
"2939","2019","80848831",
"2940","1979","11",
"2941","1988","400",
"2942","1986","422",
"2943","1972","86171361",
"2944","2012","60",
"2945","1999","4",
"2946","1998","32",
"2947","2023","1984734",
"2948","1989","4388",
"2949","1997","587790",
"2950","2001","47610",
"2951","1988","52785",
"2952","1998","17582706",
"2953","2007","0",
"2954","2014","0",
"2955","1973","806",
"2956","1994","24",
"2957","1992","0",
"2958","1980","98112",
"2959","2001","900",
"2960","1990","7",
"2961","1978","34998",
"2962","2001","4389915",
"2963","2020","2768",
"2964","2018","3422321",
"2965","1992","53560506",
"2966","1998","1",
"2967","1995","75326",
"2968","2019","2109340",
"2969","1991","72",
"2970","2020","940061960",
"2971","2005","49944876",
"2972","2006","826",
"2973","1992","3922",
"2974","2007","74384",
"2975","1991","882982746",
"2976","2006","79869019",
"2977","1992","71423264",
"2978","2002","29448900",
"2979","2016","0",
"2980","1987","5",
"2981","2021","32",
"2982","2002","0",
"2983","1983","256765818",
"2984","1973","35315",
"2985","2009","124451441",
"2986","2020","446495",
"2987","1989","25263309",
"2988","2010","97",
"2989","2021","88694",
"2990","2008","9873618",
"2991","2022","52687",
"2992","2000","4018",
"2993","2009","435850124",
"2994","1987","7200",
"2995","1990","0",
"2996","2012","7",
"2997","1990","320",
"2998","1998","193396829",
"2999","2007","361456",
"3000","1984","833",
"3001","1978","3469",
"3002","2006","0",
"3003","1978","849507",
"3004","1970","4400651",
"3005","2008","640223",
"3006","2002","558",
"3007","1973","2223",
"3008","2001","234825358",
"3009","2009","37441583",
"3010","2024","373378727",
"3011","1975","2",
"3012","1982","81",
"3013","2011","8",
"3014","1987","1336803",
"3015","1990","19339",
"3016","1996","3823",
"3017","2016","49761899",
"3018","2006","0",
"3019","2014","5357",
"3020","2014","560",
"3021","2009","667",
"3022","1972","61039835",
"3023","2004","8790161",
"3024","1999","3233",
"3025","2020","8426",
"3026","2021","24174401",
"3027","1989","7140",
"3028","1988","94524311",
"3029","1988","41921",
"3030","1974","873099909",
"3031","1973","66",
"3032","2006","1315624",
"3033","1997","688948359",
"3034","1976","40152680",
"3035","2024","890",
"3036","2016","75",
"3037","2024","0",
"3038","1991","809",
"3039","1982","52139730",
"3040","1995","0",
"3041","1986","8",
"3042","2015","403",
"3043","2006","658",
"3044","2018","16042",
"3045","2003","71906",
"3046","1973","11295",
"3047","2012","2883278",
"3048","1995","384",
"3049","2012","9",
"3050","1995","42230",
"3051","2015","5050183",
"3052","2007","838343038",
"3053","1990","561728",
"3054","2006","841",
"3055","2016","40",
"3056","2019","56164",
"3057","2023","0",
"3058","1994","543126",
"3059","2003","0",
"3060","1985","0",
"3061","1971","5790",
"3062","2021","6570045",
"3063","2006","85863991",
"3064","1987","418973",
"3065","2024","290",
"3066","2015","727",
"3067","2000","77115309",
"3068","2008","0",
"3069","1989","0",
"3070","2003","1",
"3071","2025","17",
"3072","1999","890843",
"3073","1983","40",
"3074","2008","9636",
"3075","1977","20301037",
"3076","1975","0",
"3077","1993","268330461",
"3078","1987","83857580",
"3079","2019","5",
"3080","1995","422425",
"3081","1984","42899",
"3082","1973","10829228",
"3083","2009","406",
"3084","2010","5173879",
"3085","1995","6700042",
"3086","1999","54",
"3087","1985","890799",
"3088","2023","7291",
"3089","2010","4093",
"3090","2023","0",
"3091","1991","43505",
"3092","2021","5755",
"3093","2002","0",
"3094","2001","7764",
"3095","2018","98",
"3096","2005","0",
"3097","2011","140017",
"3098","1972","540401497",
"3099","1990","942",
"3100","2017","4",
"3101","1986","2773",
"3102","2007","0",
"3103","2020","5",
"3104","2023","637",
"3105","1981","585549941",
"3106","1994","868872445",
"3107","1985","0",
"3108","2005","65",
"3109","1974","1344",
"3110","1990","0",
"3111","2016","1",
"3112","2019","550",
"3113","1987","148745",
"3114","1976","78",
"3115","2014","29889",
"3116","1979","26",
"3117","1983","6365",
"3118","1971","0",
"3119","1976","631978",
"3120","1982","74243368",
"3121","2000","8485",
"3122","2000","16607",
"3123","2003","0",
"3124","2006","255088560",
"3125","2018","0",
"3126","1997","7933",
"3127","1974","8113665",
"3128","1998","88200514",
"3129","1981","96",
"3130","2003","229850",
"3131","1993","19462972",
"3132","1979","0",
"3133","1982","133044",
"3134","1973","47",
"3135","2021","18",
"3136","2018","5",
"3137","1982","2946721",
"3138","1983","23043",
"3139","1989","6343350",
"3140","1974","451",
"3141","1978","5913290",
"3142","2003","109624",
"3143","2011","416628",
"3144","2008","22325210",
"3145","1997","11793",
"3146","1982","98456",
"3147","1993","71272",
"3148","2010","0",
"3149","2008","467",
"3150","1970","1241",
"3151","2003","88",
"3152","1971","0",
"3153","2012","6967290",
"3154","1994","879786",
"3155","1970","9",
"3156","2007","9",
"3157","1994","994",
"3158","2018","1086083",
"3159","1977","119320",
"3160","1999","6",
"3161","2007","661779305",
"3162","1980","279296755",
"3163","2019","569767",
"3164","2004","2072467",
"3165","2004","4588093",
"3166","2000","465",
"3167","2020","581809545",
"3168","1982","651675185",
"3169","1987","7147",
"3170","2000","470",
"3171","1971","5612",
"3172","2012","3926149",
"3173","1989","7046",
"3174","2004","88",
"3175","1979","0",
"3176","2025","729568",
"3177","1988","55235593",
"3178","1971","6722794",
"3179","2002","820032094",
"3180","1996","19397403",
"3181","1990","57772",
"3182","1972","664161628",
"3183","1982","3620865",
"3184","2018","0",
"3185","2022","0",
"3186","2013","1",
"3187","1999","242362873",
"3188","2006","56040581",
"3189","1993","311",
"3190","2014","625876991",
"3191","2005","854815",
"3192","1986","494163",
"3193","2006","78891564",
"3194","1977","6",
"3195","1975","62",
"3196","1991","57134248",
"3197","2018","0",
"3198","1978","31",
"3199","1998","96370750",
"3200","1998","854125454",
"3201","1994","0",
"3202","1991","853",
"3203","1980","679",
"3204","1978","356",
"3205","1998","64385",
"3206","2002","4628",
"3207","1991","7982",
"3208","1996","2242141",
"3209","1974","77178",
"3210","1985","7844",
"3211","1975","2716215",
"3212","2013","318",
"3213","2004","316289804",
"3214","2008","9198399",
"3215","2022","0",
"3216","2018","723099",
"3217","2024","372424263",
"3218","1975","0",
"3219","2011","5375473",
"3220","1974","67535980",
"3221","1988","69905",
"3222","2016","15699",
"3223","2020","25453",
"3224","1981","167",
"3225","2006","85901011",
"3226","2013","6",
"3227","1989","52365",
"3228","2000","85137",
"3229","2007","6612",
"3230","1986","695",
"3231","2023","0",
"3232","2000","954",
"3233","2007","3",
"3234","2009","65",
"3235","2003","0",
"3236","1983","0",
"3237","1975","44648",
"3238","1978","9985617",
"3239","1978","32",
"3240","1977","0",
"3241","1997","213733",
"3242","2003","69249",
"3243","1976","2986675",
"3244","1993","233",
"3245","1999","0",
"3246","2018","27863999",
"3247","2004","15",
"3248","2020","95302478",
"3249","1984","19873",
"3250","1978","271982",
"3251","2004","367632393",
"3252","1974","5227499",
"3253","2000","146594",
"3254","2014","43",
"3255","2015","338041",
"3256","2013","382",
"3257","1972","977195",
"3258","2000","113076",
"3259","2017","452",
"3260","2000","0",
"3261","1989","0",
"3262","1981","882",
"3263","1987","0",
"3264","2010","372923",
"3265","2000","0",
"3266","2011","373",
"3267","2003","265406161",
"3268","1993","50",
"3269","2024","917",
"3270","2014","3",
"3271","2002","62",
"3272","2013","0",
"3273","1981","23851",
"3274","2021","628704998",
"3275","2018","17054",
"3276","1997","801468",
"3277","1987","0",
"3278","1973","220458723",
"3279","2001","889",
"3280","1983","7507",
"3281","2004","8841893",
"3282","1974","987404523",
"3283","2023","4333",
"3284","2007","5460412",
"3285","1970","819422",
"3286","2018","7291",
"3287","1985","643436081",
"3288","1976","22019327",
"3289","2016","86",
"3290","2004","10593",
"3291","1991","533",
"3292","1975","47653",
"3293","1991","1450939",
"3294","2010","5383023",
"3295","1983","2716",
"3296","2021","7396647",
"3297","2010","2",
"3298","1992","81",
"3299","1970","261",
"3300","2010","960",
"3301","2018","6",
"3302","1987","2744150",
"3303","2020","40098",
"3304","1970","0",
"3305","1981","110",
"3306","1983","745",
"3307","1979","835",
"3308","2004","0",
"3309","1978","17",
"3310","1983","4642580",
"3311","2010","0",
"3312","2025","5738",
"3313","1988","49",
"3314","2016","66834168",
"3315","2006","530885",
"3316","2005","27569",
"3317","2004","3266",
"3318","1970","533",
"3319","1999","69",
"3320","2021","99977628",
"3321","2006","51962",
"3322","1980","528278",
"3323","2007","45060437",
"3324","1988","901",
"3325","2014","7967026",
"3326","1982","47",
"3327","1984","608964901",
"3328","1993","0",
"3329","2020","5",
"3330","1978","0",
"3331","2014","6708111",
"3332","2006","0",
"3333","2013","9",
"3334","1981","961",
"3335","1978","9",
"3336","1988","355",
"3337","2018","894403622",
"3338","2024","604504075",
"3339","2002","72637",
"3340","2019","4751737",
"3341","1977","47408",
"3342","1973","486474682",
"3343","1977","6",
"3344","1993","715899850",
"3345","2017","67",
"3346","1987","7",
"3347","1991","588",
"3348","1985","0",
"3349","1987","4385205",
"3350","1972","1260",
"3351","1980","176376852",
"3352","2021","0",
"3353","2023","0",
"3354","1974","6",
"3355","1982","0",
"3356","2021","18",
"3357","1990","283",
"3358","2020","3",
"3359","2012","41075192",
"3360","2019","12",
"3361","2001","712303563",
"3362","1990","132",
"3363","2015","358718213",
"3364","1975","813454295",
"3365","2012","82118",
"3366","2023","63",
"3367","1978","332150",
"3368","1975","286033",
"3369","1970","5",
"3370","2010","2072174",
"3371","2004","233944",
"3372","2023","838",
"3373","1985","12982",
"3374","2017","6965",
"3375","2022","395",
"3376","2008","32996",
"3377","2022","8",
"3378","2001","993594",
"3379","1977","29500",
"3380","2010","3349226",
"3381","1986","352628",
"3382","1991","151382250",
"3383","1997","9",
"3384","1970","190294",
"3385","1981","492883524",
"3386","1976","547",
"3387","1987","5096",
"3388","2010","791392",
"3389","2007","0",
"3390","1979","983073826",
"3391","2023","7743848",
"3392","2001","87",
"3393","2000","0",
"3394","1994","0",
"3395","1993","533731905",
"3396","2009","8691932",
"3397","2009","881027216",
"3398","1971","9",
"3399","2002","9263396",
"3400","1977","970475",
"3401","1984","26241988",
"3402","1982","569",
"3403","2014","3",
"3404","1981","16",
"3405","1993","8547009",
"3406","2002","548",
"3407","1996","19238721",
"3408","2009","2235",
"3409","1986","8621156",
"3410","2022","38",
"3411","2003","585",
"3412","2014","5611",
"3413","1976","490",
"3414","2016","773132532",
"3415","1996","7413",
"3416","1996","0",
"3417","1982","6",
"3418","1996","222",
"3419","2008","981216515",
"3420","1989","79",
"3421","2001","6404",
"3422","1982","857723",
"3423","1982","49",
"3424","2010","4782",
"3425","2025","8341",
"3426","2024","3",
"3427","1993","0",
"3428","1989","354245",
"3429","2008","381",
"3430","1980","0",
"3431","2002","35994",
"3432","2022","61",
"3433","2015","50",
"3434","2018","52",
"3435","1971","3204270",
"3436","2013","657709",
"3437","1971","913",
"3438","2017","93131352",
"3439","1973","53",
"3440","1990","92113310",
"3441","2021","67883",
"3442","2020","58253",
"3443","1992","1",
"3444","1970","0",
"3445","2025","17",
"3446","2001","290688",
"3447","1979","0",
"3448","1975","56002",
"3449","1997","3171",
"3450","1998","800369",
"3451","2002","6880",
"3452","2021","582709475",
"3453","1971","8232",
"3454","2012","25806",
"3455","1997","70571970",
"3456","2007","161166",
"3457","1994","258145470",
"3458","1987","1642",
"3459","2008","0",
"3460","2022","0",
"3461","2022","11509",
"3462","1999","948",
"3463","2017","3804435",
"3464","1998","4273441",
"3465","1978","6",
"3466","2008","86",
"3467","1980","586209",
"3468","1997","7",
"3469","1997","401599520",
"3470","2008","2581",
"3471","2018","9303",
"3472","1980","51",
"3473","2024","4",
"3474","1983","0",
"3475","1996","2973586",
"3476","2002","332",
"3477","1997","0",
"3478","2023","3639688",
"3479","1996","72",
"3480","2016","0",
"3481","1986","3160292",
"3482","2002","99732214",
"3483","2014","19702",
"3484","2017","0",
"3485","1989","82867",
"3486","1981","4038767",
"3487","2015","496",
"3488","2003","928",
"3489","2008","652",
"3490","2022","154",
"3491","1984","0",
"3492","1990","981693",
"3493","1983","159864215",
"3494","1975","365221",
"3495","2018","6401455",
"3496","1973","8688761",
"3497","2000","60",
"3498","1972","56",
"3499","1995","7486",
"3500","2013","566499875",
"3501","2022","9124",
"3502","2014","940668",
"3503","2009","443",
"3504","2024","3193247",
"3505","1983","10",
"3506","2000","27",
"3507","1997","7184774",
"3508","1970","4585509",
"3509","1980","36320122",
"3510","1973","173592716",
"3511","1970","765",
"3512","1979","0",
"3513","1988","7442",
"3514","1996","0",
"3515","2012","6",
"3516","2000","7811",
"3517","2020","55271461",
"3518","1994","0",
"3519","1982","8",
"3520","2008","645576",
"3521","2024","105",
"3522","1972","7061683",
"3523","1972","9612498",
"3524","1979","0",
"3525","2015","573991",
"3526","2013","8",
"3527","2011","1",
"3528","1973","0",
"3529","2007","801398658",
"3530","1982","5297",
"3531","1981","8734495",
"3532","1996","8892049",
"3533","1988","5298",
"3534","1994","55",
"3535","1999","164",
"3536","1989","7",
"3537","2012","923757",
"3538","1977","390259",
"3539","2008","0",
"3540","1996","82866",
"3541","1985","58784",
"3542","2002","4",
"3543","1996","73140576",
"3544","1994","216",
"3545","1999","0",
"3546","1985","2",
"3547","2025","93",
"3548","1971","1231",
"3549","2006","7",
"3550","1976","2",
"3551","1980","0",
"3552","1989","5",
"3553","1983","57",
"3554","1970","476260920",
"3555","2006","2",
"3556","1999","543344041",
"3557","1990","3008399",
"3558","1989","445630710",
"3559","1993","70",
"3560","2007","8366121",
"3561","1976","265525647",
"3562","1993","222726",
"3563","2020","83355165",
"3564","2021","8255682",
"3565","2006","221356",
"3566","2010","160313365",
"3567","2009","185069644",
"3568","1994","29147",
"3569","2020","47253",
"3570","2018","866920",
"3571","2009","501140",
"3572","1970","9749663",
"3573","2015","54",
"3574","1989","798",
"3575","1979","0",
"3576","1999","1506533",
"3577","2003","40002",
"3578","1993","306",
"3579","1999","2409",
"3580","1999","57796",
"3581","2001","6734",
"3582","1991","531557519",
"3583","2007","69336319",
"3584","1987","754684443",
"3585","1996","2294508",
"3586","1984","1",
"3587","2021","4",
"3588","1987","7",
"3589","1985","2890113",
"3590","1973","6",
"3591","1995","509",
"3592","2005","17957",
"3593","1973","26395213",
"3594","2012","344019661",
"3595","1988","4686528",
"3596","1980","266909",
"3597","1981","217",
"3598","2001","539938501",
"3599","1996","99163",
"3600","1971","599578168",
"3601","2003","1308",
"3602","2025","830",
"3603","1989","0",
"3604","1995","446",
"3605","2003","19",
"3606","1974","38654887",
"3607","2004","274992425",
"3608","2001","526536",
"3609","2009","173957282",
"3610","2021","0",
"3611","1997","77063780",
"3612","1998","5020",
"3613","1996","0",
"3614","2020","125",
"3615","1981","784",
"3616","2014","64",
"3617","1977","134860165",
"3618","2005","967173",
"3619","2004","0",
"3620","1977","24753758",
"3621","1993","8955",
"3622","1995","13564",
"3623","1990","747005",
"3624","1999","86511",
"3625","1982","84205996",
"3626","1982","6",
"3627","1992","7431",
"3628","1971","4002166",
"3629","1987","89281441",
"3630","2022","10",
"3631","1986","4831",
"3632","1997","0",
"3633","2010","88",
"3634","2012","99896",
"3635","2025","35881626",
"3636","1995","4",
"3637","2001","51035077",
"3638","2002","713547145",
"3639","2017","98438543",
"3640","1985","108871",
"3641","2008","0",
"3642","2014","4043765",
"3643","2009","0",
"3644","1985","66",
"3645","2003","321",
"3646","2014","9355088",
"3647","1982","8",
"3648","2015","31888502",
"3649","2022","3458",
"3650","1983","144947",
"3651","2021","35332695",
"3652","1987","993",
"3653","1970","81490",
"3654","1978","7027",
"3655","1970","4420",
"3656","2012","80144",
"3657","1977","47",
"3658","1971","95698",
"3659","1971","441",
"3660","2019","2897",
"3661","1977","7",
"3662","2008","733103734",
"3663","1972","61946",
"3664","1971","694221042",
"3665","1993","7087",
"3666","1987","7659",
"3667","2010","306004",
"3668","2001","4255",
"3669","2000","574683469",
"3670","2000","9942147",
"3671","1976","566699046",
"3672","1976","525904744",
"3673","1975","6831674",
"3674","2023","3",
"3675","2012","9437271",
"3676","1976","5960995",
"3677","1983","27312",
"3678","2022","6",
"3679","1994","7099997",
"3680","1984","17972",
"3681","1974","36",
"3682","1992","90",
"3683","1990","9",
"3684","2004","90648134",
"3685","1980","557086769",
"3686","2019","0",
"3687","1985","738",
"3688","2000","7175",
"3689","2021","0",
"3690","2001","97167",
"3691","1993","39159975",
"3692","1991","5799",
"3693","1970","0",
"3694","2022","0",
"3695","1971","108228238",
"3696","2010","5124010",
"3697","1977","3943171",
"3698","1977","61468091",
"3699","2016","18",
"3700","2013","9",
"3701","2006","9868",
"3702","1989","583",
"3703","2016","608",
"3704","1979","23249",
"3705","2004","224457",
"3706","1995","74",
"3707","1982","451",
"3708","1973","17935",
"3709","1971","5189",
"3710","1973","56",
"3711","1979","51",
"3712","1973","71",
"3713","2014","249",
"3714","1980","1677",
"3715","2003","85170761",
"3716","1970","535472288",
"3717","1971","6991456",
"3718","2006","618806887",
"3719","1975","5",
"3720","2019","491680265",
"3721","2015","10",
"3722","1983","89598363",
"3723","1989","3071",
"3724","2006","0",
"3725","2009","546",
"3726","2018","359",
"3727","1983","5519",
"3728","2008","0",
"3729","2007","208316",
"3730","1974","1",
"3731","2019","291162",
"3732","1979","37289",
"3733","1996","7771552",
"3734","1983","45146198",
"3735","2010","62819963",
"3736","2010","26",
"3737","1980","623",
"3738","2024","29303800",
"3739","1982","997146",
"3740","2008","68641",
"3741","2012","0",
"3742","1994","0",
"3743","2016","18",
"3744","2024","15603",
"3745","2008","190633907",
"3746","2025","446532701",
"3747","2003","43766273",
"3748","1995","5",
"3749","1998","73",
"3750","2014","831",
"3751","1984","0",
"3752","2000","65",
"3753","1998","64474406",
"3754","1974","7031545",
"3755","1993","558620515",
"3756","1980","398",
"3757","2001","4",
"3758","1974","4691775",
"3759","1970","0",
"3760","2012","85",
"3761","1976","0",
"3762","1991","23",
"3763","1978","639643817",
"3764","1987","6568",
"3765","2006","449203572",
"3766","2017","965338",
"3767","1970","159781097",
"3768","1992","23209",
"3769","2002","0",
"3770","2013","9",
"3771","2023","9",
"3772","1998","5859906",
"3773","1978","85",
"3774","1981","639721",
"3775","2004","4828",
"3776","1981","2301314",
"3777","2007","51699",
"3778","1997","3869",
"3779","2009","3363",
"3780","1978","17269",
"3781","2018","647",
"3782","1982","1",
"3783","1979","863762784",
"3784","2007","1",
"3785","2014","5",
"3786","1970","724973576",
"3787","1977","503863",
"3788","1970","9998",
"3789","1986","0",
"3790","2016","42103708",
"3791","1991","486760",
"3792","2003","67",
"3793","2013","0",
"3794","2008","414",
"3795","1980","0",
"3796","1996","511845087",
"3797","2021","918",
"3798","2005","736",
"3799","1985","22",
"3800","1980","6198",
"3801","1986","38",
"3802","1994","49",
"3803","1984","276236",
"3804","1984","0",
"3805","1971","27",
"3806","2016","888",
"3807","2015","5295149",
"3808","1986","2350",
"3809","2005","71517233",
"3810","1992","56",
"3811","1970","681",
"3812","1975","7733059",
"3813","2024","9",
"3814","1999","725",
"3815","2014","225413",
"3816","2007","891",
"3817","2001","769651345",
"3818","2020","10250",
"3819","1971","6046100",
"3820","1972","0",
"3821","2014","1184211",
"3822","2019","94404",
"3823","1978","588",
"3824","1974","47088158",
"3825","1989","963",
"3826","2022","95996",
"3827","2010","0",
"3828","1988","6",
"3829","1981","3216800",
"3830","2020","254445331",
"3831","1985","799",
"3832","1996","2",
"3833","2024","9089682",
"3834","1973","355505",
"3835","2018","39",
"3836","2020","77",
"3837","1973","69004",
"3838","1995","99",
"3839","1996","526113098",
"3840","2000","572805756",
"3841","1974","50584",
"3842","2023","9",
"3843","1980","71729173",
"3844","1991","952177644",
"3845","1979","15494",
"3846","1974","916",
"3847","2008","0",
"3848","1976","7340",
"3849","2016","89001543",
"3850","1982","668317",
"3851","1995","0",
"3852","2003","0",
"3853","1980","6490",
"3854","1996","6",
"3855","1971","70466",
"3856","1977","9175200",
"3857","1984","234125854",
"3858","2000","36",
"3859","1979","46063893",
"3860","1985","1004408",
"3861","1981","0",
"3862","2021","49",
"3863","1975","61945553",
"3864","1989","9274683",
"3865","1972","1",
"3866","2021","56401637",
"3867","1998","88621253",
"3868","1973","3397",
"3869","2004","0",
"3870","2018","53886219",
"3871","2001","979399",
"3872","2009","177433911",
"3873","2002","89401",
"3874","1990","0",
"3875","2008","476212185",
"3876","2009","55413",
"3877","1999","97",
"3878","1976","23911506",
"3879","2021","3",
"3880","2013","0",
"3881","1998","0",
"3882","1999","730838",
"3883","1979","6158",
"3884","2004","739650370",
"3885","1997","989669380",
"3886","1998","7286356",
"3887","1997","121373",
"3888","2006","525544797",
"3889","2007","85913",
"3890","2015","81716522",
"3891","2006","4171219",
"3892","1997","807",
"3893","1997","5",
"3894","1980","7932468",
"3895","2002","71619338",
"3896","2015","801",
"3897","1971","892474510",
"3898","2014","327",
"3899","2016","4",
"3900","1981","779089957",
"3901","2021","857031",
"3902","1999","791861",
"3903","1972","5",
"3904","1991","0",
"3905","1983","4347",
"3906","2001","2",
"3907","1975","8151762",
"3908","1979","116921",
"3909","2024","2092",
"3910","2012","1",
"3911","1987","2428",
"3912","2018","0",
"3913","2020","572802",
"3914","1984","0",
"3915","1984","549747",
"3916","1983","9751167",
"3917","1995","62604913",
"3918","2021","827",
"3919","2013","92",
"3920","2014","8326053",
"3921","2001","7",
"3922","1997","2416978",
"3923","1972","21551",
"3924","1999","4",
"3925","1986","173387",
"3926","1979","610",
"3927","2017","856736",
"3928","1997","0",
"3929","2024","7688045",
"3930","1979","91562105",
"3931","2007","0",
"3932","2012","83458483",
"3933","2007","0",
"3934","2007","527",
"3935","1977","0",
"3936","1991","5",
"3937","1986","444000020",
"3938","2006","64169607",
"3939","2022","991295071",
"3940","1986","0",
"3941","1973","685326721",
"3942","2023","931970708",
"3943","2014","861",
"3944","1973","39",
"3945","1994","21135",
"3946","1980","540132639",
"3947","2010","6345236",
"3948","2017","263",
"3949","1976","234313",
"3950","2006","3617447",
"3951","2013","0",
"3952","2025","29",
"3953","2009","52",
"3954","1999","553",
"3955","1995","6882062",
"3956","1999","8106",
"3957","1980","0",
"3958","2007","69438",
"3959","2000","602258583",
"3960","1978","3902976",
"3961","1983","0",
"3962","2014","0",
"3963","2025","4881",
"3964","2014","40091",
"3965","1989","98537723",
"3966","2005","4",
"3967","1972","69851",
"3968","2019","2",
"3969","2019","64941",
"3970","2000","1808",
"3971","2013","0",
"3972","2001","238787609",
"3973","1999","38",
"3974","1979","93453107",
"3975","1982","71",
"3976","1986","87125532",
"3977","1981","44135",
"3978","1974","342965931",
"3979","2014","119",
"3980","2004","94",
"3981","1979","368467",
"3982","1972","4224110",
"3983","2018","878079",
"3984","1988","592103024",
"3985","1978","7",
"3986","2005","8",
"3987","1977","93581365",
"3988","1980","1",
"3989","1981","902102509",
"3990","2001","30",
"3991","1990","1910029",
"3992","1999","9252",
"3993","1982","0",
"3994","1976","537",
"3995","1994","185",
"3996","1999","81771790",
"3997","2025","0",
"3998","1976","172447669",
"3999","1982","3664253",
"4000","1978","5",
"4001","2003","78051",
"4002","1998","127428",
"4003","1978","256808",
"4004","1975","499099535",
"4005","2008","103",
"4006","2001","0",
"4007","2013","24301268",
"4008","2020","421793",
"4009","1971","96",
"4010","2003","98082151",
"4011","1988","0",
"4012","2007","0",
"4013","1990","160228",
"4014","1988","31173",
"4015","2003","24775615",
"4016","2025","962115807",
"4017","1986","198491132",
"4018","2012","5",
"4019","2017","70418",
"4020","2010","0",
"4021","1996","1999",
"4022","2001","776",
"4023","1978","6953",
"4024","1989","94",
"4025","1975","93660849",
"4026","1988","0",
"4027","2000","457122",
"4028","1987","9002452",
"4029","2004","2406",
"4030","2005","0",
"4031","2009","89309727",
"4032","2007","6262",
"4033","1994","0",
"4034","1983","783265770",
"4035","2022","80",
"4036","2012","52",
"4037","1992","2",
"4038","2019","72012",
"4039","2015","521620296",
"4040","1987","379071403",
"4041","2022","79008606",
"4042","1980","2096",
"4043","1983","5517",
"4044","2009","9",
"4045","2008","0",
"4046","1978","9437",
"4047","1978","90",
"4048","2023","101",
"4049","1974","70",
"4050","2010","621",
"4051","1975","8359",
"4052","2000","850402",
"4053","2013","3673",
"4054","1987","177210",
"4055","1996","543249",
"4056","2019","17",
"4057","2007","5",
"4058","2001","5739517",
"4059","1983","40729831",
"4060","1976","122",
"4061","2024","18553826",
"4062","1992","9037447",
"4063","1987","1143838",
"4064","2023","0",
"4065","2022","93036",
"4066","2000","6",
"4067","2018","0",
"4068","1997","9232277",
"4069","2007","0",
"4070","2008","0",
"4071","2024","321",
"4072","2014","65283",
"4073","2024","9247",
"4074","1983","5",
"4075","1983","1464186",
"4076","1988","32565",
"4077","1981","3476411",
"4078","2023","932704",
"4079","1981","23594600",
"4080","2007","4471",
"4081","1975","4212",
"4082","1997","25",
"4083","1976","391",
"4084","1993","429",
"4085","1988","0",
"4086","1987","196",
"4087","1981","110067",
"4088","2021","5671",
"4089","1973","3789770",
"4090","2024","4564",
"4091","2022","96",
"4092","2008","0",
"4093","2000","6",
"4094","1999","9510",
"4095","2021","189088",
"4096","2022","2631",
"4097","2024","36399207",
"4098","1999","244820",
"4099","1974","0",
"4100","1993","8",
"4101","1987","6129",
"4102","1981","51",
"4103","2003","706861298",
"4104","1971","2",
"4105","1999","79693",
"4106","2004","4418",
"4107","1980","515",
"4108","2008","675208124",
"4109","1996","2242939",
"4110","1996","0",
"4111","1990","0",
"4112","2013","2133105",
"4113","2006","89903",
"4114","2007","643246",
"4115","2020","29287028",
"4116","1972","6419192",
"4117","1976","1703",
"4118","2007","5",
"4119","2011","522964326",
"4120","2014","6",
"4121","1994","91482",
"4122","1979","6359",
"4123","2002","88337631",
"4124","1994","7542888",
"4125","1990","762384",
"4126","1983","350947203",
"4127","1972","3605884",
"4128","1977","2611093",
"4129","2015","0",
"4130","2025","54",
"4131","1975","427",
"4132","1987","914460092",
"4133","2002","1297581",
"4134","1979","56477924",
"4135","1985","7134332",
"4136","1976","4806788",
"4137","1984","5007",
"4138","1982","1624",
"4139","2011","0",
"4140","2010","7248",
"4141","2019","3",
"4142","2016","53873",
"4143","1982","0",
"4144","2020","55",
"4145","1978","0",
"4146","1976","462083072",
"4147","2003","45310",
"4148","1976","93485802",
"4149","1985","53446",
"4150","2012","110",
"4151","1995","636476",
"4152","1988","468",
"4153","2020","6553414",
"4154","2015","0",
"4155","1984","759",
"4156","1998","455936",
"4157","2008","95",
"4158","1990","3467697",
"4159","1983","9",
"4160","2017","853294",
"4161","2009","419671079",
"4162","1977","197103",
"4163","2023","68639856",
"4164","1976","0",
"4165","1987","8070",
"4166","2011","2",
"4167","1992","461",
"4168","1986","83",
"4169","2016","52736074",
"4170","2010","362",
"4171","2017","83093335",
"4172","1994","8",
"4173","1983","645595036",
"4174","2008","3",
"4175","1971","4962",
"4176","2014","816020802",
"4177","2025","6373",
"4178","2025","11103775",
"4179","1986","5869",
"4180","2007","12393177",
"4181","1987","1386",
"4182","1974","85405",
"4183","2015","79760653",
"4184","1985","86",
"4185","2008","0",
"4186","1973","84201",
"4187","1976","5637",
"4188","1972","6636150",
"4189","1993","0",
"4190","2011","48668",
"4191","1996","15888",
"4192","1989","5946",
"4193","1991","7131",
"4194","1995","22922",
"4195","2017","94662777",
"4196","1977","40",
"4197","1973","879899674",
"4198","1991","56",
"4199","2012","0",
"4200","2009","5297556",
"4201","2024","869",
"4202","2018","9067984",
"4203","1997","0",
"4204","2014","94104",
"4205","2009","0",
"4206","1983","73613752",
"4207","2023","6749039",
"4208","2013","68",
"4209","2007","19977517",
"4210","1970","77098732",
"4211","1991","67608",
"4212","1988","0",
"4213","2012","3",
"4214","2009","793936",
"4215","1971","6",
"4216","1996","957565806",
"4217","1989","2",
"4218","1990","9708",
"4219","1981","0",
"4220","1995","0",
"4221","2011","0",
"4222","1987","76696951",
"4223","2024","0",
"4224","1976","0",
"4225","1980","229430",
"4226","1981","0",
"4227","2018","2",
"4228","2014","4",
"4229","2017","2241",
"4230","1994","189843",
"4231","2020","306805326",
"4232","1986","829610312",
"4233","2016","9753601",
"4234","2000","9206",
"4235","1996","400411",
"4236","2013","431660",
"4237","1990","34967394",
"4238","2022","98086810",
"4239","1997","19080",
"4240","1987","505",
"4241","1985","8",
"4242","1993","656068564",
"4243","1998","8317648",
"4244","1998","26551943",
"4245","2002","2332586",
"4246","2019","7",
"4247","1973","1",
"4248","2006","0",
"4249","1992","976",
"4250","1993","0",
"4251","2024","88744367",
"4252","1996","251253127",
"4253","2011","390298",
"4254","1990","7358",
"4255","1976","80",
"4256","1983","0",
"4257","1997","9340042",
"4258","1992","85",
"4259","1989","516",
"4260","2016","4467945",
"4261","2009","386386",
"4262","2022","50194",
"4263","2014","1213",
"4264","2013","10781",
"4265","1973","970676",
"4266","2023","3791926",
"4267","2012","6",
"4268","1978","2258",
"4269","1995","423252737",
"4270","2018","91112",
"4271","1974","452",
"4272","2001","74981597",
"4273","2016","64428073",
"4274","1993","407152796",
"4275","1981","682847",
"4276","1983","0",
"4277","1988","2",
"4278","2013","0",
"4279","1984","630475",
"4280","1980","43234890",
"4281","1997","648681",
"4282","2019","27258265",
"4283","2007","460297450",
"4284","1987","28",
"4285","1971","40",
"4286","2016","15",
"4287","1980","22",
"4288","1976","923930322",
"4289","1984","7537",
"4290","2017","1008",
"4291","1976","20788623",
"4292","1980","2455",
"4293","2007","963",
"4294","1977","196621",
"4295","2005","56158522",
"4296","2018","1",
"4297","1989","4059",
"4298","1976","84",
"4299","1970","55231896",
"4300","1993","270157",
"4301","2009","1671268",
"4302","1987","75",
"4303","2016","1918185",
"4304","1999","9307804",
"4305","2001","606345801",
"4306","1981","29552",
"4307","2004","0",
"4308","1979","15984",
"4309","1984","816",
"4310","2019","21244",
"4311","2018","483017782",
"4312","1986","5",
"4313","2018","6550779",
"4314","1979","27262303",
"4315","2015","7342",
"4316","1995","14171714",
"4317","1970","590",
"4318","1978","75775441",
"4319","1977","74967402",
"4320","2024","0",
"4321","2018","9706",
"4322","2024","399218350",
"4323","1986","73",
"4324","2022","0",
"4325","2007","869856",
"4326","1995","88798",
"4327","1985","7",
"4328","2015","1767072",
"4329","1988","6528",
"4330","1975","43709778",
"4331","1973","0",
"4332","2002","69687",
"4333","2014","4627158",
"4334","1994","23125941",
"4335","1998","41826821",
"4336","1990","6",
"4337","1989","0",
"4338","1986","4923455",
"4339","1990","0",
"4340","1987","60",
"4341","2015","8",
"4342","2001","68344",
"4343","1979","2",
"4344","1973","0",
"4345","2007","3",
"4346","1999","571",
"4347","1980","9",
"4348","1986","53",
"4349","1986","915120197",
"4350","1999","3458",
"4351","1978","384939197",
"4352","1981","28787372",
"4353","1978","47",
"4354","1975","14390905",
"4355","1976","13230926",
"4356","2022","9574699",
"4357","1992","62681",
"4358","1994","255125744",
"4359","2023","7315510",
"4360","1971","8",
"4361","2012","7107",
"4362","2011","0",
"4363","2001","340302434",
"4364","1976","949",
"4365","2009","46",
"4366","2021","74210",
"4367","1988","0",
"4368","1983","67726",
"4369","2015","9",
"4370","1976","0",
"4371","2006","5786454",
"4372","2002","646593639",
"4373","2023","82",
"4374","2018","0",
"4375","1984","196768604",
"4376","1990","8",
"4377","2009","25089334",
"4378","2008","74",
"4379","1973","0",
"4380","2012","995",
"4381","1982","2445504",
"4382","1978","44598192",
"4383","1984","0",
"4384","1983","79886947",
"4385","1972","97550926",
"4386","2019","84",
"4387","1985","1960",
"4388","2022","52235",
"4389","2001","75451",
"4390","1990","2356121",
"4391","2013","2",
"4392","2002","5",
"4393","1978","206",
"4394","2021","180102",
"4395","1980","541938355",
"4396","1984","0",
"4397","2023","4969018",
"4398","2002","59395",
"4399","1985","327",
"4400","2019","53107696",
"4401","2007","31",
"4402","1982","7",
"4403","1999","2693",
"4404","1993","538228902",
"4405","2010","754964132",
"4406","1979","55801",
"4407","1988","158998",
"4408","2014","482526",
"4409","2021","492",
"4410","1992","7592217",
"4411","2004","0",
"4412","1995","64325075",
"4413","1992","4",
"4414","1990","239",
"4415","1981","6",
"4416","1985","239",
"4417","2017","588",
"4418","1979","2641",
"4419","2013","99257",
"4420","1994","0",
"4421","2016","32541",
"4422","2004","246447511",
"4423","1986","7271126",
"4424","1990","29",
"4425","2012","37060880",
"4426","2025","200",
"4427","2021","978",
"4428","1975","37851123",
"4429","1988","13",
"4430","2018","57",
"4431","2017","879539",
"4432","2015","0",
"4433","2005","45219767",
"4434","2019","1",
"4435","1985","251983",
"4436","2006","296930",
"4437","1997","499976",
"4438","2014","491",
"4439","2013","48803",
"4440","1982","52802584",
"4441","2019","703760",
"4442","2006","26293",
"4443","1978","0",
"4444","1995","6663",
"4445","2018","4452",
"4446","2000","8595151",
"4447","1976","7",
"4448","2019","17593191",
"4449","1988","0",
"4450","1996","98372645",
"4451","2007","0",
"4452","1980","7021",
"4453","1999","2218",
"4454","1992","44460",
"4455","1992","404196",
"4456","2003","408490798",
"4457","2015","6700619",
"4458","2002","0",
"4459","2022","76",
"4460","1990","82123038",
"4461","1987","378688463",
"4462","1981","6822713",
"4463","1977","3",
"4464","2005","827",
"4465","1980","51",
"4466","1971","173",
"4467","1970","588",
"4468","2020","913",
"4469","1972","0",
"4470","2002","237803",
"4471","1995","621267587",
"4472","2012","44",
"4473","2012","365",
"4474","1971","0",
"4475","1983","9242818",
"4476","1980","7433",
"4477","1994","25727248",
"4478","1979","76554",
"4479","2012","3",
"4480","2024","28",
"4481","2018","731620866",
"4482","2008","860961",
"4483","1997","907",
"4484","2021","189",
"4485","1974","676739506",
"4486","2006","8971318",
"4487","1975","8405901",
"4488","2001","193",
"4489","2012","1",
"4490","1984","9475517",
"4491","2007","912",
"4492","2019","5",
"4493","2019","12792287",
"4494","2021","54",
"4495","1993","36",
"4496","1994","86305527",
"4497","1995","58264266",
"4498","2006","5442",
"4499","1988","24",
"4500","1985","70",
"4501","1985","0",
"4502","1993","1822",
"4503","2011","56509",
"4504","1975","899291",
"4505","1991","7869",
"4506","2002","999412",
"4507","2000","94732746",
"4508","1987","0",
"4509","1996","91",
"4510","2021","630218951",
"4511","1976","1791",
"4512","1998","76411883",
"4513","1979","4",
"4514","2023","51520",
"4515","1971","58939",
"4516","1988","0",
"4517","2013","216583134",
"4518","1998","587575451",
"4519","2018","8",
"4520","2000","4010",
"4521","1979","28544389",
"4522","1973","44785",
"4523","1989","1",
"4524","2013","4721565",
"4525","1987","497084",
"4526","1993","81",
"4527","1976","1943927",
"4528","2003","34303209",
"4529","1976","57564",
"4530","2007","656167532",
"4531","2018","826",
"4532","1987","687248937",
"4533","1984","4326611",
"4534","1980","405503",
"4535","1973","0",
"4536","1979","92",
"4537","1999","419829",
"4538","1988","260012",
"4539","1988","250",
"4540","1991","4",
"4541","2024","1",
"4542","1977","96",
"4543","1996","3592974",
"4544","1990","91419933",
"4545","1998","3983103",
"4546","1997","701432",
"4547","1997","3",
"4548","1983","626",
"4549","1975","1985",
"4550","1985","0",
"4551","2017","4150",
"4552","1977","8537",
"4553","1984","0",
"4554","1972","2",
"4555","1983","98113",
"4556","2013","452300",
"4557","2003","45328396",
"4558","1987","68",
"4559","1987","276631615",
"4560","1991","99734",
"4561","1970","96548",
"4562","2015","6635100",
"4563","1982","574212080",
"4564","2008","167",
"4565","1978","5",
"4566","2014","90017628",
"4567","1983","770180",
"4568","1985","0",
"4569","2007","747",
"4570","2002","703707",
"4571","2025","60",
"4572","1988","386738956",
"4573","1973","150631",
"4574","2017","6",
"4575","2005","77",
"4576","1999","84",
"4577","1981","47143982",
"4578","2017","87855",
"4579","2002","896",
"4580","2006","5343",
"4581","1980","293568303",
"4582","2015","0",
"4583","1988","63659",
"4584","1983","747259860",
"4585","2007","47232",
"4586","2005","31154789",
"4587","2024","6",
"4588","2003","116211",
"4589","1989","2",
"4590","1978","117535811",
"4591","1996","40556631",
"4592","1997","9",
"4593","2017","2022062",
"4594","2022","2202646",
"4595","1998","593673",
"4596","1998","107112",
"4597","1983","3939",
"4598","1970","60",
"4599","1995","4631",
"4600","2000","490862317",
"4601","1988","0",
"4602","1985","8",
"4603","1979","9",
"4604","1992","9707",
"4605","2025","6783456",
"4606","1984","68680061",
"4607","2012","90411230",
"4608","1984","736",
"4609","2004","157849",
"4610","1984","675",
"4611","2019","1",
"4612","2000","63738013",
"4613","2021","150",
"4614","2017","923074104",
"4615","1978","7",
"4616","2018","11",
"4617","2008","8",
"4618","1997","639",
"4619","2006","52988193",
"4620","2020","543320",
"4621","2021","5436",
"4622","2013","43",
"4623","1982","41602",
"4624","1997","588",
"4625","1992","0",
"4626","2024","7506657",
"4627","1993","8",
"4628","1979","741597",
"4629","2014","0",
"4630","2007","178084974",
"4631","2018","50292",
"4632","2020","697875473",
"4633","2021","0",
"4634","1983","0",
"4635","2007","58327423",
"4636","2016","0",
"4637","2025","0",
"4638","2005","1923328",
"4639","2020","2",
"4640","2002","872062806",
"4641","1987","0",
"4642","2004","9400200",
"4643","2007","51190771",
"4644","1978","0",
"4645","2003","0",
"4646","2018","570193034",
"4647","1986","0",
"4648","1970","5",
"4649","2023","7330",
"4650","2008","94",
"4651","1980","51514",
"4652","1970","0",
"4653","1994","0",
"4654","2011","5238",
"4655","1999","0",
"4656","1983","268049",
"4657","2017","0",
"4658","1984","8747164",
"4659","1991","41686",
"4660","2022","7306974",
"4661","2020","0",
"4662","2009","9",
"4663","2001","883662546",
"4664","1998","3105050",
"4665","1984","119869278",
"4666","1980","636",
"4667","2019","0",
"4668","1989","511009",
"4669","1993","64624169",
"4670","1985","163820",
"4671","1974","93",
"4672","1995","6617807",
"4673","1992","70",
"4674","1972","0",
"4675","1991","33854282",
"4676","1992","87",
"4677","1978","55",
"4678","2006","97241",
"4679","1983","673",
"4680","2001","7",
"4681","2016","2931338",
"4682","1991","25205560",
"4683","1979","942834890",
"4684","2025","3912",
"4685","2005","3",
"4686","1974","409217795",
"4687","2007","0",
"4688","1971","2533307",
"4689","1982","4769",
"4690","2022","16",
"4691","2012","74",
"4692","1997","9217",
"4693","2012","9003",
"4694","1994","0",
"4695","2004","439840",
"4696","2007","98611631",
"4697","1972","1087862",
"4698","1988","74902",
"4699","1982","73331",
"4700","1995","5",
"4701","2011","4195",
"4702","1977","354997",
"4703","1982","0",
"4704","1982","9596",
"4705","1975","625",
"4706","2016","5620966",
"4707","2008","885098",
"4708","1975","903",
"4709","1973","588425",
"4710","2007","25021",
"4711","2001","96274460",
"4712","2010","6",
"4713","1989","41",
"4714","2019","530374562",
"4715","1974","3841",
"4716","2012","3867963",
"4717","2007","137",
"4718","1997","719443",
"4719","1973","47",
"4720","1975","3645612",
"4721","2014","0",
"4722","1995","745696907",
"4723","1972","56",
"4724","2013","9555",
"4725","1974","7184",
"4726","2003","0",
"4727","1997","11",
"4728","2022","0",
"4729","1985","30",
"4730","1975","82293407",
"4731","2007","92732702",
"4732","1979","37877",
"4733","2008","507",
"4734","1983","0",
"4735","2004","686966607",
"4736","2016","0",
"4737","2006","18727",
"4738","2003","22",
"4739","1997","103565776",
"4740","2013","8",
"4741","1976","78708290",
"4742","2021","34",
"4743","1982","274",
"4744","1998","9243",
"4745","2003","76834",
"4746","2020","0",
"4747","1973","86397431",
"4748","1988","177858626",
"4749","1985","448186",
"4750","1973","8497",
"4751","2018","8",
"4752","1974","2934",
"4753","2022","121",
"4754","2015","5278",
"4755","2015","486753054",
"4756","2005","2",
"4757","2013","90266004",
"4758","1997","9015",
"4759","2010","613278134",
"4760","1995","384355952",
"4761","1971","6180632",
"4762","2010","85170708",
"4763","1973","0",
"4764","1989","74",
"4765","1987","4431053",
"4766","2012","7",
"4767","2010","163636351",
"4768","1985","9206856",
"4769","1987","4948",
"4770","2020","94702",
"4771","1980","37564851",
"4772","2016","4019",
"4773","1975","7",
"4774","1977","0",
"4775","2017","683",
"4776","2025","361",
"4777","1970","2",
"4778","1971","0",
"4779","2001","1647",
"4780","1976","5",
"4781","2011","3",
"4782","2013","41009",
"4783","1995","8898071",
"4784","1976","85163",
"4785","2016","3530",
"4786","1990","0",
"4787","2011","48",
"4788","1976","82",
"4789","2007","7450",
"4790","2010","8277531",
"4791","2022","6766673",
"4792","1994","9601860",
"4793","1989","0",
"4794","1992","9594270",
"4795","1976","344",
"4796","2015","9695",
"4797","1979","0",
"4798","1971","12974",
"4799","2012","0",
"4800","1978","0",
"4801","2004","0",
"4802","1996","60697527",
"4803","2002","0",
"4804","2016","0",
"4805","2011","8663097",
"4806","1987","0",
"4807","2008","0",
"4808","1995","7",
"4809","1987","1378802",
"4810","2015","0",
"4811","1981","37064146",
"4812","2007","78",
"4813","1973","950",
"4814","2019","2171",
"4815","1979","16",
"4816","1987","177",
"4817","1976","6551",
"4818","1976","383652",
"4819","2005","20",
"4820","1973","32",
"4821","1983","0",
"4822","2003","668379170",
"4823","1992","1",
"4824","2012","813406747",
"4825","2003","33091573",
"4826","2001","89",
"4827","2025","19030847",
"4828","1987","615093",
"4829","1980","5",
"4830","2023","0",
"4831","1983","5617",
"4832","1973","579",
"4833","2008","368071",
"4834","1991","30437",
"4835","1988","2153478",
"4836","2010","963997757",
"4837","1972","9498",
"4838","1987","64",
"4839","1994","8696956",
"4840","1971","673997484",
"4841","1971","594868",
"4842","2000","436",
"4843","1999","8",
"4844","2002","85",
"4845","2015","57352418",
"4846","1978","465508",
"4847","2024","1764",
"4848","1972","4048679",
"4849","1980","263174559",
"4850","1989","55",
"4851","2018","691887",
"4852","1987","8119687",
"4853","1974","6958019",
"4854","1994","19",
"4855","1974","1",
"4856","2021","7111",
"4857","1999","52",
"4858","2024","3345",
"4859","2022","8466",
"4860","1970","3269217",
"4861","1985","612",
"4862","1996","0",
"4863","2003","407",
"4864","2002","147225347",
"4865","1983","0",
"4866","1999","342",
"4867","2020","242",
"4868","1994","62",
"4869","1988","4872190",
"4870","2021","897",
"4871","1992","164",
"4872","2005","79",
"4873","2008","0",
"4874","1971","6755",
"4875","1991","402793103",
"4876","1977","335",
"4877","2002","354",
"4878","1995","434660666",
"4879","2018","6434222",
"4880","1974","361809222",
"4881","2006","101012",
"4882","2015","81750080",
"4883","1990","347",
"4884","2017","1918515",
"4885","2020","44910",
"4886","2003","415606752",
"4887","2001","32141296",
"4888","2000","315",
"4889","2013","8",
"4890","2013","2",
"4891","1971","47517388",
"4892","1982","157",
"4893","1986","580",
"4894","1985","8106",
"4895","2014","9080510",
"4896","2023","674318",
"4897","1998","761122112",
"4898","2005","33181321",
"4899","2017","58971914",
"4900","2002","893605433",
"4901","2006","77391231",
"4902","1986","65286682",
"4903","2016","4",
"4904","1976","5386",
"4905","2018","2",
"4906","2004","99",
"4907","2001","0",
"4908","1979","1",
"4909","1998","4531",
"4910","2008","0",
"4911","2007","8802",
"4912","1988","7760815",
"4913","1991","94",
"4914","2003","107662",
"4915","2017","272596417",
"4916","1986","604352",
"4917","2006","67417",
"4918","1999","257",
"4919","2020","40531295",
"4920","2017","9726",
"4921","2011","0",
"4922","1982","4187589",
"4923","2021","93",
"4924","2020","54913329",
"4925","1989","819",
"4926","2019","6408433",
"4927","2005","62618592",
"4928","2000","439",
"4929","1994","0",
"4930","2016","62",
"4931","1990","380765051",
"4932","1980","512",
"4933","1980","7947561",
"4934","1972","927901",
"4935","1981","238504327",
"4936","2006","54957641",
"4937","2004","0",
"4938","2013","0",
"4939","1980","1",
"4940","1988","70775",
"4941","1984","37",
"4942","2003","85253248",
"4943","2020","5",
"4944","2003","78349781",
"4945","1984","9",
"4946","1983","61",
"4947","2012","54951535",
"4948","1999","236114152",
"4949","2020","95441",
"4950","2003","8386610",
"4951","1985","5",
"4952","2012","114534",
"4953","2004","932664802",
"4954","1983","3603",
"4955","1986","33010",
"4956","1983","0",
"4957","1987","721441",
"4958","2023","0",
"4959","2020","84",
"4960","2001","5787",
"4961","2003","2853",
"4962","1994","0",
"4963","2021","71045162",
"4964","2009","44809943",
"4965","1990","29523",
"4966","2022","291495775",
"4967","2018","298630594",
"4968","1989","390773",
"4969","2017","570878796",
"4970","1987","845790",
"4971","2008","3208247",
"4972","1985","11757",
"4973","1978","348145",
"4974","2009","711187094",
"4975","1988","2",
"4976","2025","7480199",
"4977","2015","34571",
"4978","2016","25",
"4979","2003","8",
"4980","2020","171",
"4981","1987","7801192",
"4982","1971","2177467",
"4983","2013","4152",
"4984","2022","33291",
"4985","2000","382557178",
"4986","2024","0",
"4987","1995","22",
"4988","1980","873777",
"4989","1998","72245",
"4990","2021","2349280",
"4991","1991","41344",
"4992","1990","61637905",
"4993","1980","0",
"4994","1995","164328797",
"4995","1972","94618662",
"4996","1998","9181",
"4997","2014","84699251",
"4998","1971","0",
"4999","1975","0",
"5000","1996","63557",
"5001","1992","204",
"5002","2003","42",
"5003","2016","3113204",
"5004","2021","6773",
"5005","2005","3980",
"5006","2004","333497",
"5007","2018","0",
"5008","1972","76",
"5009","1980","31049490",
"5010","1971","49",
"5011","2018","814528",
"5012","2023","2473",
"5013","2004","138",
"5014","1992","31235774",
"5015","2015","65663610",
"5016","1971","2880",
"5017","2013","4933124",
"5018","2013","2805",
"5019","2013","8",
"5020","2012","0",
"5021","1985","58",
"5022","2021","87512",
"5023","2007","2",
"5024","2025","4",
"5025","1981","6",
"5026","2021","4140413",
"5027","1989","89859346",
"5028","1998","3",
"5029","1982","0",
"5030","1997","1",
"5031","1988","95",
"5032","1997","0",
"5033","1991","1",
"5034","1980","0",
"5035","1975","821",
"5036","1987","7493",
"5037","1981","6108460",
"5038","1989","733",
"5039","2002","441755252",
"5040","1977","0",
"5041","1990","20223745",
"5042","1975","828",
"5043","1992","0",
"5044","2017","33",
"5045","1986","72",
"5046","1982","970317452",
"5047","2005","9236",
"5048","2004","0",
"5049","2014","9",
"5050","2007","56944",
"5051","2022","393932",
"5052","1980","84654",
"5053","2006","868",
"5054","1976","18",
"5055","2004","499",
"5056","1982","0",
"5057","2017","738734842",
"5058","1977","3295",
"5059","1986","9079296",
"5060","1977","480",
"5061","1980","828793",
"5062","2001","45",
"5063","2008","69961146",
"5064","2007","166",
"5065","1988","7823075",
"5066","1991","419056529",
"5067","2007","530338",
"5068","1973","138",
"5069","2016","290213",
"5070","1986","0",
"5071","2005","49",
"5072","1996","30674074",
"5073","1974","45538",
"5074","2001","3",
"5075","1975","256",
"5076","2023","126",
"5077","1979","76837031",
"5078","2018","3",
"5079","1997","6381490",
"5080","1982","0",
"5081","2001","75128522",
"5082","2018","0",
"5083","2019","775848757",
"5084","1997","96",
"5085","2010","0",
"5086","1993","1",
"5087","2018","9433047",
"5088","1994","708",
"5089","2025","6",
"5090","1985","79382",
"5091","1992","20121692",
"5092","2025","5",
"5093","1993","9",
"5094","2002","56674560",
"5095","1987","4583384",
"5096","2016","70234",
"5097","1989","902",
"5098","1981","361",
"5099","2007","2",
"5100","2005","481825392",
"5101","1974","338815837",
"5102","2018","353",
"5103","1988","192813",
"5104","1974","0",
"5105","1972","288057872",
"5106","1990","7",
"5107","2014","1",
"5108","1985","786846934",
"5109","1997","0",
"5110","2007","0",
"5111","2008","18124",
"5112","2023","531354",
"5113","2020","2",
"5114","1978","0",
"5115","1995","200",
"5116","1978","7450150",
"5117","1996","29858",
"5118","1971","295",
"5119","1982","16269245",
"5120","2017","530335",
"5121","2009","1029460",
"5122","1996","163046049",
"5123","2013","99967",
"5124","1988","260331",
"5125","1985","341368614",
"5126","1989","39660",
"5127","1991","0",
"5128","2016","11256",
"5129","2005","5027",
"5130","2015","445103",
"5131","1974","54821291",
"5132","1973","6707",
"5133","2025","6358946",
"5134","2020","29",
"5135","1975","78554",
"5136","2014","4272699",
"5137","1993","5813",
"5138","2011","34",
"5139","2007","4380",
"5140","1978","73",
"5141","1997","98575",
"5142","2018","700831727",
"5143","1976","814",
"5144","1974","743",
"5145","1977","2016",
"5146","1970","7526153",
"5147","2008","989",
"5148","1985","687161",
"5149","1985","53",
"5150","1993","0",
"5151","1997","933901",
"5152","2000","0",
"5153","1981","9432406",
"5154","1984","8025",
"5155","2011","558988550",
"5156","1999","28821672",
"5157","1999","4443824",
"5158","1998","419788",
"5159","1982","1248",
"5160","2003","304478842",
"5161","2023","96",
"5162","2024","56",
"5163","1978","2",
"5164","1981","5915400",
"5165","2009","67",
"5166","1978","50",
"5167","1990","8",
"5168","1994","317234841",
"5169","1974","5893392",
"5170","2000","3683711",
"5171","2001","740102",
"5172","1994","874",
"5173","1976","566086",
"5174","1984","8",
"5175","2007","809",
"5176","1990","97894",
"5177","2025","5",
"5178","1997","5",
"5179","2025","373",
"5180","2006","0",
"5181","1975","19",
"5182","1979","7577609",
"5183","1991","1793",
"5184","2005","84185450",
"5185","2022","94273806",
"5186","2023","28",
"5187","2019","581680",
"5188","1971","0",
"5189","1972","1",
"5190","2024","35219",
"5191","1970","57",
"5192","2020","375405",
"5193","2019","488060913",
"5194","1976","8833",
"5195","1990","730855",
"5196","2013","0",
"5197","2005","347",
"5198","1973","985806",
"5199","2014","43669851",
"5200","2010","755",
"5201","1974","675648",
"5202","2019","636833",
"5203","2023","1",
"5204","1975","3306683",
"5205","1980","7",
"5206","2007","0",
"5207","1970","0",
"5208","2023","251",
"5209","1985","3",
"5210","1971","0",
"5211","1974","75085",
"5212","1983","3",
"5213","2009","3",
"5214","1998","0",
"5215","2023","26900",
"5216","1996","3249",
"5217","1982","695953",
"5218","1981","6855",
"5219","2001","1720555",
"5220","2006","47250642",
"5221","2025","885",
"5222","2001","787507",
"5223","2001","61559",
"5224","1971","0",
"5225","2025","63",
"5226","1972","6888",
"5227","2014","99460",
"5228","1995","17874723",
"5229","1990","2",
"5230","1987","5217",
"5231","2014","84",
"5232","1984","658202",
"5233","1979","6",
"5234","1975","547114314",
"5235","2003","44809546",
"5236","1989","61065",
"5237","2019","658",
"5238","2006","7",
"5239","1979","525011619",
"5240","2011","948",
"5241","2005","0",
"5242","2002","425205403",
"5243","2007","2814",
"5244","1989","96438",
"5245","1972","465957054",
"5246","2008","1",
"5247","1999","4691",
"5248","2001","719249",
"5249","2016","51",
"5250","1992","8664",
"5251","2008","0",
"5252","2020","46",
"5253","2012","205068513",
"5254","2025","8603",
"5255","1991","0",
"5256","2017","53520198",
"5257","2014","7",
"5258","1973","2262",
"5259","1970","39197998",
"5260","2005","912899309",
"5261","2015","2946112",
"5262","1990","96",
"5263","1977","813",
"5264","2003","5",
"5265","1984","97924657",
"5266","1980","0",
"5267","1975","8",
"5268","1993","34",
"5269","2000","6",
"5270","1994","381",
"5271","1981","4447",
"5272","1970","131",
"5273","1971","3695080",
"5274","2005","769319",
"5275","1981","11",
"5276","1986","93755",
"5277","2022","7363346",
"5278","2014","4962559",
"5279","1976","7",
"5280","1984","31",
"5281","1985","3713875",
"5282","2004","773",
"5283","1975","15270",
"5284","2023","90761",
"5285","1978","19683106",
"5286","2011","2",
"5287","2019","727379159",
"5288","2020","355691272",
"5289","2024","44193815",
"5290","1978","692",
"5291","1990","23902471",
"5292","1984","37898",
"5293","1989","17748472",
"5294","2011","328118763",
"5295","2019","3421",
"5296","2002","3197031",
"5297","2008","803",
"5298","2022","4360",
"5299","2006","275",
"5300","2005","0",
"5301","2024","63",
"5302","1976","0",
"5303","2009","94445025",
"5304","2012","4241",
"5305","1993","3914",
"5306","1988","780",
"5307","1980","446234203",
"5308","1971","55045963",
"5309","1973","978",
"5310","1992","4018",
"5311","2007","55983",
"5312","1988","4374249",
"5313","1984","6",
"5314","1980","90400714",
"5315","1988","96187091",
"5316","1998","15280",
"5317","2017","2019",
"5318","2005","1718911",
"5319","1970","201",
"5320","1976","3298529",
"5321","1991","368212",
"5322","2020","854",
"5323","1980","614",
"5324","1991","0",
"5325","2000","3",
"5326","1971","4356",
"5327","2020","965795720",
"5328","1970","4285",
"5329","1986","497046",
"5330","2006","942624775",
"5331","1971","9",
"5332","2000","43101904",
"5333","2007","96",
"5334","1971","6505",
"5335","2017","86529",
"5336","2004","78973350",
"5337","2005","46",
"5338","1988","89148",
"5339","2006","1726",
"5340","2014","933289",
"5341","1990","1",
"5342","1976","83",
"5343","2004","50",
"5344","2017","0",
"5345","1970","459836885",
"5346","2024","163381",
"5347","2003","692163",
"5348","1995","96",
"5349","2009","308",
"5350","1971","75599046",
"5351","1979","628603613",
"5352","2008","0",
"5353","2005","881664",
"5354","2012","3242",
"5355","2011","1",
"5356","2023","397190660",
"5357","2006","63153643",
"5358","2008","588",
"5359","2000","6",
"5360","1980","612",
"5361","1992","23808",
"5362","2020","59",
"5363","2004","118336762",
"5364","2024","89",
"5365","2016","1769733",
"5366","2006","267618686",
"5367","1992","374",
"5368","1997","681548",
"5369","1983","70",
"5370","2018","5356429",
"5371","2021","861",
"5372","1994","2073348",
"5373","2023","9",
"5374","1975","756560",
"5375","2003","0",
"5376","1987","0",
"5377","2009","0",
"5378","2001","4298",
"5379","1987","338",
"5380","1987","0",
"5381","1979","97",
"5382","2018","5776943",
"5383","2004","559",
"5384","1997","6857",
"5385","2011","589922151",
"5386","1985","9",
"5387","2013","0",
"5388","1992","9666724",
"5389","2013","595576",
"5390","2012","3288",
"5391","2016","0",
"5392","1984","667018",
"5393","2021","5",
"5394","2011","5811",
"5395","2002","15443",
"5396","1993","76197",
"5397","1977","17744609",
"5398","2019","5782633",
"5399","2011","99",
"5400","2006","2",
"5401","2005","3",
"5402","1988","46396250",
"5403","2013","7110",
"5404","1976","125231",
"5405","1983","50",
"5406","2000","7",
"5407","1999","5365344",
"5408","2024","2855200",
"5409","2006","4190",
"5410","1990","92",
"5411","1992","2237",
"5412","1992","284298",
"5413","1997","587",
"5414","2021","322893",
"5415","1976","0",
"5416","2005","0",
"5417","1995","34",
"5418","1971","7",
"5419","2012","8",
"5420","2023","0",
"5421","1995","209250",
"5422","1990","3050",
"5423","2016","528168432",
"5424","2006","71278417",
"5425","1998","82992674",
"5426","1978","95035970",
"5427","1980","465182008",
"5428","1983","589989",
"5429","2000","74",
"5430","2001","2810882",
"5431","2007","94381828",
"5432","1992","83496",
"5433","1988","0",
"5434","1981","996845820",
"5435","1976","36925",
"5436","1991","59",
"5437","1978","44",
"5438","2004","118117021",
"5439","2017","6",
"5440","2010","95180300",
"5441","1986","98635",
"5442","1991","929810813",
"5443","2005","0",
"5444","1985","5681",
"5445","2005","33028645",
"5446","1981","33135349",
"5447","2023","662876",
"5448","2010","5116373",
"5449","2021","0",
"5450","2013","529",
"5451","2011","0",
"5452","2016","340",
"5453","1976","437638",
"5454","1990","995",
"5455","2004","0",
"5456","1978","11432",
"5457","1998","26822",
"5458","1989","3",
"5459","1980","38594",
"5460","1993","0",
"5461","1981","88",
"5462","2011","340",
"5463","2024","12",
"5464","2006","2193",
"5465","1997","818944",
"5466","1990","66",
"5467","2001","1600",
"5468","2022","764",
"5469","1980","52",
"5470","1977","630399",
"5471","2012","0",
"5472","2003","10",
"5473","2000","7837650",
"5474","1970","13178",
"5475","1992","380667",
"5476","1979","60",
"5477","1989","75607",
"5478","1997","3882273",
"5479","2001","124660278",
"5480","2017","874102377",
"5481","2007","16",
"5482","1977","90507808",
"5483","1999","6204952",
"5484","1994","1109",
"5485","1981","3",
"5486","1984","8",
"5487","1980","131231",
"5488","1973","917821298",
"5489","1998","8",
"5490","2004","574",
"5491","2008","48",
"5492","2012","36630",
"5493","1993","8",
"5494","1992","0",
"5495","1996","915766",
"5496","2017","29",
"5497","2009","3",
"5498","2007","37754402",
"5499","2008","29683",
"5500","1983","93",
"5501","2016","47",
"5502","1992","0",
"5503","2022","958345",
"5504","2007","52",
"5505","2007","8821",
"5506","2012","205880",
"5507","2007","0",
"5508","2025","247",
"5509","2025","8516",
"5510","2003","693",
"5511","1990","706",
"5512","2024","7817136",
"5513","1970","64124",
"5514","1972","585",
"5515","2021","920942281",
"5516","1999","33664115",
"5517","2016","34099",
"5518","1991","77",
"5519","2025","0",
"5520","2010","577397488",
"5521","1975","0",
"5522","1996","883724",
"5523","2022","827",
"5524","1989","8",
"5525","1994","0",
"5526","1978","45",
"5527","2015","0",
"5528","2021","197523",
"5529","1974","6",
"5530","1999","57",
"5531","2000","909629110",
"5532","2011","0",
"5533","2025","51886",
"5534","2004","723",
"5535","2001","634941",
"5536","2009","0",
"5537","1992","20",
"5538","2009","7",
"5539","2002","55",
"5540","1975","7463",
"5541","1983","462640933",
"5542","1997","41",
"5543","1976","583223122",
"5544","2013","5883",
"5545","1994","332897",
"5546","1981","8250955",
"5547","1970","785859767",
"5548","1974","13665",
"5549","2018","0",
"5550","2013","6",
"5551","1987","69947267",
"5552","1987","2",
"5553","1982","407",
"5554","1990","93399",
"5555","2013","941424",
"5556","2019","2224321",
"5557","1981","5230101",
"5558","1978","49",
"5559","1991","110",
"5560","1983","710",
"5561","1985","52508716",
"5562","2000","1298",
"5563","2019","122793",
"5564","1981","29054",
"5565","1983","5259",
"5566","2025","901",
"5567","1996","67",
"5568","2022","760",
"5569","2008","513",
"5570","1974","8772439",
"5571","1999","6201084",
"5572","1998","8306416",
"5573","2024","735",
"5574","1986","2",
"5575","2001","31674410",
"5576","2008","37",
"5577","2012","0",
"5578","1997","4013",
"5579","1992","9610",
"5580","1975","986",
"5581","1977","11",
"5582","2001","5",
"5583","2005","7615606",
"5584","1973","8",
"5585","2009","7757102",
"5586","1992","78379810",
"5587","1993","727792790",
"5588","1974","2",
"5589","2018","1",
"5590","1990","2",
"5591","2008","73659",
"5592","2015","0",
"5593","2010","40618677",
"5594","2006","0",
"5595","1972","7760885",
"5596","2013","90716",
"5597","1984","0",
"5598","1999","4678",
"5599","2009","5941423",
"5600","1983","52382",
"5601","1987","8535055",
"5602","1971","0",
"5603","2006","8752",
"5604","1978","475339",
"5605","2004","3403",
"5606","1982","639358",
"5607","1985","1187867",
"5608","1993","70511",
"5609","2004","100901",
"5610","1996","846993",
"5611","2019","39785",
"5612","1982","654372388",
"5613","2001","3244",
"5614","1987","9919",
"5615","2005","48",
"5616","2019","49944020",
"5617","2004","99322203",
"5618","1981","8529051",
"5619","2003","477501040",
"5620","1996","0",
"5621","2015","1",
"5622","1994","29077591",
"5623","2010","0",
"5624","2002","403",
"5625","2025","67",
"5626","1988","4120433",
"5627","2009","7153917",
"5628","2005","72",
"5629","2021","60503774",
"5630","1971","712",
"5631","1986","5660",
"5632","2015","56",
"5633","1988","177394",
"5634","2001","20",
"5635","2015","61246326",
"5636","1993","767367",
"5637","1996","702578",
"5638","2025","89738895",
"5639","1989","31413",
"5640","2009","0",
"5641","1979","33",
"5642","2006","6771",
"5643","1993","112601839",
"5644","2016","70",
"5645","1988","67302",
"5646","2009","6969",
"5647","2016","0",
"5648","1970","8767173",
"5649","2009","76",
"5650","1997","38558",
"5651","2024","22834559",
"5652","1984","957385",
"5653","2025","980",
"5654","1985","0",
"5655","1973","1910531",
"5656","1974","239688",
"5657","2014","1789095",
"5658","1989","4",
"5659","2009","158",
"5660","1977","0",
"5661","1976","88",
"5662","2006","39783726",
"5663","1980","3549",
"5664","2003","250620",
"5665","1999","843000",
"5666","1993","5183686",
"5667","1975","7136",
"5668","2010","0",
"5669","1978","5675338",
"5670","2000","18367337",
"5671","2003","856",
"5672","1988","8981",
"5673","1994","68",
"5674","1985","61767023",
"5675","2022","8505617",
"5676","2002","63",
"5677","2017","9",
"5678","1987","77",
"5679","2021","0",
"5680","2022","703232",
"5681","1985","469959",
"5682","2023","338579783",
"5683","2009","73843",
"5684","1986","8538",
"5685","2006","1883497",
"5686","2004","889855351",
"5687","1977","48479159",
"5688","2002","522",
"5689","1989","2",
"5690","1973","497929868",
"5691","1979","7537",
"5692","2008","3827570",
"5693","2004","51848699",
"5694","2019","0",
"5695","2000","65",
"5696","1984","476",
"5697","2023","99",
"5698","2005","8",
"5699","1995","1",
"5700","2006","599",
"5701","2013","3569",
"5702","1990","0",
"5703","1999","3",
"5704","2010","5120510",
"5705","1976","125446",
"5706","1971","18677817",
"5707","1986","132",
"5708","1976","35",
"5709","1984","3593728",
"5710","1986","65929",
"5711","2007","6459140",
"5712","1995","0",
"5713","2023","30086122",
"5714","1977","0",
"5715","1998","0",
"5716","2000","40",
"5717","2007","116",
"5718","2007","21",
"5719","1971","169",
"5720","1992","27850",
"5721","1978","175089",
"5722","2001","75",
"5723","2024","43175",
"5724","2016","663",
"5725","1972","130028",
"5726","2018","43624",
"5727","2006","460722741",
"5728","1972","443664",
"5729","1979","681444302",
"5730","1979","0",
"5731","1997","2128",
"5732","2025","4199051",
"5733","1999","88947126",
"5734","2009","9402",
"5735","2021","0",
"5736","1971","6387333",
"5737","1986","977",
"5738","1988","69714515",
"5739","2014","0",
"5740","2017","78861",
"5741","2000","383401422",
"5742","2009","84231848",
"5743","1979","290905",
"5744","1977","9",
"5745","1977","32640",
"5746","1970","242",
"5747","1987","0",
"5748","1979","682134",
"5749","2005","912202",
"5750","2015","0",
"5751","1973","82560744",
"5752","1985","99",
"5753","1990","51637",
"5754","1992","43785186",
"5755","1991","596424",
"5756","1982","666464",
"5757","2025","47444",
"5758","1976","193",
"5759","1990","836464",
"5760","2023","9595",
"5761","2002","5",
"5762","2011","69479786",
"5763","1983","318563261",
"5764","1981","257",
"5765","1994","63",
"5766","2023","1524158",
"5767","1986","8576146",
"5768","2000","10193833",
"5769","1997","5915974",
"5770","1992","286",
"5771","2005","658026",
"5772","1970","815",
"5773","1992","774309",
"5774","1979","7494",
"5775","1993","4449844",
"5776","1982","789855",
"5777","2019","14116",
"5778","1991","409968",
"5779","1970","299793",
"5780","2021","634",
"5781","2011","6253189",
"5782","2022","538862",
"5783","1984","99",
"5784","1984","859047668",
"5785","2020","280597",
"5786","1997","6",
"5787","1983","478051641",
"5788","2020","7590784",
"5789","2009","98",
"5790","1981","770229",
"5791","2003","891287",
"5792","1991","7097038",
"5793","2012","9202",
"5794","2004","7175",
"5795","1990","146411",
"5796","1993","34",
"5797","1977","6837616",
"5798","1993","0",
"5799","2005","11654319",
"5800","2008","141992",
"5801","2005","1002",
"5802","1976","19853262",
"5803","1976","0",
"5804","1990","534",
"5805","1971","5611",
"5806","1992","0",
"5807","1970","6",
"5808","2013","277422871",
"5809","2025","2288",
"5810","2021","146",
"5811","1977","5249209",
"5812","1989","8",
"5813","2016","9557482",
"5814","1980","21",
"5815","2016","602",
"5816","2010","278881416",
"5817","1977","98090358",
"5818","2025","563",
"5819","1973","1300034",
"5820","1983","191281315",
"5821","2010","149486296",
"5822","2010","58",
"5823","2008","53",
"5824","2009","0",
"5825","2002","948586414",
"5826","1987","700627487",
"5827","2015","7065742",
"5828","1998","566",
"5829","1999","663098604",
"5830","1984","3793",
"5831","1992","93",
"5832","2025","0",
"5833","1976","469029283",
"5834","1989","307",
"5835","2002","703883789",
"5836","2005","36378714",
"5837","2019","54",
"5838","2015","190627150",
"5839","1973","328",
"5840","1994","653452208",
"5841","2004","18460276",
"5842","2022","24",
"5843","2016","61",
"5844","1979","595",
"5845","2010","4727801",
"5846","1986","8",
"5847","1977","34565928",
"5848","1989","862651",
"5849","2001","220452",
"5850","1987","2608366",
"5851","2011","129",
"5852","2021","80474",
"5853","2015","7618",
"5854","1986","4",
"5855","2003","242835329",
"5856","2013","522012",
"5857","1982","868692340",
"5858","1977","46249077",
"5859","2013","72",
"5860","1990","0",
"5861","1981","307665",
"5862","1993","9",
"5863","2014","8740234",
"5864","1996","8749516",
"5865","2022","544",
"5866","1975","56",
"5867","1987","51351760",
"5868","1975","7661",
"5869","2017","1",
"5870","1975","0",
"5871","1974","1034193",
"5872","2001","8442",
"5873","2009","0",
"5874","1976","145",
"5875","2007","4645",
"5876","1977","840330959",
"5877","1987","5462444",
"5878","2014","9747472",
"5879","2019","3",
"5880","2014","8889",
"5881","1982","974",
"5882","2007","86175",
"5883","1977","61627278",
"5884","1991","7",
"5885","2009","294548087",
"5886","2008","537395958",
"5887","1999","8",
"5888","2013","8",
"5889","2020","629085768",
"5890","1992","456895",
"5891","1975","44",
"5892","2014","18",
"5893","1984","0",
"5894","1985","27",
"5895","2009","21433",
"5896","1984","0",
"5897","1980","79",
"5898","2018","13943603",
"5899","2023","915251870",
"5900","2011","0",
"5901","2012","0",
"5902","1985","84452",
"5903","1992","85898864",
"5904","2020","55",
"5905","1996","884189094",
"5906","1975","9163",
"5907","1975","711257",
"5908","2007","5",
"5909","2000","267532",
"5910","1983","99308206",
"5911","1989","0",
"5912","2001","767598860",
"5913","2019","927",
"5914","2003","23653",
"5915","1972","96",
"5916","1983","4005",
"5917","1986","91463992",
"5918","1982","615878833",
"5919","2018","0",
"5920","1982","3281",
"5921","1978","759",
"5922","1992","640",
"5923","2024","72706249",
"5924","1997","76897540",
"5925","2010","312351620",
"5926","2017","2",
"5927","2001","9",
"5928","1976","4835",
"5929","1989","59244991",
"5930","1987","10269300",
"5931","1977","597437",
"5932","1981","6451736",
"5933","2010","35850410",
"5934","1980","65",
"5935","1985","911",
"5936","1991","419080",
"5937","2006","2789899",
"5938","2013","0",
"5939","2006","87033",
"5940","2018","8216241",
"5941","1999","66",
"5942","1987","36418",
"5943","1971","5491872",
"5944","1992","22523312",
"5945","1993","6442",
"5946","1983","61608",
"5947","1984","729563894",
"5948","2025","781397315",
"5949","2012","26088",
"5950","1989","0",
"5951","1993","0",
"5952","1971","77369822",
"5953","2017","6880",
"5954","2021","425920506",
"5955","2010","764176",
"5956","2002","60273778",
"5957","1981","26509",
"5958","2016","67",
"5959","1985","4",
"5960","1980","0",
"5961","2024","3396492",
"5962","1985","111188043",
"5963","2013","0",
"5964","1970","378",
"5965","1997","72948",
"5966","1987","697",
"5967","2010","0",
"5968","1972","46698",
"5969","2007","380",
"5970","1999","434384451",
"5971","1988","0",
"5972","1997","2493947",
"5973","2009","46134",
"5974","1976","8",
"5975","1981","254060809",
"5976","1981","3541",
"5977","2000","229",
"5978","2012","709774283",
"5979","1988","70834801",
"5980","1998","54470",
"5981","2018","67",
"5982","2014","7137191",
"5983","1973","70",
"5984","1989","7752",
"5985","1993","33",
"5986","2025","604704",
"5987","1986","109748875",
"5988","1986","61960",
"5989","2007","0",
"5990","1982","0",
"5991","2002","66700228",
"5992","2006","571547",
"5993","1982","8",
"5994","1972","489204830",
"5995","2001","0",
"5996","1978","663634",
"5997","1991","58",
"5998","2018","16",
"5999","2024","19584498",
"6000","1998","83962793",
"6001","2000","89069",
"6002","1982","19",
"6003","1989","779132620",
"6004","1975","2285",
"6005","1999","15438677",
"6006","1985","982157849",
"6007","1990","94415558",
"6008","2001","4450797",
"6009","2000","0",
"6010","2009","46594",
"6011","1990","5",
"6012","2013","49",
"6013","1971","3596239",
"6014","1982","63709",
"6015","2024","754",
"6016","1970","178763",
"6017","1980","80",
"6018","1982","819903",
"6019","2001","18",
"6020","2005","456387622",
"6021","2019","554",
"6022","1975","10738",
"6023","2017","286312400",
"6024","1994","765",
"6025","2003","1514098",
"6026","2023","32488541",
"6027","1973","71118314",
"6028","2024","43",
"6029","1999","2",
"6030","1987","637",
"6031","1975","3",
"6032","2023","45240285",
"6033","2025","3101",
"6034","1991","42519336",
"6035","2012","5",
"6036","2006","2",
"6037","1994","10135491",
"6038","1986","8464998",
"6039","2005","395",
"6040","1999","0",
"6041","2024","772463051",
"6042","1992","0",
"6043","1977","0",
"6044","1981","38196691",
"6045","2024","4665919",
"6046","2020","6288321",
"6047","2007","808465",
"6048","2019","80508601",
"6049","2000","84962",
"6050","2017","646020",
"6051","1980","25152",
"6052","1973","805",
"6053","2020","6418429",
"6054","1970","575731",
"6055","1996","185765",
"6056","1977","628",
"6057","2007","632336259",
"6058","2012","992",
"6059","2008","61720",
"6060","1982","712",
"6061","2005","79",
"6062","1979","403892118",
"6063","2019","68608",
"6064","1985","446625987",
"6065","2005","89",
"6066","2024","129199",
"6067","2010","894",
"6068","1973","0",
"6069","1971","852446602",
"6070","2016","0",
"6071","1985","2",
"6072","1981","40235",
"6073","2016","408846",
"6074","2018","86495791",
"6075","1970","641261",
"6076","2021","677",
"6077","2019","547075",
"6078","2006","68990588",
"6079","1982","469557",
"6080","1979","91117",
"6081","1984","83413953",
"6082","2020","366445",
"6083","1998","0",
"6084","1991","984110",
"6085","1983","834791606",
"6086","1983","34489",
"6087","2019","3772756",
"6088","2005","0",
"6089","1999","178452838",
"6090","1974","645359",
"6091","2006","417784",
"6092","1993","70891571",
"6093","1998","0",
"6094","1986","619",
"6095","1997","63563726",
"6096","2010","0",
"6097","2004","637327",
"6098","2002","72207993",
"6099","2018","5064",
"6100","1980","0",
"6101","2012","35626",
"6102","1994","0",
"6103","1994","140993141",
"6104","1982","570545551",
"6105","2007","7272",
"6106","2008","62161",
"6107","1991","37",
"6108","2023","42375609",
"6109","1984","9",
"6110","1975","547206606",
"6111","1972","9311",
"6112","1975","3",
"6113","1979","5432",
"6114","2002","3049",
"6115","1970","52666",
"6116","1996","99606774",
"6117","2010","7016",
"6118","2002","1",
"6119","1972","47269167",
"6120","2008","4",
"6121","2024","3773",
"6122","1974","795",
"6123","2023","50292061",
"6124","1974","41233214",
"6125","2006","442717363",
"6126","1995","68544",
"6127","2016","26817",
"6128","1977","9532",
"6129","2000","184",
"6130","2004","94673",
"6131","1984","75263107",
"6132","1987","8",
"6133","2021","6047322",
"6134","2009","92541",
"6135","2009","0",
"6136","1981","2135084",
"6137","1999","62",
"6138","1970","0",
"6139","2014","252",
"6140","2018","832072",
"6141","2015","443058",
"6142","1984","5",
"6143","2003","740195",
"6144","2004","6074",
"6145","1991","26",
"6146","1976","2852",
"6147","2021","30035427",
"6148","1971","91448",
"6149","1977","94",
"6150","1982","4222",
"6151","2009","33687",
"6152","2024","344",
"6153","1988","330401766",
"6154","1985","64",
"6155","2023","50",
"6156","1979","761",
"6157","1979","55546579",
"6158","1984","853110214",
"6159","2004","4083076",
"6160","1970","0",
"6161","2007","628815973",
"6162","1979","80091",
"6163","1979","88",
"6164","1977","167004",
"6165","1996","2288416",
"6166","1983","0",
"6167","1998","5",
"6168","1977","0",
"6169","2017","10222",
"6170","2022","47",
"6171","1987","7",
"6172","1982","562950673",
"6173","1996","3",
"6174","2017","341085375",
"6175","1975","0",
"6176","1983","122",
"6177","1983","2",
"6178","1999","3169",
"6179","2007","6642379",
"6180","2025","68",
"6181","1984","52120",
"6182","2023","840677",
"6183","2014","62289002",
"6184","2015","782297",
"6185","2002","588",
"6186","2005","1004",
"6187","2009","4210",
"6188","1985","321886051",
"6189","1990","614569",
"6190","2025","96",
"6191","1989","27627731",
"6192","1979","716446490",
"6193","2008","8",
"6194","1970","5337500",
"6195","2017","485542",
"6196","1976","425",
"6197","1989","51",
"6198","1979","35",
"6199","2020","0",
"6200","2011","5",
"6201","1988","9326",
"6202","1991","46",
"6203","2022","0",
"6204","2006","379",
"6205","2023","0",
"6206","1989","905160",
"6207","2018","70391",
"6208","2002","32293357",
"6209","2014","707788",
"6210","1977","35064680",
"6211","2001","8",
"6212","2019","0",
"6213","2005","2646",
"6214","1971","836",
"6215","1984","858",
"6216","1975","4",
"6217","2025","3",
"6218","1978","0",
"6219","1985","554",
"6220","1987","23376",
"6221","2000","662",
"6222","1990","21",
"6223","2004","76",
"6224","1987","4437",
"6225","1978","84710507",
"6226","1997","30375400",
"6227","1979","37",
"6228","1999","45",
"6229","1998","928859086",
"6230","1991","147",
"6231","2023","9",
"6232","1983","2",
"6233","1979","0",
"6234","1981","97887481",
"6235","1982","1117916",
"6236","1992","57612761",
"6237","1972","0",
"6238","2023","18",
"6239","2008","34813",
"6240","2022","1",
"6241","2018","790",
"6242","1978","8489696",
"6243","2008","885594735",
"6244","1994","29089072",
"6245","2009","59273533",
"6246","1992","1535003",
"6247","2005","86313483",
"6248","2005","2",
"6249","1977","9",
"6250","1990","6",
"6251","2007","80963",
"6252","1986","1193",
"6253","2023","0",
"6254","2018","98381053",
"6255","1985","886219651",
"6256","1977","2073",
"6257","1988","0",
"6258","2019","0",
"6259","1976","197173094",
"6260","1995","4",
"6261","2013","27",
"6262","1993","80020",
"6263","1975","0",
"6264","2015","49244",
"6265","2017","634239004",
"6266","1978","854759",
"6267","1970","44623",
"6268","2025","48099996",
"6269","2015","750263718",
"6270","2005","965360",
"6271","2014","6580",
"6272","1989","0",
"6273","2020","98371",
"6274","2016","33347",
"6275","1980","76829432",
"6276","2000","320",
"6277","1975","65813",
"6278","1999","594854402",
"6279","1992","25449991",
"6280","2023","3237",
"6281","2011","0",
"6282","2018","0",
"6283","1970","44702",
"6284","2001","7585216",
"6285","2018","67326493",
"6286","2005","0",
"6287","2010","778",
"6288","2013","950133",
"6289","2023","4",
"6290","1988","6712",
"6291","1999","6",
"6292","1988","5506898",
"6293","1972","889399212",
"6294","1974","0",
"6295","2000","5",
"6296","1997","89",
"6297","2023","95",
"6298","1997","874500",
"6299","1975","0",
"6300","1983","7",
"6301","2010","6682835",
"6302","2009","15",
"6303","1989","858084051",
"6304","1984","55658",
"6305","2004","960034",
"6306","2022","1",
"6307","2008","15",
"6308","2022","9264919",
"6309","2025","0",
"6310","2001","725",
"6311","1980","7059",
"6312","1994","9470",
"6313","2008","5",
"6314","1996","13",
"6315","2022","944",
"6316","2010","69",
"6317","1979","106234529",
"6318","1980","3",
"6319","1981","43037456",
"6320","1983","8439",
"6321","2002","600259",
"6322","1980","831223",
"6323","1980","9665",
"6324","1998","68278",
"6325","2010","410",
"6326","2009","35333297",
"6327","2019","0",
"6328","1972","554300",
"6329","1993","7",
"6330","2019","3456",
"6331","2019","59185915",
"6332","1977","698",
"6333","1973","849313",
"6334","2025","5078700",
"6335","2011","578",
"6336","2021","7",
"6337","1981","852418",
"6338","1974","82",
"6339","2015","50",
"6340","1987","934",
"6341","2023","17922",
"6342","2014","792",
"6343","1993","908",
"6344","2018","196072",
"6345","1980","9",
"6346","2004","0",
"6347","1986","809938",
"6348","1971","5239",
"6349","1971","29",
"6350","2015","0",
"6351","1997","38211842",
"6352","2013","90357",
"6353","2013","91926872",
"6354","1981","90",
"6355","1996","5",
"6356","1998","20279",
"6357","2004","950783806",
"6358","2009","18",
"6359","2003","86",
"6360","2013","666",
"6361","1978","53",
"6362","1981","267",
"6363","1993","6021109",
"6364","2024","71",
"6365","2014","202230",
"6366","2003","9873240",
"6367","1983","0",
"6368","1975","5008",
"6369","2024","0",
"6370","2014","703536",
"6371","1989","1",
"6372","2005","5142893",
"6373","1981","703737764",
"6374","1975","611241299",
"6375","2017","575220",
"6376","1998","44",
"6377","1985","43732",
"6378","1971","5",
"6379","2010","875070155",
"6380","2003","359873",
"6381","2014","0",
"6382","2009","79181",
"6383","2017","8",
"6384","2000","0",
"6385","2020","789511315",
"6386","1975","93133976",
"6387","1977","2001528",
"6388","2021","4",
"6389","1982","911551",
"6390","1981","0",
"6391","2014","33832",
"6392","1985","52726",
"6393","1981","3",
"6394","1975","703",
"6395","2001","8637",
"6396","2019","30022526",
"6397","2017","0",
"6398","1995","897296404",
"6399","1988","40",
"6400","1974","0",
"6401","2009","26503",
"6402","2011","648513",
"6403","1981","7",
"6404","1979","1027267",
"6405","2002","0",
"6406","2003","605",
"6407","2012","914",
"6408","2015","5178",
"6409","1980","769",
"6410","2000","46087",
"6411","1972","132",
"6412","2015","106",
"6413","2011","0",
"6414","1996","7373423",
"6415","2011","51519524",
"6416","2022","42811",
"6417","2016","2258109",
"6418","2007","0",
"6419","2017","31",
"6420","2007","3668",
"6421","2024","4793",
"6422","1976","570243",
"6423","1974","597201949",
"6424","1977","10729",
"6425","2001","795156477",
"6426","2015","858111",
"6427","2018","468950354",
"6428","1979","892227007",
"6429","2015","1151118",
"6430","1994","26",
"6431","1979","0",
"6432","2002","0",
"6433","1979","1874",
"6434","1986","0",
"6435","2021","98245683",
"6436","2024","0",
"6437","1978","12333",
"6438","1977","119355",
"6439","1998","176396095",
"6440","2016","76721061",
"6441","1994","0",
"6442","2001","823",
"6443","1984","69083",
"6444","2010","0",
"6445","2010","0",
"6446","1999","2",
"6447","2009","2",
"6448","1971","89",
"6449","1997","432282183",
"6450","2011","823179",
"6451","1971","84",
"6452","2022","4",
"6453","1979","51497",
"6454","2001","2820",
"6455","2019","161887580",
"6456","1991","0",
"6457","1978","253",
"6458","1991","108169",
"6459","2006","971",
"6460","2012","655990",
"6461","1989","344016",
"6462","2008","439762",
"6463","1979","3468290",
"6464","1978","220",
"6465","2021","0",
"6466","2014","99658639",
"6467","2000","906",
"6468","2025","5884",
"6469","2001","1119514",
"6470","1991","398",
"6471","1974","461",
"6472","2020","412",
"6473","1976","7",
"6474","2023","51175",
"6475","2013","220520874",
"6476","2000","335953118",
"6477","2019","23750",
"6478","2010","6851",
"6479","1986","15",
"6480","2011","81499374",
"6481","2013","950349382",
"6482","1992","95",
"6483","1993","35019",
"6484","1998","62973",
"6485","1992","35009051",
"6486","1980","52",
"6487","2000","9385655",
"6488","1987","9995",
"6489","1999","983",
"6490","1998","287595020",
"6491","1970","3",
"6492","2007","68797746",
"6493","2019","3684700",
"6494","1977","14653145",
"6495","1984","822431",
"6496","2025","0",
"6497","2015","955",
"6498","1984","629748",
"6499","1982","8",
"6500","2021","9",
"6501","1985","17935963",
"6502","2022","374",
"6503","1990","3290025",
"6504","2006","0",
"6505","2019","35969",
"6506","2007","208",
"6507","2017","31167720",
"6508","2007","3844",
"6509","1980","244421339",
"6510","2004","600",
"6511","2015","28",
"6512","2005","1375904",
"6513","2017","9",
"6514","1979","6246973",
"6515","1987","811866",
"6516","1974","130",
"6517","1989","800854",
"6518","1979","870251",
"6519","2006","9",
"6520","1979","0",
"6521","2019","96951",
"6522","2014","0",
"6523","1986","2277",
"6524","1999","0",
"6525","2023","10",
"6526","2018","0",
"6527","1993","644094",
"6528","2024","38458",
"6529","2011","3",
"6530","2020","683",
"6531","2011","95012604",
"6532","1975","47148975",
"6533","1997","780331049",
"6534","1985","491883",
"6535","1975","4343531",
"6536","1987","8107216",
"6537","1995","9459",
"6538","1997","67576160",
"6539","2001","298",
"6540","2010","349",
"6541","1982","734789",
"6542","1992","5",
"6543","1970","717521",
"6544","2006","407599",
"6545","2007","9705220",
"6546","1995","65573842",
"6547","2018","0",
"6548","1970","2",
"6549","1973","8076871",
"6550","1971","569",
"6551","2018","0",
"6552","1974","609882",
"6553","1992","3884061",
"6554","2011","562800643",
"6555","1977","1",
"6556","2025","1207146",
"6557","1994","1943",
"6558","1995","307",
"6559","2007","154391481",
"6560","1976","72706841",
"6561","2001","80264507",
"6562","1974","63781192",
"6563","1997","912",
"6564","1970","61",
"6565","2004","64455128",
"6566","2003","482",
"6567","2000","25658",
"6568","2005","4",
"6569","1974","69003860",
"6570","2023","3432830",
"6571","1994","36706923",
"6572","1972","0",
"6573","1989","16",
"6574","2022","81680118",
"6575","2017","3",
"6576","2010","73960",
"6577","2011","1",
"6578","2020","114679",
"6579","1974","5",
"6580","1978","206968674",
"6581","1990","0",
"6582","1980","364",
"6583","2007","565",
"6584","1996","727",
"6585","1976","84",
"6586","1995","206570202",
"6587","2009","8535605",
"6588","2009","305621286",
"6589","1978","3655256",
"6590","2004","749832248",
"6591","2019","1861258",
"6592","2016","47921",
"6593","1996","94200",
"6594","1970","1",
"6595","2010","30",
"6596","2025","39728863",
"6597","2025","9",
"6598","2014","8542664",
"6599","2013","99412",
"6600","1972","0",
"6601","2025","4513798",
"6602","2010","80604",
"6603","2000","8394",
"6604","1997","7403764",
"6605","2004","797845",
"6606","2015","2762",
"6607","2022","9959486",
"6608","2002","742",
"6609","2018","86933811",
"6610","2003","27920",
"6611","2023","378498042",
"6612","1972","9",
"6613","1980","280",
"6614","1995","3583",
"6615","2016","2588",
"6616","2013","7080945",
"6617","1997","448471",
"6618","2003","8967539",
"6619","1971","708",
"6620","2003","81440",
"6621","2017","546964677",
"6622","2013","9",
"6623","2016","165583894",
"6624","1980","0",
"6625","2002","928730",
"6626","2024","670737289",
"6627","1998","2930",
"6628","1971","524194",
"6629","1982","0",
"6630","2012","75325866",
"6631","2020","349535157",
"6632","2014","458",
"6633","2012","776",
"6634","2013","2847997",
"6635","1971","26",
"6636","1984","0",
"6637","1973","70173",
"6638","2008","16833294",
"6639","1978","82772743",
"6640","2018","53847",
"6641","1991","9",
"6642","2005","0",
"6643","2012","7139309",
"6644","2017","81",
"6645","1993","8216323",
"6646","1982","60",
"6647","2017","559348014",
"6648","2008","163",
"6649","2011","413",
"6650","1984","1992052",
"6651","2021","73416167",
"6652","1973","572",
"6653","1970","98706249",
"6654","1983","8",
"6655","2008","2106711",
"6656","2024","581990032",
"6657","1979","0",
"6658","2001","839203",
"6659","2003","178701490",
"6660","1984","9769",
"6661","1984","11859",
"6662","2010","92267",
"6663","2010","631",
"6664","2003","584388697",
"6665","1976","3217548",
"6666","2024","0",
"6667","1971","7924",
"6668","1986","833707",
"6669","2005","0",
"6670","2008","7609590",
"6671","2012","4802",
"6672","2024","21523868",
"6673","2019","725395763",
"6674","2006","9611519",
"6675","2011","632871",
"6676","1997","1",
"6677","2006","8725649",
"6678","2009","0",
"6679","1979","44",
"6680","1986","1114",
"6681","1979","241602",
"6682","2000","20385287",
"6683","1981","594",
"6684","1996","81",
"6685","2011","47002",
"6686","1978","3623868",
"6687","1970","6246",
"6688","2006","3137989",
"6689","1997","58650",
"6690","2017","9",
"6691","2014","38263",
"6692","1994","4401059",
"6693","2023","998772915",
"6694","1988","538594",
"6695","1994","185829827",
"6696","2024","932",
"6697","2020","140802540",
"6698","1975","0",
"6699","1972","173",
"6700","1981","86340107",
"6701","2025","0",
"6702","1983","5720331",
"6703","1980","48883542",
"6704","1993","3590427",
"6705","2005","6",
"6706","2024","92",
"6707","1978","396158",
"6708","1988","9652229",
"6709","2000","552740",
"6710","2019","1334",
"6711","1993","37",
"6712","1970","9315753",
"6713","1971","589",
"6714","2018","0",
"6715","1984","0",
"6716","2013","491894",
"6717","2017","144984",
"6718","2009","0",
"6719","1970","0",
"6720","2023","0",
"6721","2005","28",
"6722","1979","14",
"6723","2008","0",
"6724","2007","9",
"6725","2013","4827",
"6726","2009","566610",
"6727","2002","430642",
"6728","2005","191831",
"6729","1990","40817598",
"6730","1982","216452273",
"6731","2010","9990850",
"6732","2021","0",
"6733","2005","23276",
"6734","2020","906430",
"6735","1994","537110",
"6736","2004","780613",
"6737","1991","56662238",
"6738","1973","7",
"6739","2018","0",
"6740","1992","0",
"6741","2013","2",
"6742","1970","506",
"6743","1981","135",
"6744","1980","76247",
"6745","2018","75406278",
"6746","2024","77459",
"6747","2025","679",
"6748","1983","8245816",
"6749","2021","2127421",
"6750","2015","68",
"6751","1991","5798",
"6752","2022","877910912",
"6753","2004","172901704",
"6754","1979","28217",
"6755","2000","8486",
"6756","1991","86713577",
"6757","1997","49",
"6758","2021","4392686",
"6759","1977","95747",
"6760","1977","167",
"6761","2001","21046911",
"6762","1982","3",
"6763","1993","7",
"6764","2013","0",
"6765","2003","2633860",
"6766","2021","6",
"6767","1970","1343441",
"6768","1998","0",
"6769","1987","9928",
"6770","2021","406658550",
"6771","1989","77704",
"6772","1987","58",
"6773","2006","286230725",
"6774","1994","7346176",
"6775","2005","221782",
"6776","2011","6393823",
"6777","1996","37",
"6778","1974","92",
"6779","1995","4359",
"6780","2008","31",
"6781","1986","0",
"6782","1982","697969561",
"6783","1971","36010947",
"6784","2009","7449770",
"6785","1993","0",
"6786","2024","91155526",
"6787","1976","495",
"6788","1992","476",
"6789","2018","2",
"6790","1971","80",
"6791","2001","0",
"6792","2021","631271",
"6793","2019","99777",
"6794","2013","4",
"6795","2014","78289",
"6796","2013","725",
"6797","1997","8797564",
"6798","2018","0",
"6799","2004","0",
"6800","1970","32846182",
"6801","2009","0",
"6802","1977","11",
"6803","2007","22950759",
"6804","2020","8313331",
"6805","2006","55686412",
"6806","2012","0",
"6807","2021","809",
"6808","2021","0",
"6809","2009","466554",
"6810","1998","22997405",
"6811","1986","4349586",
"6812","1978","59525",
"6813","1974","0",
"6814","2018","129894656",
"6815","2004","32",
"6816","1995","7461583",
"6817","1985","31381",
"6818","2006","28",
"6819","2001","6265",
"6820","2024","785534",
"6821","2012","10",
"6822","2007","453912",
"6823","1983","5",
"6824","1987","7822725",
"6825","1978","189",
"6826","1970","7360",
"6827","1971","81",
"6828","2000","7789",
"6829","1977","544894",
"6830","2012","9940",
"6831","2020","94998354",
"6832","1974","0",
"6833","2005","97",
"6834","1973","7874818",
"6835","1992","86",
"6836","1973","0",
"6837","2017","0",
"6838","2025","692",
"6839","1976","493",
"6840","1997","611",
"6841","2021","87856628",
"6842","1971","8906",
"6843","1991","0",
"6844","2007","372",
"6845","2025","99860908",
"6846","1985","1",
"6847","2016","105672059",
"6848","2008","0",
"6849","2017","0",
"6850","2014","24489",
"6851","1973","9",
"6852","2001","54",
"6853","1997","2229651",
"6854","1970","9",
"6855","1976","7",
"6856","2011","540552",
"6857","2021","74020",
"6858","1990","710010920",
"6859","1976","0",
"6860","2021","0",
"6861","2014","2",
"6862","2025","2013",
"6863","2003","0",
"6864","1980","405",
"6865","1988","5617617",
"6866","2019","80027666",
"6867","1982","0",
"6868","1985","2",
"6869","2006","89301",
"6870","1997","6799893",
"6871","2002","43086866",
"6872","1996","77977444",
"6873","1980","5889",
"6874","1986","9865426",
"6875","2002","6",
"6876","2008","1369",
"6877","1998","97380976",
"6878","2011","2",
"6879","1997","35",
"6880","2001","0",
"6881","2013","5800342",
"6882","1990","42",
"6883","1990","577424",
"6884","1975","87538",
"6885","1981","1",
"6886","2010","292110",
"6887","2016","470",
"6888","2011","6490338",
"6889","1981","2",
"6890","1996","731953058",
"6891","1976","349",
"6892","2001","954",
"6893","2015","622625666",
"6894","1973","2",
"6895","2023","206680106",
"6896","1984","938388",
"6897","1994","32342",
"6898","1993","5",
"6899","1984","3970358",
"6900","1978","77991266",
"6901","2007","30195",
"6902","2012","0",
"6903","2018","342",
"6904","2023","1635279",
"6905","1997","156918",
"6906","2009","511123181",
"6907","2023","591322326",
"6908","1987","9887726",
"6909","1984","325",
"6910","2006","22829",
"6911","2012","99",
"6912","1970","296632521",
"6913","2025","4446",
"6914","2022","53",
"6915","1972","0",
"6916","1971","9009",
"6917","2006","90033104",
"6918","1983","411383",
"6919","2008","87692262",
"6920","1974","15",
"6921","1989","540",
"6922","1990","90366207",
"6923","1982","40926",
"6924","1970","0",
"6925","2005","29",
"6926","2002","1482912",
"6927","1977","7",
"6928","1977","331708162",
"6929","2016","92646",
"6930","2015","51258",
"6931","2024","4896912",
"6932","1984","440125",
"6933","2008","0",
"6934","2004","75188843",
"6935","2011","0",
"6936","2002","26809700",
"6937","2004","79",
"6938","2018","14040",
"6939","2001","0",
"6940","1996","80086",
"6941","1998","9194742",
"6942","1982","828606165",
"6943","2013","0",
"6944","1985","28",
"6945","1998","68",
"6946","1986","62",
"6947","2003","7499465",
"6948","2006","699",
"6949","2016","88852428",
"6950","2009","6",
"6951","1970","0",
"6952","2012","46463037",
"6953","2022","79",
"6954","1989","830599358",
"6955","2015","159861",
"6956","1972","168404",
"6957","1999","7",
"6958","2021","275153312",
"6959","1986","69690133",
"6960","1995","982720586",
"6961","1974","0",
"6962","2004","553",
"6963","2011","9798",
"6964","2023","0",
"6965","1992","7117",
"6966","2007","232121",
"6967","1988","0",
"6968","1992","244350",
"6969","2005","3",
"6970","1977","76230",
"6971","2021","284293252",
"6972","2024","47640835",
"6973","2017","2128",
"6974","2017","0",
"6975","2020","8815359",
"6976","2012","89",
"6977","1970","874",
"6978","1997","86",
"6979","2021","0",
"6980","1981","345",
"6981","2003","72546",
"6982","2007","29490827",
"6983","2016","311374",
"6984","2011","45313315",
"6985","2022","37",
"6986","1991","21809226",
"6987","2019","4",
"6988","1988","76374434",
"6989","2015","46",
"6990","2021","34015",
"6991","1980","2215808",
"6992","1998","503",
"6993","1991","1394",
"6994","1994","675552761",
"6995","2021","833075",
"6996","2008","59",
"6997","1998","76485",
"6998","2008","75822",
"6999","2008","6",
"7000","1978","1126",
"7001","1998","23446",
"7002","1981","3084",
"7003","1976","3693",
"7004","2009","124",
"7005","2004","29783688",
"7006","1982","29304",
"7007","2002","1121",
"7008","1988","6",
"7009","1995","38606",
"7010","1978","902780230",
"7011","1982","31",
"7012","2017","5956598",
"7013","1973","124799",
"7014","1973","85",
"7015","1972","394",
"7016","2007","131989",
"7017","2005","7902",
"7018","1976","22",
"7019","2001","3284558",
"7020","2016","6",
"7021","2000","0",
"7022","2001","92923488",
"7023","1985","5",
"7024","1980","6495",
"7025","1981","2849",
"7026","2013","530552068",
"7027","2018","235386484",
"7028","1974","0",
"7029","1974","78797",
"7030","1980","2466",
"7031","1991","839599",
"7032","2020","304042",
"7033","2010","78",
"7034","2012","8",
"7035","1997","5",
"7036","2024","7",
"7037","2007","0",
"7038","1992","0",
"7039","1974","6195573",
"7040","1976","32889695",
"7041","1997","439058197",
"7042","2000","19352358",
"7043","1999","4",
"7044","2013","0",
"7045","1977","304483819",
"7046","1992","3",
"7047","2020","2352",
"7048","2011","84",
"7049","1997","72886",
"7050","1995","18",
"7051","2018","1",
"7052","2013","91817",
"7053","1978","4288",
"7054","1995","0",
"7055","1993","88626",
"7056","1992","244935",
"7057","2009","9443",
"7058","2014","66",
"7059","2016","69908416",
"7060","1988","711",
"7061","1999","71804766",
"7062","2019","92",
"7063","2019","768729718",
"7064","2013","9",
"7065","2022","943265",
"7066","1972","817",
"7067","1999","294",
"7068","1983","0",
"7069","2004","2641690",
"7070","1989","0",
"7071","1988","718",
"7072","1994","0",
"7073","2021","53",
"7074","2025","556572",
"7075","1990","56271",
"7076","1978","356",
"7077","2012","411921",
"7078","1995","85",
"7079","1971","57",
"7080","2007","23941",
"7081","1974","47",
"7082","2002","65472796",
"7083","1987","4820652",
"7084","1976","653460",
"7085","2025","32032523",
"7086","2005","3",
"7087","2024","4772",
"7088","1977","1051892",
"7089","2018","943013278",
"7090","1989","794",
"7091","1972","25675573",
"7092","1993","4",
"7093","1971","195688280",
"7094","2004","549895887",
"7095","1996","252870",
"7096","1995","93",
"7097","2014","862666580",
"7098","1982","75148075",
"7099","2006","3255",
"7100","2019","4943",
"7101","1975","279",
"7102","2006","6785662",
"7103","1993","354326550",
"7104","2012","28",
"7105","1972","0",
"7106","1986","8",
"7107","1987","11730206",
"7108","2021","38416868",
"7109","1984","5724",
"7110","1982","754354",
"7111","1987","3924773",
"7112","1970","27",
"7113","2010","36321410",
"7114","2006","976690014",
"7115","2001","912",
"7116","2020","257011504",
"7117","1997","0",
"7118","1988","1",
"7119","1982","35063357",
"7120","2000","520741",
"7121","2021","86446834",
"7122","1979","3",
"7123","1972","4062",
"7124","1980","8918757",
"7125","1975","7232",
"7126","2001","16",
"7127","1996","1157752",
"7128","1991","731",
"7129","1986","218",
"7130","1974","426383819",
"7131","2015","7",
"7132","2003","690206",
"7133","2004","94290",
"7134","1971","519524497",
"7135","2006","3693064",
"7136","1979","703437",
"7137","1994","77132",
"7138","1987","8201",
"7139","1985","8630",
"7140","1989","1975",
"7141","2010","0",
"7142","2013","657204",
"7143","2016","2451",
"7144","1992","941047",
"7145","2009","32233",
"7146","1994","7431789",
"7147","1992","0",
"7148","1997","0",
"7149","1991","7",
"7150","1980","97",
"7151","1971","43798",
"7152","1976","395",
"7153","2007","51",
"7154","1984","76189",
"7155","2014","0",
"7156","2013","941",
"7157","2014","3634054",
"7158","1975","84422",
"7159","1980","528371",
"7160","2018","581503",
"7161","2006","67110",
"7162","2000","12",
"7163","1988","5",
"7164","1990","4262",
"7165","1970","711148319",
"7166","2004","37",
"7167","1991","176057",
"7168","1978","43733",
"7169","1994","26729639",
"7170","2015","0",
"7171","1989","15",
"7172","1983","6312762",
"7173","2023","7263",
"7174","2012","16",
"7175","2008","37",
"7176","2003","519",
"7177","1975","684401",
"7178","2021","68",
"7179","2001","1911863",
"7180","2022","75565",
"7181","1999","80839748",
"7182","2018","958096",
"7183","1983","6013",
"7184","2012","31",
"7185","1998","32",
"7186","2014","96275",
"7187","1996","376",
"7188","1971","0",
"7189","1987","4691343",
"7190","2004","916135236",
"7191","2004","4",
"7192","1971","621828",
"7193","2017","964581",
"7194","1998","5069",
"7195","2008","32",
"7196","1981","706610160",
"7197","1997","1",
"7198","2003","831",
"7199","2010","27",
"7200","2012","805801",
"7201","1993","6",
"7202","1982","8280426",
"7203","1989","250102",
"7204","2006","0",
"7205","1971","282",
"7206","1985","9891036",
"7207","2010","216",
"7208","2011","89841911",
"7209","1984","847359",
"7210","1984","84538658",
"7211","1990","403380",
"7212","1994","36",
"7213","2023","15922",
"7214","1974","2302",
"7215","2007","997",
"7216","2015","6198300",
"7217","1989","0",
"7218","1981","664",
"7219","2022","9763269",
"7220","1988","517295",
"7221","2022","6918",
"7222","1997","0",
"7223","2023","95805512",
"7224","2015","97632",
"7225","2019","20115",
"7226","2009","6099668",
"7227","1977","83",
"7228","1987","66359",
"7229","1982","951721",
"7230","1972","8705357",
"7231","1973","340559",
"7232","1977","8125788",
"7233","1996","151",
"7234","1979","0",
"7235","2011","508",
"7236","1985","1154",
"7237","2022","32",
"7238","1971","0",
"7239","1998","260",
"7240","1973","0",
"7241","2000","60",
"7242","1988","0",
"7243","1979","315214637",
"7244","2013","72",
"7245","2003","4026469",
"7246","2018","52878717",
"7247","1981","52898007",
"7248","2008","133",
"7249","2000","955",
"7250","1986","525787834",
"7251","2017","0",
"7252","2011","714118601",
"7253","1978","41880295",
"7254","1990","0",
"7255","2020","28",
"7256","2001","5402667",
"7257","2018","74009663",
"7258","2007","0",
"7259","1998","25",
"7260","1974","4220",
"7261","1983","88",
"7262","1981","5",
"7263","2008","88",
"7264","2006","519008299",
"7265","2012","386266310",
"7266","2009","36",
"7267","1988","7",
"7268","1989","37850",
"7269","1983","851868",
"7270","1995","752065",
"7271","1976","0",
"7272","1975","2064",
"7273","1978","539",
"7274","1975","6",
"7275","2025","1345459",
"7276","2018","84074",
"7277","1996","78",
"7278","2005","7676216",
"7279","1979","9",
"7280","1981","2062614",
"7281","2024","1588",
"7282","2019","0",
"7283","1992","3247329",
"7284","1973","473996",
"7285","2000","0",
"7286","2006","2452098",
"7287","1977","26",
"7288","2022","12198",
"7289","1970","98206",
"7290","1979","86",
"7291","1996","2716",
"7292","1996","6227875",
"7293","2010","666248531",
"7294","2010","738",
"7295","2022","9",
"7296","2020","0",
"7297","2023","4870301",
"7298","2010","9570824",
"7299","1994","2",
"7300","2025","104012",
"7301","2021","157865243",
"7302","1993","18618",
"7303","1976","12",
"7304","2001","840929",
"7305","1976","29555",
"7306","1980","376281259",
"7307","1977","6117",
"7308","1998","787663",
"7309","2011","3290",
"7310","1976","0",
"7311","1971","81736",
"7312","2005","57783",
"7313","1984","561",
"7314","1998","11637384",
"7315","1970","646",
"7316","1983","699",
"7317","2023","2657",
"7318","1998","7250530",
"7319","1979","0",
"7320","1976","89506257",
"7321","1990","73467",
"7322","2016","53364578",
"7323","2023","0",
"7324","2014","54",
"7325","1996","6376755",
"7326","2006","752995",
"7327","2025","4192",
"7328","2018","68129347",
"7329","2025","933512",
"7330","2010","91939",
"7331","1972","75",
"7332","2023","8",
"7333","2002","354048712",
"7334","2009","43116345",
"7335","1979","5285445",
"7336","1991","61946",
"7337","2023","5652",
"7338","1993","24",
"7339","1970","74928",
"7340","1992","521",
"7341","1980","765254",
"7342","1972","64174",
"7343","2011","793378",
"7344","1998","4445",
"7345","1993","554",
"7346","1979","0",
"7347","1979","7",
"7348","1990","786321",
"7349","2022","36",
"7350","2014","7463",
"7351","1983","86664279",
"7352","1996","90352",
"7353","1975","2897",
"7354","1990","12571262",
"7355","1986","8512",
"7356","1971","63540",
"7357","1972","81960223",
"7358","2005","5958",
"7359","1975","837917",
"7360","1997","422708627",
"7361","1977","6",
"7362","1979","810020",
"7363","2007","776322384",
"7364","2022","193727",
"7365","1974","583",
"7366","2009","66087075",
"7367","1994","0",
"7368","2000","2932",
"7369","1979","0",
"7370","2014","8117408",
"7371","1973","84016455",
"7372","1979","823782",
"7373","2004","1",
"7374","2011","3122",
"7375","2021","75",
"7376","1978","7",
"7377","1977","556",
"7378","2015","6945962",
"7379","2024","68",
"7380","2005","341",
"7381","2014","118",
"7382","2022","1806856",
"7383","2007","57644186",
"7384","1982","2190134",
"7385","1973","7",
"7386","2015","0",
"7387","1998","42",
"7388","1997","867966",
"7389","1992","523667",
"7390","1995","74702878",
"7391","1985","812252542",
"7392","1988","1",
"7393","1982","32254865",
"7394","2023","9835",
"7395","1977","791411",
"7396","2024","36",
"7397","1992","9",
"7398","2013","719",
"7399","1990","267513",
"7400","1988","447653743",
"7401","1973","0",
"7402","1982","1114352",
"7403","1992","380860",
"7404","1975","171299006",
"7405","1980","31",
"7406","1987","817",
"7407","2013","39090307",
"7408","2002","604792393",
"7409","1974","4874729",
"7410","1971","854868",
"7411","1994","2054",
"7412","2008","2372",
"7413","2017","7639",
"7414","1995","373",
"7415","1984","4328",
"7416","1996","0",
"7417","1981","9664",
"7418","2017","59574",
"7419","1992","580826632",
"7420","2009","93107418",
"7421","1974","2",
"7422","1977","3",
"7423","1971","575863775",
"7424","1999","1315367",
"7425","2020","0",
"7426","2022","1258969",
"7427","1986","375135",
"7428","1980","945433",
"7429","2023","412",
"7430","2025","242",
"7431","2013","3225732",
"7432","1983","730",
"7433","2005","58",
"7434","1982","179930",
"7435","2006","0",
"7436","1989","417938",
"7437","1992","38",
"7438","1977","81276072",
"7439","1971","889",
"7440","1996","606",
"7441","1980","8402417",
"7442","1976","9872229",
"7443","1983","1",
"7444","1973","0",
"7445","1998","44",
"7446","2013","931929455",
"7447","2007","13874",
"7448","2003","386760",
"7449","1982","15",
"7450","1999","2",
"7451","2004","989",
"7452","2011","876163162",
"7453","2000","8",
"7454","2005","516",
"7455","1988","1322238",
"7456","1977","49852520",
"7457","1982","323",
"7458","2012","28209238",
"7459","1998","13120",
"7460","1999","0",
"7461","2016","643507421",
"7462","1970","5811791",
"7463","2003","3626",
"7464","2002","950",
"7465","1989","3982",
"7466","1976","275",
"7467","2000","426061940",
"7468","2019","3098359",
"7469","1974","4102044",
"7470","2003","52051629",
"7471","1973","463",
"7472","2012","1",
"7473","2021","1220783",
"7474","2000","9",
"7475","2009","0",
"7476","2006","36",
"7477","2003","9",
"7478","2000","231567421",
"7479","2025","6",
"7480","2019","563",
"7481","1974","0",
"7482","2024","47552860",
"7483","2010","265573001",
"7484","2025","0",
"7485","2016","0",
"7486","2010","0",
"7487","1996","78102969",
"7488","1974","11500673",
"7489","1973","0",
"7490","2024","1896471",
"7491","1999","8249806",
"7492","1994","6632363",
"7493","2005","0",
"7494","1999","7",
"7495","1989","6",
"7496","1996","65638328",
"7497","2025","246",
"7498","2006","119",
"7499","2013","59304",
"7500","2015","73386",
"7501","2014","9353",
"7502","1992","91",
"7503","1998","901",
"7504","1999","91758631",
"7505","1996","20",
"7506","2025","709406",
"7507","1991","1564541",
"7508","2014","794023",
"7509","2024","130472",
"7510","1985","4067964",
"7511","2001","209573",
"7512","2009","482831247",
"7513","1986","7772",
"7514","2022","372894",
"7515","2005","0",
"7516","1992","1",
"7517","2023","8",
"7518","2013","0",
"7519","2024","0",
"7520","2003","1",
"7521","1975","6977",
"7522","2016","2787077",
"7523","1973","2",
"7524","2005","1",
"7525","2015","34151364",
"7526","1987","45",
"7527","1983","512333957",
"7528","2025","916",
"7529","1985","4400",
"7530","1982","894436",
"7531","1989","1136057",
"7532","2009","0",
"7533","2018","592739",
"7534","1978","3943",
"7535","1979","25843617",
"7536","1982","985160378",
"7537","2020","5664",
"7538","1999","2739157",
"7539","1985","53333",
"7540","1974","20709",
"7541","1995","164641",
"7542","1992","1696",
"7543","2022","4",
"7544","1988","52307",
"7545","1995","1202",
"7546","1990","0",
"7547","1972","51",
"7548","2013","2001129",
"7549","1995","956929",
"7550","1993","1118",
"7551","2018","302878905",
"7552","1971","0",
"7553","1990","997042202",
"7554","2006","478",
"7555","2020","134984",
"7556","1981","0",
"7557","1972","693882",
"7558","1982","40023",
"7559","1977","3",
"7560","1998","868168043",
"7561","1992","2286440",
"7562","1974","972265373",
"7563","2000","847",
"7564","2002","0",
"7565","2002","562",
"7566","1996","495",
"7567","2018","1991698",
"7568","1970","3529",
"7569","1981","52776",
"7570","1993","9",
"7571","1982","8447",
"7572","2015","677439",
"7573","2016","12",
"7574","1977","1331",
"7575","2017","1237441",
"7576","2020","58",
"7577","2022","9",
"7578","1991","655",
"7579","1990","754558",
"7580","2011","941",
"7581","2023","0",
"7582","1991","496496",
"7583","2006","98",
"7584","1997","6797225",
"7585","2022","941494046",
"7586","1999","40670106",
"7587","1973","65780",
"7588","2020","3661984",
"7589","2018","39174",
"7590","2010","0",
"7591","2012","5171",
"7592","2002","950178",
"7593","2002","81802692",
"7594","1986","8",
"7595","2010","98",
"7596","1972","239901008",
"7597","2015","512290590",
"7598","2005","73109614",
"7599","2018","506405",
"7600","1974","533332226",
"7601","1971","7",
"7602","1994","279",
"7603","1991","0",
"7604","2016","19",
"7605","2023","95",
"7606","2016","14776",
"7607","2018","72114841",
"7608","1978","715",
"7609","1984","4",
"7610","2019","467",
"7611","2015","18649666",
"7612","1975","3",
"7613","1988","4",
"7614","1972","7813518",
"7615","1994","67209",
"7616","2005","78680",
"7617","2008","711",
"7618","1978","585960",
"7619","1996","717",
"7620","1981","5883",
"7621","1972","877766",
"7622","2014","622",
"7623","2009","1",
"7624","2004","7188553",
"7625","1996","2225023",
"7626","2024","4878325",
"7627","1994","1877603",
"7628","1980","3053367",
"7629","1982","861",
"7630","1996","5",
"7631","2025","52",
"7632","2011","7",
"7633","1983","9907769",
"7634","1984","16256751",
"7635","2018","35",
"7636","2000","0",
"7637","2024","304672",
"7638","2008","7659",
"7639","2006","0",
"7640","2019","90419887",
"7641","1972","79",
"7642","1989","672564716",
"7643","2015","18",
"7644","2012","39410",
"7645","1975","893997",
"7646","1971","7784503",
"7647","1978","4",
"7648","1975","694296326",
"7649","1999","84009991",
"7650","2012","74148",
"7651","2000","7134",
"7652","1982","1",
"7653","1996","961",
"7654","2020","6005",
"7655","1981","551",
"7656","1993","20",
"7657","1997","162740",
"7658","2003","5004",
"7659","2020","72894130",
"7660","1972","61",
"7661","1994","326044",
"7662","2018","23356632",
"7663","1983","574",
"7664","2012","961",
"7665","2008","0",
"7666","2008","2",
"7667","2000","8620",
"7668","2021","3233246",
"7669","1997","4865597",
"7670","2004","0",
"7671","2018","954",
"7672","2015","5683687",
"7673","2002","22",
"7674","1992","41770",
"7675","1978","85",
"7676","2004","28690105",
"7677","2003","965",
"7678","2008","0",
"7679","2010","555543",
"7680","1997","224",
"7681","2024","561583",
"7682","1979","55239962",
"7683","1996","571083",
"7684","2008","842",
"7685","2022","8",
"7686","1995","336",
"7687","2000","0",
"7688","1988","912",
"7689","2015","590435",
"7690","1992","0",
"7691","1972","65031",
"7692","1998","7",
"7693","1978","843",
"7694","2009","60068",
"7695","2009","581",
"7696","2007","0",
"7697","1972","24142",
"7698","2003","637437",
"7699","1971","15121",
"7700","2010","5687",
"7701","2010","6169",
"7702","1970","2426",
"7703","2005","196582",
"7704","1973","7",
"7705","2010","539",
"7706","1971","56414787",
"7707","2023","90434890",
"7708","1976","5352",
"7709","2002","69274608",
"7710","2010","877128115",
"7711","2007","7708",
"7712","2012","9",
"7713","1996","63165420",
"7714","2008","93167621",
"7715","2014","66",
"7716","2019","4151517",
"7717","1979","8",
"7718","1992","832",
"7719","2011","1",
"7720","1976","65079100",
"7721","1991","0",
"7722","1979","582667557",
"7723","1983","34466",
"7724","2022","1349649",
"7725","1986","911",
"7726","2002","3",
"7727","1977","3682",
"7728","2006","3576865",
"7729","2010","536931631",
"7730","1984","0",
"7731","2003","997727296",
"7732","2024","4",
"7733","2023","65",
"7734","2017","4",
"7735","2018","184541274",
"7736","1977","176",
"7737","2007","2394",
"7738","2006","265957988",
"7739","1971","5225563",
"7740","1984","335671",
"7741","2024","4994379",
"7742","1988","124075",
"7743","1971","887",
"7744","2024","9333981",
"7745","1978","0",
"7746","2021","425698",
"7747","1993","7830",
"7748","2014","1611394",
"7749","1971","8",
"7750","1972","8",
"7751","2004","6199316",
"7752","1985","68417",
"7753","2015","3780573",
"7754","1999","401105098",
"7755","2017","596",
"7756","2002","94966748",
"7757","1984","40611",
"7758","1990","44506335",
"7759","1975","4135132",
"7760","1987","6277",
"7761","1977","32867",
"7762","1990","52368",
"7763","2019","8",
"7764","1997","666",
"7765","2003","67",
"7766","2011","46523",
"7767","1996","0",
"7768","1993","98028",
"7769","2002","0",
"7770","2016","304635",
"7771","2018","0",
"7772","1983","0",
"7773","1971","833806",
"7774","2021","233269475",
"7775","1995","2670890",
"7776","2013","26534",
"7777","1993","26083838",
"7778","2015","50232973",
"7779","1979","5951",
"7780","1985","600912911",
"7781","2007","387",
"7782","1999","20257",
"7783","1987","40",
"7784","1995","9929",
"7785","1997","4911724",
"7786","2002","8564",
"7787","2012","263755",
"7788","2001","209850",
"7789","2022","87927",
"7790","2004","220",
"7791","2013","183420",
"7792","1974","98871",
"7793","1995","7",
"7794","2015","48217506",
"7795","2009","5627",
"7796","1972","737501320",
"7797","2021","984",
"7798","2008","92152",
"7799","2000","307",
"7800","2014","2",
"7801","1983","28610765",
"7802","1994","446534314",
"7803","1999","97375967",
"7804","2023","12111",
"7805","2006","5391",
"7806","2017","8162",
"7807","1980","77785",
"7808","1981","4",
"7809","2012","284051",
"7810","1978","0",
"7811","1995","870",
"7812","1984","284",
"7813","2012","4569148",
"7814","2006","200",
"7815","1990","921679569",
"7816","2017","8985",
"7817","1988","440",
"7818","2011","389615420",
"7819","1994","91",
"7820","1977","0",
"7821","2017","60",
"7822","2007","5734088",
"7823","1995","3",
"7824","1989","0",
"7825","2025","139715",
"7826","1983","5546",
"7827","2015","1649",
"7828","1986","3",
"7829","1997","2",
"7830","1977","82",
"7831","2007","343928255",
"7832","2011","839",
"7833","2023","6",
"7834","1975","931357365",
"7835","1978","71916024",
"7836","1981","277192781",
"7837","2010","463926667",
"7838","2022","34122",
"7839","1987","6792",
"7840","2006","23",
"7841","1983","60182",
"7842","1992","79347",
"7843","1979","9816256",
"7844","1970","187202154",
"7845","2021","30294908",
"7846","2023","893263011",
"7847","1987","430",
"7848","1978","545118",
"7849","1979","316719220",
"7850","1982","8",
"7851","2020","5623",
"7852","1988","0",
"7853","2006","5934",
"7854","2004","0",
"7855","2015","708013463",
"7856","2015","0",
"7857","2018","9028",
"7858","2007","65929",
"7859","2022","5269",
"7860","1979","552246",
"7861","1995","86331",
"7862","2005","1315",
"7863","1979","3",
"7864","2008","76195",
"7865","1971","873016723",
"7866","1970","5",
"7867","1985","7242201",
"7868","2010","3669",
"7869","1996","4",
"7870","1992","688734783",
"7871","1988","9",
"7872","1991","82051416",
"7873","1996","2046453",
"7874","2001","455614950",
"7875","2017","49",
"7876","1972","3466357",
"7877","2022","387558528",
"7878","2002","28841211",
"7879","1988","5192",
"7880","2016","6721",
"7881","1972","214",
"7882","2004","82564",
"7883","1994","0",
"7884","2005","98105",
"7885","2017","1475",
"7886","1976","900388",
"7887","1992","2314",
"7888","1979","835437964",
"7889","2005","885",
"7890","1981","55356",
"7891","1977","324044",
"7892","1995","0",
"7893","2016","724",
"7894","2009","0",
"7895","1994","11",
"7896","2018","8204",
"7897","2013","23269",
"7898","2010","0",
"7899","1998","20",
"7900","1992","6163",
"7901","1977","1480",
"7902","2009","988870780",
"7903","2002","99",
"7904","1990","44069682",
"7905","2018","38187",
"7906","2004","755466",
"7907","1992","966",
"7908","1998","85",
"7909","1984","3565902",
"7910","2018","910",
"7911","2011","5",
"7912","1994","1",
"7913","1974","204931409",
"7914","2017","7",
"7915","2007","1500907",
"7916","1993","6",
"7917","2002","7162909",
"7918","1989","7222917",
"7919","2021","5996606",
"7920","1990","0",
"7921","2008","4239",
"7922","2002","13",
"7923","1978","1410",
"7924","1970","4",
"7925","1980","46467963",
"7926","2020","513",
"7927","2000","189",
"7928","2023","16115630",
"7929","1980","918001300",
"7930","1978","7141746",
"7931","2019","0",
"7932","2004","1421",
"7933","2025","25",
"7934","1984","9",
"7935","2010","347651",
"7936","1979","72793",
"7937","2002","0",
"7938","1995","0",
"7939","1978","8",
"7940","1996","82",
"7941","2013","7",
"7942","2009","0",
"7943","1995","2467",
"7944","1981","0",
"7945","1987","7515",
"7946","2023","0",
"7947","1986","822016",
"7948","1972","64",
"7949","1986","3009",
"7950","1985","1948950",
"7951","1984","0",
"7952","1988","2",
"7953","2007","84453703",
"7954","2011","4",
"7955","1998","9265",
"7956","2001","4",
"7957","1979","2501",
"7958","2007","690618",
"7959","1999","787748",
"7960","2025","5953990",
"7961","2024","0",
"7962","1998","5",
"7963","1994","84",
"7964","1988","915721225",
"7965","2015","88",
"7966","1980","447",
"7967","2011","11269",
"7968","1988","91959",
"7969","2007","892272",
"7970","1974","9356875",
"7971","1972","0",
"7972","1978","54028964",
"7973","1981","2642",
"7974","1983","118682",
"7975","1987","1321",
"7976","1985","38612",
"7977","2018","625774173",
"7978","1980","37853",
"7979","2019","532654",
"7980","2016","35",
"7981","2009","37",
"7982","1976","698162",
"7983","1975","72",
"7984","1990","135127",
"7985","2020","0",
"7986","1993","4430",
"7987","2015","2621624",
"7988","2020","0",
"7989","1980","8712322",
"7990","1996","437585957",
"7991","2006","2803575",
"7992","2021","53977",
"7993","2000","7356",
"7994","1993","7750",
"7995","2010","1714574",
"7996","1994","971",
"7997","2014","3028",
"7998","1991","92389851",
"7999","2003","51",
"8000","2001","884857",
"8001","2026","405730",
"8002","1991","974",
"8003","2018","450088",
"8004","2019","399",
"8005","1998","626543",
"8006","1991","3739",
"8007","2018","840429",
"8008","1997","88997339",
"8009","2010","0",
"8010","1975","516465",
"8011","2002","35288",
"8012","2019","41728",
"8013","1986","53925462",
"8014","2004","53",
"8015","2000","94916698",
"8016","2010","1166794",
"8017","2011","8169",
"8018","1975","13",
"8019","2019","236385",
"8020","1980","4174",
"8021","1974","623",
"8022","1993","3450827",
"8023","2001","75792",
"8024","1976","96605",
"8025","1979","835431",
"8026","1993","15927750",
"8027","1974","58",
"8028","1989","6998",
"8029","1999","29585927",
"8030","1978","48",
"8031","1979","2383157",
"8032","1996","946881",
"8033","2013","3738",
"8034","2025","67059355",
"8035","2004","953",
"8036","1985","380",
"8037","2015","5096978",
"8038","1975","210041",
"8039","2017","5466",
"8040","2004","92722835",
"8041","1976","203680",
"8042","2012","3429",
"8043","2006","4316465",
"8044","2010","65312",
"8045","2004","17501770",
"8046","1977","669880270",
"8047","1984","326167384",
"8048","2017","0",
"8049","2024","452499173",
"8050","1995","10",
"8051","2025","99",
"8052","2022","77423",
"8053","1992","92492864",
"8054","1984","0",
"8055","1978","0",
"8056","2005","753373616",
"8057","2019","8413145",
"8058","2023","4280857",
"8059","2016","7",
"8060","2019","1524",
"8061","1975","76",
"8062","2000","76562",
"8063","2018","639053",
"8064","1976","9766700",
"8065","2014","27319",
"8066","2005","27",
"8067","2024","77891146",
"8068","2018","1137647",
"8069","2010","4604",
"8070","1997","5836972",
"8071","1985","736",
"8072","1976","388006537",
"8073","1999","131",
"8074","2021","36",
"8075","2003","690324",
"8076","1975","89",
"8077","2011","6",
"8078","2002","4125804",
"8079","1995","151",
"8080","2023","9592621",
"8081","2010","0",
"8082","2021","6",
"8083","1985","53",
"8084","2025","35",
"8085","2013","881685",
"8086","2010","1413",
"8087","2015","8349",
"8088","1973","508702",
"8089","2020","22827417",
"8090","2023","30769959",
"8091","2004","69861646",
"8092","1982","6",
"8093","2018","27696",
"8094","1997","92480",
"8095","2023","7",
"8096","1977","56774",
"8097","1977","59651",
"8098","2014","4960",
"8099","2017","1831",
"8100","2011","961822291",
"8101","2018","806804274",
"8102","2021","65847907",
"8103","2023","3",
"8104","2001","73",
"8105","2022","73",
"8106","1975","7065781",
"8107","1981","465829003",
"8108","1978","507139",
"8109","1998","3137",
"8110","1973","21436",
"8111","2003","984315",
"8112","1989","0",
"8113","1986","75753",
"8114","1979","500",
"8115","2002","94",
"8116","1971","638",
"8117","1971","533",
"8118","1991","140490",
"8119","1992","193",
"8120","2016","12557",
"8121","1975","2474",
"8122","1978","8696",
"8123","1980","47",
"8124","1983","9",
"8125","2022","289",
"8126","1995","9405",
"8127","1977","6488515",
"8128","1985","210809022",
"8129","1974","0",
"8130","2000","4378",
"8131","1991","807",
"8132","1995","0",
"8133","2000","74956",
"8134","1999","26094075",
"8135","1987","67",
"8136","2015","9589",
"8137","2015","158",
"8138","1991","0",
"8139","1981","3985",
"8140","2017","0",
"8141","1986","713621",
"8142","2018","7053037",
"8143","2002","0",
"8144","2011","442224848",
"8145","2021","518775",
"8146","2016","97454",
"8147","1973","2",
"8148","1991","4834",
"8149","1977","58187844",
"8150","1987","0",
"8151","2002","3281",
"8152","2015","293783",
"8153","1995","992107704",
"8154","1983","2",
"8155","2007","0",
"8156","2007","80625181",
"8157","2012","15141928",
"8158","1976","3",
"8159","2003","58056222",
"8160","1971","892402",
"8161","1985","5247",
"8162","2008","59",
"8163","2004","3",
"8164","1972","425843",
"8165","1977","0",
"8166","1971","544954",
"8167","1973","18576",
"8168","2009","0",
"8169","2009","2",
"8170","2005","771",
"8171","2001","9",
"8172","1995","23218",
"8173","1980","8668",
"8174","2011","0",
"8175","1972","153258",
"8176","2004","86653738",
"8177","1973","667678521",
"8178","2004","9",
"8179","1982","961652",
"8180","2019","2",
"8181","1978","409",
"8182","2022","4802074",
"8183","2005","2",
"8184","2018","8353019",
"8185","2009","54723099",
"8186","1984","0",
"8187","1983","153467",
"8188","2023","285",
"8189","1999","6",
"8190","1993","182410",
"8191","2023","42007",
"8192","1994","9832490",
"8193","2010","30749269",
"8194","2025","957420",
"8195","2012","33822098",
"8196","1997","717",
"8197","2008","59142585",
"8198","1987","248188787",
"8199","2016","2",
"8200","1991","991",
"8201","1997","6",
"8202","2014","147102698",
"8203","2016","0",
"8204","2024","91",
"8205","1994","44",
"8206","1977","842",
"8207","2005","905",
"8208","1983","3",
"8209","2011","729037",
"8210","1987","3",
"8211","1997","298761",
"8212","2005","0",
"8213","1970","7",
"8214","2016","502524532",
"8215","1987","35",
"8216","1995","5332",
"8217","2007","1",
"8218","2001","3673",
"8219","1987","66926041",
"8220","2012","87456608",
"8221","2021","3688653",
"8222","1997","866",
"8223","1970","92619618",
"8224","2011","323080",
"8225","2021","411",
"8226","2000","3571265",
"8227","2001","68220",
"8228","2023","7",
"8229","1986","0",
"8230","2006","782",
"8231","2005","696",
"8232","2015","53326823",
"8233","2013","7898",
"8234","1971","34",
"8235","1984","7",
"8236","2003","2636855",
"8237","1997","15675374",
"8238","1995","1270",
"8239","1997","456083",
"8240","1993","6",
"8241","1991","3989116",
"8242","1978","76",
"8243","2002","3",
"8244","1997","0",
"8245","2017","2894",
"8246","1994","6232489",
"8247","2023","43",
"8248","1989","457655",
"8249","1999","821036",
"8250","2008","1",
"8251","1988","35184470",
"8252","1994","5455511",
"8253","2021","747",
"8254","1996","8177912",
"8255","1987","71652",
"8256","1999","29858",
"8257","1970","3871373",
"8258","2014","244",
"8259","2017","890628550",
"8260","1990","41328",
"8261","1979","626",
"8262","2022","6010",
"8263","1995","58",
"8264","1995","88942",
"8265","1981","3",
"8266","2008","1476",
"8267","2025","0",
"8268","1972","734412",
"8269","1993","105",
"8270","2009","832",
"8271","1991","7102",
"8272","2010","91",
"8273","2023","24612993",
"8274","1979","283100403",
"8275","1991","2427813",
"8276","2017","241605",
"8277","1972","0",
"8278","2008","209353800",
"8279","1977","8567236",
"8280","2004","3987183",
"8281","1981","531587325",
"8282","2003","2374044",
"8283","1976","988",
"8284","2015","598745",
"8285","1985","53284",
"8286","2009","519142",
"8287","1989","1985",
"8288","2007","5857",
"8289","1970","492",
"8290","1973","861919645",
"8291","2013","0",
"8292","2009","0",
"8293","2023","35327323",
"8294","1981","274805337",
"8295","1983","548",
"8296","1997","2",
"8297","1973","28570",
"8298","1977","6065057",
"8299","2013","599284709",
"8300","1973","0",
"8301","1994","0",
"8302","2004","137161550",
"8303","2020","766",
"8304","2003","6",
"8305","1996","77",
"8306","1984","4792010",
"8307","1989","16",
"8308","2023","7819028",
"8309","1987","290626",
"8310","1971","47275",
"8311","2003","0",
"8312","1995","6405434",
"8313","2019","86922144",
"8314","2006","60463",
"8315","1976","131",
"8316","2011","317",
"8317","2013","324715602",
"8318","1988","562592411",
"8319","1973","90",
"8320","1997","189040",
"8321","2004","1103",
"8322","1995","133286363",
"8323","2003","996475",
"8324","1993","249243",
"8325","1989","0",
"8326","2022","26",
"8327","1990","20086",
"8328","1980","60584579",
"8329","1974","90599",
"8330","1993","0",
"8331","2023","1",
"8332","1995","35278",
"8333","1981","92",
"8334","2014","595",
"8335","2001","41547127",
"8336","2015","68",
"8337","1997","9580",
"8338","2016","0",
"8339","2000","0",
"8340","2002","1317421",
"8341","2009","4",
"8342","2008","0",
"8343","1990","6805",
"8344","2000","0",
"8345","2013","87",
"8346","1979","55",
"8347","2006","125",
"8348","1970","99",
"8349","1973","8",
"8350","2005","94",
"8351","2011","82",
"8352","1970","398557496",
"8353","1978","48246",
"8354","2016","260",
"8355","2018","90314",
"8356","2018","7299",
"8357","1978","8819379",
"8358","2023","60348",
"8359","2002","960981",
"8360","2013","29549",
"8361","1974","858",
"8362","2008","920850",
"8363","1988","35813",
"8364","2017","154179",
"8365","1990","918255",
"8366","2008","8410043",
"8367","1994","13",
"8368","1978","0",
"8369","2025","9",
"8370","1974","52674",
"8371","1980","15",
"8372","2013","214112",
"8373","1979","130941613",
"8374","1977","1903",
"8375","2011","37",
"8376","2019","55",
"8377","1997","5",
"8378","2006","82898638",
"8379","1992","83612089",
"8380","2003","91",
"8381","1987","311239881",
"8382","2007","0",
"8383","1994","0",
"8384","1991","51",
"8385","2022","93",
"8386","1975","12",
"8387","1972","0",
"8388","2016","376",
"8389","2003","665779",
"8390","2016","12966",
"8391","1972","22",
"8392","1996","10336762",
"8393","2015","0",
"8394","1995","38455",
"8395","2020","3940",
"8396","2023","108",
"8397","2014","6987",
"8398","2015","104678",
"8399","2003","35",
"8400","1986","6635",
"8401","1989","577725",
"8402","1999","6687210",
"8403","2021","345968",
"8404","1974","812",
"8405","1984","0",
"8406","1996","2",
"8407","1995","543119",
"8408","2013","0",
"8409","2017","96",
"8410","1988","79",
"8411","2007","1842987",
"8412","2010","3350216",
"8413","1975","16",
"8414","2012","91900333",
"8415","1972","65702819",
"8416","1971","6527",
"8417","2017","88",
"8418","2001","2424",
"8419","1971","37",
"8420","2002","465",
"8421","2002","24013",
"8422","2008","1",
"8423","1971","767243791",
"8424","1970","6899906",
"8425","2006","921788",
"8426","2015","75716198",
"8427","1971","461973",
"8428","2021","48067",
"8429","1983","29",
"8430","1982","8",
"8431","1974","0",
"8432","2003","7147790",
"8433","2019","597251573",
"8434","1975","226907905",
"8435","2019","0",
"8436","1997","502",
"8437","1988","50763522",
"8438","2015","395655814",
"8439","1997","1676553",
"8440","1983","0",
"8441","1990","65354",
"8442","1991","657237",
"8443","1970","59",
"8444","1999","0",
"8445","2016","1",
"8446","2013","691",
"8447","1982","29",
"8448","2012","712",
"8449","2010","23228296",
"8450","2023","352934",
"8451","1981","16",
"8452","2011","9905",
"8453","2018","2",
"8454","1980","570803",
"8455","1980","5184",
"8456","1985","7",
"8457","1990","816018126",
"8458","1972","395",
"8459","1976","879706875",
"8460","2007","778",
"8461","1977","0",
"8462","1988","684",
"8463","1988","695",
"8464","1980","8439020",
"8465","1998","6499",
"8466","1997","886801",
"8467","2011","0",
"8468","1981","834248",
"8469","1974","7200634",
"8470","2015","21",
"8471","1976","53",
"8472","1999","76",
"8473","2011","251",
"8474","1994","103347",
"8475","2006","81",
"8476","1993","40",
"8477","2017","30",
"8478","1990","265167",
"8479","1987","976",
"8480","1970","596",
"8481","2004","4",
"8482","1999","2089",
"8483","2025","17",
"8484","2025","27138",
"8485","1991","9447",
"8486","2004","429",
"8487","2019","905",
"8488","1978","9",
"8489","1996","75505",
"8490","2013","20693",
"8491","2025","0",
"8492","1978","97264",
"8493","2011","36",
"8494","1989","9845041",
"8495","1979","1",
"8496","1970","286868",
"8497","2012","39",
"8498","1985","6319083",
"8499","1985","33",
"8500","1987","4170114",
"8501","2022","2181",
"8502","2007","0",
"8503","1989","724346633",
"8504","1987","378773",
"8505","1990","4189108",
"8506","2004","26148",
"8507","2018","714",
"8508","1994","676842578",
"8509","2008","71",
"8510","1981","1698",
"8511","2023","0",
"8512","2011","0",
"8513","1981","64138",
"8514","2007","904491",
"8515","2012","446",
"8516","1994","0",
"8517","1991","911186",
"8518","2014","0",
"8519","1995","95",
"8520","1971","26752",
"8521","2009","0",
"8522","2021","1582024",
"8523","2025","3",
"8524","1992","8391800",
"8525","1986","0",
"8526","1980","1882",
"8527","2007","0",
"8528","2002","4199792",
"8529","1986","560",
"8530","2015","0",
"8531","1984","387870911",
"8532","1991","7116",
"8533","2016","17120658",
"8534","1978","74030",
"8535","1981","23",
"8536","1987","9083500",
"8537","2007","21238061",
"8538","1998","788370054",
"8539","2019","64163",
"8540","1974","190",
"8541","2019","1",
"8542","1982","0",
"8543","2025","77304585",
"8544","1986","2",
"8545","2012","767559856",
"8546","2010","11253160",
"8547","2024","8714",
"8548","1989","397",
"8549","2021","1808",
"8550","2007","3",
"8551","1973","0",
"8552","1981","56869",
"8553","1977","33",
"8554","1990","26802149",
"8555","2019","5150562",
"8556","2012","44",
"8557","1999","0",
"8558","2022","33",
"8559","1978","788257",
"8560","1991","632",
"8561","2014","843328",
"8562","1999","46677868",
"8563","2017","1483",
"8564","1993","78914",
"8565","2021","724848433",
"8566","1999","5",
"8567","1988","288629",
"8568","2023","0",
"8569","1974","43",
"8570","1991","63449",
"8571","1989","976894",
"8572","1988","13",
"8573","2010","55",
"8574","1986","80990",
"8575","2017","904",
"8576","1993","470604",
"8577","2012","95666535",
"8578","1997","7322111",
"8579","2011","75346073",
"8580","1999","0",
"8581","1970","5741",
"8582","2017","82699",
"8583","2021","790760594",
"8584","1995","9",
"8585","2021","6105257",
"8586","1978","467759114",
"8587","1986","5",
"8588","1970","5369",
"8589","2016","56563",
"8590","2006","5",
"8591","1988","0",
"8592","1996","0",
"8593","2002","73",
"8594","2016","8",
"8595","1971","288451991",
"8596","1977","8",
"8597","2002","3375943",
"8598","1986","0",
"8599","1990","9613",
"8600","1982","94758098",
"8601","1979","23906603",
"8602","1978","53",
"8603","2000","789",
"8604","1997","887",
"8605","1972","2",
"8606","2012","9517698",
"8607","1976","3286449",
"8608","1986","568515886",
"8609","1989","2",
"8610","2017","2090",
"8611","1999","84",
"8612","1988","7031",
"8613","1986","70",
"8614","1986","821302",
"8615","1974","85",
"8616","1971","102",
"8617","2023","97851",
"8618","1986","992733698",
"8619","2004","7595347",
"8620","2022","7224716",
"8621","2021","4949421",
"8622","1994","0",
"8623","1974","8388892",
"8624","2020","856085",
"8625","2001","8848988",
"8626","2021","184",
"8627","2014","8801042",
"8628","1977","819839",
"8629","1974","99470",
"8630","2005","57633",
"8631","2000","9746844",
"8632","2004","12880500",
"8633","1984","0",
"8634","1971","663576",
"8635","1998","8729",
"8636","1991","87995",
"8637","1970","30151",
"8638","1978","0",
"8639","2010","8090",
"8640","2010","8730",
"8641","2015","533151263",
"8642","1973","32",
"8643","1994","451189",
"8644","1991","166440998",
"8645","2017","9",
"8646","2024","14069",
"8647","1996","95",
"8648","2012","9504",
"8649","1981","16227149",
"8650","2006","659013",
"8651","2000","9386027",
"8652","2003","70551731",
"8653","2005","620327",
"8654","1982","2823989",
"8655","2012","81954629",
"8656","1979","358270",
"8657","1984","224585",
"8658","2008","86",
"8659","1988","1915",
"8660","2017","0",
"8661","2013","51525",
"8662","1976","671910730",
"8663","1995","0",
"8664","1975","708184",
"8665","1977","3216",
"8666","1995","41",
"8667","1976","766",
"8668","2019","326997",
"8669","1994","5944548",
"8670","1991","3153980",
"8671","1978","3800",
"8672","1977","3",
"8673","1970","65244135",
"8674","2024","48433",
"8675","1996","22",
"8676","1974","354512",
"8677","2010","980214103",
"8678","1995","1633749",
"8679","1994","324715",
"8680","1985","39",
"8681","1978","8",
"8682","1983","893110",
"8683","1994","65",
"8684","1991","38",
"8685","1985","1254506",
"8686","2005","2",
"8687","2018","0",
"8688","1984","76782787",
"8689","1987","85",
"8690","2016","359",
"8691","1970","735404249",
"8692","1973","193594113",
"8693","1977","0",
"8694","2020","530345",
"8695","1986","714357",
"8696","1972","492651748",
"8697","1971","458336",
"8698","1989","0",
"8699","1987","107",
"8700","2011","6",
"8701","2020","798762",
"8702","1973","0",
"8703","1981","70076",
"8704","1987","393",
"8705","2002","871353",
"8706","2009","918240",
"8707","2007","0",
"8708","1991","836",
"8709","2007","8090",
"8710","1993","9",
"8711","1996","93723",
"8712","2007","2",
"8713","2016","26862",
"8714","2022","785697",
"8715","2018","9",
"8716","2024","68351",
"8717","2019","305",
"8718","1976","163006",
"8719","1998","557991196",
"8720","2022","131",
"8721","1982","0",
"8722","1974","10482",
"8723","2018","699515",
"8724","1980","0",
"8725","1975","0",
"8726","1970","498612",
"8727","1978","861155055",
"8728","1986","912496",
"8729","2023","481",
"8730","1971","9862037",
"8731","2007","351611",
"8732","1978","24873",
"8733","1984","1034",
"8734","1985","48081932",
"8735","1977","0",
"8736","1985","23418",
"8737","1984","3130206",
"8738","1981","81127",
"8739","2011","3",
"8740","2022","716662513",
"8741","2020","7632",
"8742","1974","809082",
"8743","1991","89515142",
"8744","2007","1313455",
"8745","1970","6021490",
"8746","2004","876",
"8747","1997","0",
"8748","1994","0",
"8749","1980","677",
"8750","1983","20872319",
"8751","2004","683884",
"8752","1998","839",
"8753","1997","6405977",
"8754","1984","9589",
"8755","1996","22236592",
"8756","2002","0",
"8757","1982","642",
"8758","2000","137788",
"8759","2018","12780704",
"8760","1986","4903726",
"8761","2010","731",
"8762","2001","7065",
"8763","2006","0",
"8764","2000","8413728",
"8765","1977","8684",
"8766","1970","687",
"8767","1999","2",
"8768","1976","5107617",
"8769","1978","0",
"8770","2025","0",
"8771","1988","6",
"8772","2010","71",
"8773","1970","7710",
"8774","1995","383512",
"8775","2010","36",
"8776","2000","0",
"8777","1980","0",
"8778","2018","9",
"8779","2022","0",
"8780","1996","7461",
"8781","2020","1",
"8782","1980","9751393",
"8783","2001","357112",
"8784","2020","1",
"8785","2016","921891043",
"8786","1974","473103556",
"8787","1992","365",
"8788","2015","55",
"8789","1978","13",
"8790","2014","447",
"8791","2016","403632174",
"8792","1979","80753",
"8793","2021","204570",
"8794","1997","544",
"8795","2019","73237502",
"8796","1992","271759166",
"8797","1981","7327016",
"8798","1978","55",
"8799","1981","525951",
"8800","2010","0",
"8801","1991","0",
"8802","1993","48",
"8803","2025","6104068",
"8804","1995","26",
"8805","1994","677222",
"8806","1991","697353",
"8807","1988","52336",
"8808","1998","235",
"8809","1994","0",
"8810","1986","996971",
"8811","2012","86490",
"8812","1986","334246",
"8813","1989","38",
"8814","1992","74983",
"8815","2005","101",
"8816","2011","9846243",
"8817","1989","4701",
"8818","1986","9976450",
"8819","1974","32667354",
"8820","1989","715489",
"8821","1984","711204262",
"8822","1976","16",
"8823","2014","5015",
"8824","1972","2575",
"8825","1999","8998",
"8826","1998","0",
"8827","2018","4",
"8828","1997","6260824",
"8829","1981","67482845",
"8830","1973","1472608",
"8831","2001","29",
"8832","2011","31",
"8833","1996","0",
"8834","2014","146456",
"8835","1981","0",
"8836","1982","19",
"8837","1977","9387843",
"8838","2010","6790681",
"8839","1991","322324299",
"8840","2025","902118553",
"8841","2010","84184",
"8842","2017","94352615",
"8843","1996","622727",
"8844","2008","3",
"8845","1998","1822",
"8846","2023","476",
"8847","1978","416154730",
"8848","2015","669808",
"8849","1991","147",
"8850","2023","89",
"8851","1984","4382",
"8852","2011","9",
"8853","2016","5480171",
"8854","1972","87023512",
"8855","2001","3",
"8856","1978","53887272",
"8857","1977","4",
"8858","1983","781437",
"8859","2018","4506684",
"8860","2003","1633573",
"8861","1985","631036",
"8862","2002","1108",
"8863","1993","890224",
"8864","1992","465",
"8865","2004","386363433",
"8866","2019","732",
"8867","2005","70",
"8868","2023","3977",
"8869","1981","4",
"8870","2007","2911",
"8871","1970","467131858",
"8872","2006","0",
"8873","1991","649826103",
"8874","2010","6360",
"8875","1992","21978972",
"8876","2022","85675473",
"8877","1984","569704",
"8878","1998","18448",
"8879","2017","29550",
"8880","1978","37",
"8881","1989","52606503",
"8882","2004","6",
"8883","1991","3248",
"8884","1988","81884653",
"8885","1992","587796",
"8886","2025","3",
"8887","2017","9788412",
"8888","1986","8574816",
"8889","2014","55926",
"8890","2020","71906",
"8891","1981","7036",
"8892","2015","759472102",
"8893","2007","58",
"8894","2002","2702584",
"8895","1985","4",
"8896","1976","1616",
"8897","1990","527376",
"8898","2010","784524",
"8899","2008","562411",
"8900","1989","7",
"8901","1985","8670",
"8902","1971","41907403",
"8903","1989","267729",
"8904","1974","85447375",
"8905","2011","664311",
"8906","1995","2209300",
"8907","1992","0",
"8908","1978","0",
"8909","2014","0",
"8910","1989","66079045",
"8911","1999","479",
"8912","1997","656",
"8913","1974","262625",
"8914","2014","0",
"8915","1996","55908111",
"8916","2011","6183480",
"8917","2021","1",
"8918","1977","748680830",
"8919","2007","4974",
"8920","2025","7",
"8921","1993","0",
"8922","2018","11127",
"8923","1990","3",
"8924","2022","17",
"8925","1977","6028500",
"8926","1977","2417",
"8927","2016","6",
"8928","1988","44412677",
"8929","2002","8",
"8930","1983","57",
"8931","1972","75",
"8932","1988","79215828",
"8933","1999","29",
"8934","2011","0",
"8935","1995","83702",
"8936","1972","26",
"8937","1990","35",
"8938","1982","79067345",
"8939","1974","0",
"8940","1992","0",
"8941","1992","976",
"8942","1971","12646401",
"8943","2003","496826",
"8944","2004","9291",
"8945","2005","625",
"8946","2009","87",
"8947","2002","0",
"8948","1986","8253877",
"8949","1985","904",
"8950","2008","631",
"8951","1989","1",
"8952","2007","60936",
"8953","2007","55344440",
"8954","1977","6",
"8955","1985","0",
"8956","2003","7884",
"8957","2003","20143715",
"8958","2012","69282",
"8959","2014","880",
"8960","1984","0",
"8961","1993","17209",
"8962","1973","46",
"8963","2005","36277",
"8964","2010","81097",
"8965","1997","0",
"8966","2007","1163",
"8967","2024","185673333",
"8968","2004","53",
"8969","2011","4",
"8970","1995","362",
"8971","1988","560140",
"8972","2015","7",
"8973","1994","42",
"8974","2001","20",
"8975","2021","810",
"8976","1980","60",
"8977","2023","9",
"8978","1992","917148",
"8979","1987","967554",
"8980","1983","57276154",
"8981","2009","41680261",
"8982","2019","77686",
"8983","1970","6964",
"8984","2000","2978",
"8985","1985","7544",
"8986","1996","240388",
"8987","1985","9128",
"8988","2018","31861",
"8989","2001","7392252",
"8990","1990","764327",
"8991","1971","51690",
"8992","1999","959735961",
"8993","1975","4868",
"8994","1989","9187",
"8995","1973","2",
"8996","2024","8701277",
"8997","1978","81160",
"8998","1989","0",
"8999","1979","84961",
"9000","1977","8",
"9001","2022","73238",
"9002","1993","8",
"9003","1974","594553",
"9004","1983","970",
"9005","2011","12394083",
"9006","1998","899273",
"9007","1996","2",
"9008","1990","380961232",
"9009","1994","1561489",
"9010","2021","0",
"9011","1993","394",
"9012","1994","0",
"9013","1981","56678",
"9014","2006","281",
"9015","2003","4",
"9016","2000","34752047",
"9017","2011","6114360",
"9018","1976","189402890",
"9019","2023","60232021",
"9020","1983","615056383",
"9021","2006","291",
"9022","1970","6",
"9023","1994","7",
"9024","1982","105",
"9025","1976","6",
"9026","1971","546",
"9027","2005","9251",
"9028","1972","6930626",
"9029","1977","3",
"9030","1995","4390",
"9031","2007","892",
"9032","1984","685591",
"9033","1990","1836",
"9034","1986","0",
"9035","2007","95834",
"9036","2001","0",
"9037","1981","0",
"9038","1983","1",
"9039","1972","0",
"9040","2008","744716",
"9041","1971","8257",
"9042","1993","72540",
"9043","2023","84304",
"9044","2005","0",
"9045","2012","775",
"9046","2009","440638",
"9047","1983","6301883",
"9048","1985","871858",
"9049","1984","15400182",
"9050","1992","907",
"9051","1996","30",
"9052","1990","8017",
"9053","1979","0",
"9054","1974","26680810",
"9055","2024","782",
"9056","2005","787",
"9057","2019","800213778",
"9058","1995","11465342",
"9059","2010","3900",
"9060","2000","465",
"9061","1984","3189",
"9062","2006","278576",
"9063","2002","4476792",
"9064","1979","6",
"9065","2013","41428",
"9066","2017","7604926",
"9067","1986","53",
"9068","1992","272",
"9069","1984","5",
"9070","2017","86722",
"9071","2015","802150099",
"9072","2006","0",
"9073","2003","9807430",
"9074","2005","584517",
"9075","1997","57",
"9076","1970","3",
"9077","2012","95",
"9078","2015","8893685",
"9079","1986","343",
"9080","2004","167374859",
"9081","2024","56964128",
"9082","1974","1757",
"9083","1982","3",
"9084","1989","53",
"9085","1995","8736940",
"9086","1992","0",
"9087","2012","56159",
"9088","1984","8531754",
"9089","1988","867",
"9090","2023","846",
"9091","2004","0",
"9092","2000","1346",
"9093","2002","4043930",
"9094","1998","948408848",
"9095","2007","25550933",
"9096","2022","87489029",
"9097","2020","133",
"9098","1980","67984569",
"9099","1986","52846",
"9100","2018","3952",
"9101","1988","133678462",
"9102","1978","349810857",
"9103","1990","26",
"9104","1980","66637",
"9105","2005","413814840",
"9106","1989","770",
"9107","2006","0",
"9108","2019","847534",
"9109","2013","36",
"9110","2023","7685583",
"9111","1983","61472",
"9112","2023","257",
"9113","2002","44366",
"9114","2014","1031444",
"9115","1980","618489",
"9116","2021","5580",
"9117","2006","231688",
"9118","2001","877",
"9119","2018","35438",
"9120","2023","331649",
"9121","2000","235",
"9122","1986","75",
"9123","1983","597120",
"9124","1970","45246",
"9125","2007","201932",
"9126","2010","948",
"9127","1995","24",
"9128","2021","383",
"9129","2023","3",
"9130","1980","3344",
"9131","1993","39956",
"9132","1993","47",
"9133","1992","282692",
"9134","2000","566594",
"9135","2005","9822988",
"9136","2012","0",
"9137","1970","0",
"9138","2008","3122",
"9139","2001","672809481",
"9140","1993","1248547",
"9141","1970","9408356",
"9142","1979","604465994",
"9143","1972","19124",
"9144","2006","215106210",
"9145","1998","9868",
"9146","2010","7884",
"9147","1996","6474637",
"9148","1987","178641577",
"9149","1972","150",
"9150","1986","141",
"9151","2019","36945",
"9152","2004","97401658",
"9153","1979","70",
"9154","1999","239",
"9155","1979","73212",
"9156","2020","893088",
"9157","2001","54386536",
"9158","1989","969",
"9159","1985","89462776",
"9160","2005","5140495",
"9161","2003","1709",
"9162","2018","86337",
"9163","1980","0",
"9164","1973","563",
"9165","2005","560280612",
"9166","1998","3759983",
"9167","2002","597",
"9168","1972","18",
"9169","2017","65198",
"9170","1973","0",
"9171","1985","25405",
"9172","2016","965354",
"9173","2012","0",
"9174","1972","41",
"9175","1970","72387019",
"9176","1996","292565839",
"9177","2018","676580765",
"9178","1980","6586408",
"9179","2004","0",
"9180","2008","6578",
"9181","2012","8655",
"9182","1985","705290250",
"9183","2020","28886480",
"9184","1992","943",
"9185","1992","683330160",
"9186","2006","162525095",
"9187","2021","2806",
"9188","1985","84567",
"9189","2004","0",
"9190","1971","2511895",
"9191","1991","5",
"9192","2020","997821479",
"9193","2004","7051",
"9194","1973","649224",
"9195","2025","33623",
"9196","1984","24",
"9197","2018","53033",
"9198","1993","315696",
"9199","1985","499",
"9200","1973","89",
"9201","1984","4302351",
"9202","2007","2257",
"9203","1988","14",
"9204","2022","82",
"9205","1985","4",
"9206","1996","51678",
"9207","1980","92568",
"9208","1981","7",
"9209","1983","406689",
"9210","2009","38",
"9211","1977","93197552",
"9212","1989","718",
"9213","1979","50",
"9214","1971","519",
"9215","1977","32447",
"9216","1981","342335809",
"9217","1974","8336980",
"9218","1995","7",
"9219","1980","66785",
"9220","1970","778684314",
"9221","2015","7294",
"9222","1981","6202",
"9223","2004","0",
"9224","1989","29188",
"9225","1993","0",
"9226","1980","3",
"9227","1986","71874219",
"9228","1984","380",
"9229","1997","0",
"9230","1986","36",
"9231","1983","215172",
"9232","1982","951870",
"9233","1979","4",
"9234","1991","6574",
"9235","2000","274193",
"9236","2014","74",
"9237","1996","5873625",
"9238","2004","0",
"9239","2016","8",
"9240","2017","936510",
"9241","1983","5",
"9242","2021","90769312",
"9243","2014","50665593",
"9244","1982","7",
"9245","2005","5126469",
"9246","1983","0",
"9247","2018","46497",
"9248","1982","3925557",
"9249","1974","753",
"9250","1994","8614162",
"9251","1995","0",
"9252","1999","63841",
"9253","2004","5504",
"9254","1991","24606468",
"9255","1975","688067741",
"9256","2013","5374426",
"9257","2000","82937261",
"9258","2024","38551",
"9259","1983","3950",
"9260","1990","12987",
"9261","2017","5",
"9262","2001","817",
"9263","2019","389",
"9264","1974","82795",
"9265","2008","0",
"9266","2018","4832",
"9267","2011","952314463",
"9268","1982","3",
"9269","1990","4",
"9270","1975","318818710",
"9271","1980","16059",
"9272","2001","471999",
"9273","2020","2268",
"9274","1973","687607519",
"9275","1998","9817928",
"9276","2003","9687",
"9277","1991","0",
"9278","1993","65079",
"9279","2013","783224",
"9280","2013","362887",
"9281","1996","68",
"9282","1994","870957998",
"9283","1994","8550101",
"9284","2013","443",
"9285","2012","9643",
"9286","2024","4352",
"9287","2013","47",
"9288","1972","163556495",
"9289","1972","314976",
"9290","2022","37610858",
"9291","1997","22329009",
"9292","1994","8679412",
"9293","2007","191",
"9294","1987","40",
"9295","2004","20",
"9296","1974","5344",
"9297","1970","58505",
"9298","2021","43762413",
"9299","1982","54615",
"9300","2005","1166618",
"9301","1994","78335453",
"9302","1993","8878405",
"9303","2011","85864",
"9304","1999","89167177",
"9305","1980","206483",
"9306","2002","56",
"9307","1971","0",
"9308","1999","80",
"9309","2019","43249",
"9310","1981","20381664",
"9311","1991","69367",
"9312","1987","6442223",
"9313","2005","2",
"9314","2009","92",
"9315","2006","4",
"9316","2024","544",
"9317","1977","0",
"9318","2003","56",
"9319","1972","483931185",
"9320","1977","35921022",
"9321","2004","991600",
"9322","1972","87526529",
"9323","1978","0",
"9324","2013","6180409",
"9325","2008","751",
"9326","1980","16289134",
"9327","2007","671733",
"9328","2011","968937348",
"9329","2003","77230693",
"9330","1985","207185502",
"9331","2024","7795735",
"9332","1975","53171",
"9333","2008","91",
"9334","1991","897",
"9335","1987","8",
"9336","1996","878",
"9337","1994","324985296",
"9338","1994","40461929",
"9339","1973","3",
"9340","1977","89110",
"9341","1994","2",
"9342","1981","251",
"9343","2024","7745691",
"9344","1983","3126",
"9345","2003","677238",
"9346","2003","34",
"9347","2007","0",
"9348","2003","1881689",
"9349","1998","5829",
"9350","2024","22",
"9351","1998","4040767",
"9352","1993","917413476",
"9353","1999","364636095",
"9354","2009","1638",
"9355","2015","300369477",
"9356","1985","60612316",
"9357","2013","0",
"9358","1978","30364488",
"9359","2018","6",
"9360","2001","96472804",
"9361","1996","24287",
"9362","2011","81",
"9363","1997","4921",
"9364","1983","433873",
"9365","2017","267",
"9366","2011","41811",
"9367","1970","2552952",
"9368","1978","4",
"9369","1994","9",
"9370","2019","488695439",
"9371","2019","7",
"9372","2006","382073866",
"9373","1999","22",
"9374","2001","8",
"9375","1981","2",
"9376","1978","735368",
"9377","2006","8454",
"9378","2009","5",
"9379","2009","625",
"9380","1980","5501",
"9381","1996","0",
"9382","1970","450511685",
"9383","2000","4",
"9384","1989","14874730",
"9385","1975","8424315",
"9386","1989","616",
"9387","1984","0",
"9388","1992","548416593",
"9389","1975","967087",
"9390","2022","8080290",
"9391","1970","3453",
"9392","2018","167596452",
"9393","2017","8",
"9394","1976","2011130",
"9395","2014","82909",
"9396","2025","985861444",
"9397","2022","2556305",
"9398","1988","189313",
"9399","2025","56866",
"9400","2001","398",
"9401","2007","1",
"9402","1972","846",
"9403","1987","298739",
"9404","2025","4",
"9405","2002","0",
"9406","1989","47630",
"9407","1973","17079329",
"9408","1988","473",
"9409","1998","7530",
"9410","2001","0",
"9411","2000","5215",
"9412","1972","0",
"9413","1997","192",
"9414","1994","627055494",
"9415","2009","9",
"9416","2013","938",
"9417","2025","56323",
"9418","2021","931",
"9419","2005","170280",
"9420","2022","0",
"9421","1993","2501",
"9422","1972","50",
"9423","1993","4763399",
"9424","2003","8",
"9425","1991","654",
"9426","2004","5048203",
"9427","1996","458852403",
"9428","1978","60",
"9429","1973","413116",
"9430","2002","134",
"9431","1974","3",
"9432","1997","8844509",
"9433","2000","60651",
"9434","1987","55",
"9435","1981","304242",
"9436","1978","64231476",
"9437","1984","99",
"9438","1981","84",
"9439","2021","23782",
"9440","2016","2157",
"9441","2001","37083",
"9442","2004","322724530",
"9443","1971","2910",
"9444","1994","0",
"9445","1992","517",
"9446","1978","2356",
"9447","1970","410",
"9448","2000","8628266",
"9449","1977","7792634",
"9450","1984","9",
"9451","2019","0",
"9452","2014","23473895",
"9453","2019","8",
"9454","1991","10168",
"9455","1984","0",
"9456","2010","63",
"9457","1994","8",
"9458","1998","381",
"9459","1993","207619128",
"9460","2007","90978422",
"9461","1999","19821174",
"9462","1999","8940",
"9463","2001","66719075",
"9464","2001","274830",
"9465","2009","875686",
"9466","1981","65",
"9467","1970","46",
"9468","1995","0",
"9469","1997","1",
"9470","2007","87472",
"9471","2023","45957",
"9472","1994","124414202",
"9473","2012","402",
"9474","1991","818328",
"9475","1989","862647677",
"9476","1971","42",
"9477","1987","56049",
"9478","1982","59390696",
"9479","2000","412716",
"9480","1980","50704542",
"9481","2019","4",
"9482","2023","688",
"9483","1981","3903837",
"9484","1989","0",
"9485","1995","90622991",
"9486","2014","7007804",
"9487","1997","8",
"9488","1976","12997222",
"9489","1987","623920",
"9490","1989","4307520",
"9491","1981","4",
"9492","2020","1",
"9493","2018","188",
"9494","1981","4046",
"9495","2017","193424",
"9496","1986","39309671",
"9497","1999","0",
"9498","2011","673",
"9499","2016","94896093",
"9500","2020","3261",
"9501","2015","575",
"9502","2008","21257",
"9503","1992","168",
"9504","1991","65819",
"9505","2016","353007798",
"9506","1971","805081576",
"9507","2007","0",
"9508","1994","582364",
"9509","2025","923738",
"9510","1984","977",
"9511","1984","9",
"9512","2005","230",
"9513","1986","8230",
"9514","2008","385007408",
"9515","1995","0",
"9516","1988","30306",
"9517","2008","32756",
"9518","2018","52",
"9519","2000","82636055",
"9520","2008","6958096",
"9521","2015","711047",
"9522","2017","7",
"9523","1998","1564",
"9524","2022","1",
"9525","1983","81819499",
"9526","1979","605",
"9527","1976","100278580",
"9528","1990","50182275",
"9529","1991","29544",
"9530","1991","59161",
"9531","2017","2806861",
"9532","2015","2453",
"9533","1977","30566",
"9534","1971","762",
"9535","1989","75",
"9536","1990","569",
"9537","2023","867519",
"9538","2007","57907656",
"9539","1975","7590",
"9540","2004","74241",
"9541","2008","5889158",
"9542","1989","383404693",
"9543","2022","0",
"9544","1994","81",
"9545","1979","9218",
"9546","2017","949",
"9547","1974","2596",
"9548","2024","969921",
"9549","1992","8254765",
"9550","1995","158",
"9551","1974","158",
"9552","1970","666943218",
"9553","2001","0",
"9554","1980","1105608",
"9555","2011","301364821",
"9556","1995","9548",
"9557","1974","59",
"9558","1977","800060500",
"9559","1981","0",
"9560","1994","544536412",
"9561","2001","2",
"9562","2024","869611",
"9563","1983","7",
"9564","2017","0",
"9565","1977","32",
"9566","1972","0",
"9567","1970","57146722",
"9568","2004","7653606",
"9569","1994","634",
"9570","1977","2799812",
"9571","2023","745",
"9572","1999","1367",
"9573","2017","69782351",
"9574","2011","6597",
"9575","2016","981317",
"9576","2003","656321",
"9577","1989","126644258",
"9578","2023","5280799",
"9579","2002","0",
"9580","2015","37838",
"9581","1985","0",
"9582","1992","5140",
"9583","1971","6090640",
"9584","1970","51981235",
"9585","2015","365023885",
"9586","1981","6224",
"9587","2018","644094957",
"9588","2001","14709",
"9589","1997","303614",
"9590","2015","56828262",
"9591","1992","282435000",
"9592","1980","1757446",
"9593","1987","0",
"9594","1979","910231",
"9595","1975","6979785",
"9596","1998","643972866",
"9597","1996","2",
"9598","1970","23200",
"9599","1976","256",
"9600","1993","620314445",
"9601","2020","9457230",
"9602","1970","937416824",
"9603","2013","7170",
"9604","1976","7",
"9605","1992","9526",
"9606","2023","64769",
"9607","1976","143062",
"9608","2014","713",
"9609","1989","998869058",
"9610","2025","21041",
"9611","1979","384488803",
"9612","2021","93124381",
"9613","1995","9",
"9614","1989","3462346",
"9615","2017","11",
"9616","2011","160",
"9617","1986","2551831",
"9618","1980","1000",
"9619","1990","9",
"9620","1970","780719813",
"9621","1985","548",
"9622","2009","2522057",
"9623","2006","8475",
"9624","2009","692829329",
"9625","1996","429",
"9626","2009","756220",
"9627","1983","13",
"9628","2022","67",
"9629","2002","41423",
"9630","1981","335",
"9631","1977","3672",
"9632","2015","0",
"9633","1980","91512476",
"9634","1981","348067889",
"9635","2010","0",
"9636","1994","302773246",
"9637","1993","392782564",
"9638","2010","425",
"9639","2005","87477",
"9640","1981","188",
"9641","1985","69214",
"9642","2015","1769745",
"9643","2000","66",
"9644","2008","743812365",
"9645","2019","579968",
"9646","1996","778242",
"9647","1998","46",
"9648","1999","9285",
"9649","1990","489",
"9650","1986","1",
"9651","1975","0",
"9652","2002","3722",
"9653","2007","4786",
"9654","1972","2478",
"9655","1970","80853",
"9656","1972","7087372",
"9657","2017","1976717",
"9658","1979","329471773",
"9659","2014","0",
"9660","1998","594",
"9661","2024","993412838",
"9662","1978","0",
"9663","1972","85879426",
"9664","2015","2",
"9665","1983","0",
"9666","2001","169808441",
"9667","1982","674205",
"9668","1979","615538221",
"9669","2009","92046183",
"9670","1995","29421",
"9671","1995","1466982",
"9672","2022","96978879",
"9673","1995","4",
"9674","2019","776",
"9675","1984","54061",
"9676","2018","7440385",
"9677","1982","267",
"9678","2014","555",
"9679","1987","445",
"9680","1976","63965",
"9681","2021","8107162",
"9682","1988","68240",
"9683","1982","2688",
"9684","1977","749",
"9685","2019","993983705",
"9686","1978","5107",
"9687","1989","28786979",
"9688","1982","0",
"9689","1986","570251",
"9690","1994","2512",
"9691","2014","36",
"9692","2017","473922",
"9693","1986","914",
"9694","2005","83",
"9695","1970","531",
"9696","1986","412",
"9697","2019","1",
"9698","1973","64",
"9699","1997","139",
"9700","2023","0",
"9701","1974","949",
"9702","1992","979132",
"9703","2000","4478",
"9704","2025","14",
"9705","2024","442163004",
"9706","2021","273756",
"9707","2013","15769",
"9708","1984","40",
"9709","2025","341869944",
"9710","1983","3334785",
"9711","1972","42",
"9712","1977","4183",
"9713","1983","6051",
"9714","1987","28507",
"9715","1985","83178656",
"9716","1970","0",
"9717","1980","0",
"9718","2004","730317458",
"9719","1997","37428",
"9720","2016","53201",
"9721","1974","0",
"9722","1974","21311",
"9723","2003","2032250",
"9724","1971","927",
"9725","2012","8",
"9726","2022","31",
"9727","2006","61171",
"9728","2008","130135631",
"9729","2002","10777",
"9730","1991","69",
"9731","1995","0",
"9732","1986","0",
"9733","2015","155",
"9734","1971","6069",
"9735","2006","723",
"9736","2008","0",
"9737","2012","9",
"9738","1979","0",
"9739","2022","916",
"9740","2009","4",
"9741","2012","75650",
"9742","1990","0",
"9743","1983","71",
"9744","2015","0",
"9745","1981","4686958",
"9746","1979","3",
"9747","1992","500",
"9748","2013","1675",
"9749","2006","98698205",
"9750","1999","4",
"9751","1996","912",
"9752","1981","9005",
"9753","1979","74032586",
"9754","1972","3244110",
"9755","1981","0",
"9756","2006","57354843",
"9757","1993","37645953",
"9758","2018","9",
"9759","2022","198605",
"9760","1987","863448",
"9761","2001","71",
"9762","2019","0",
"9763","1999","5",
"9764","1999","4442",
"9765","1995","8218358",
"9766","2018","3528",
"9767","1991","2744010",
"9768","2025","704",
"9769","1991","330",
"9770","2014","0",
"9771","2018","7",
"9772","1974","7979",
"9773","2013","9291977",
"9774","1991","87",
"9775","2014","65096088",
"9776","2007","593",
"9777","1979","816225",
"9778","2009","7826101",
"9779","2003","13399",
"9780","2016","1906224",
"9781","2021","83207146",
"9782","2016","45137249",
"9783","1998","0",
"9784","1985","38078196",
"9785","2011","27864235",
"9786","2023","57252",
"9787","2006","0",
"9788","2023","407",
"9789","1974","17168",
"9790","2011","77",
"9791","1980","795751254",
"9792","1993","69",
"9793","1975","14410490",
"9794","1985","0",
"9795","2023","176015",
"9796","1977","4208",
"9797","1989","0",
"9798","2006","0",
"9799","1976","8",
"9800","1999","3023",
"9801","1972","0",
"9802","2001","9",
"9803","2001","6297244",
"9804","2019","272",
"9805","2008","4",
"9806","2024","6102546",
"9807","2005","214",
"9808","1988","0",
"9809","1986","99444815",
"9810","2002","55304",
"9811","1972","962240996",
"9812","2000","2",
"9813","1970","0",
"9814","2010","8",
"9815","1975","5",
"9816","2016","6",
"9817","2020","668536147",
"9818","1997","416537",
"9819","1996","65",
"9820","2015","901024",
"9821","2006","4",
"9822","1979","0",
"9823","1976","4658",
"9824","1978","19546",
"9825","1992","28543633",
"9826","1987","3",
"9827","1993","306",
"9828","2013","355743",
"9829","1994","24833",
"9830","1995","0",
"9831","2020","9",
"9832","1993","897715985",
"9833","1990","87582247",
"9834","2009","199",
"9835","2025","88176",
"9836","1979","714",
"9837","1982","39",
"9838","2007","82064222",
"9839","2009","7485",
"9840","1972","0",
"9841","1998","21",
"9842","2001","722694074",
"9843","2015","1643380",
"9844","1983","8",
"9845","1982","28343",
"9846","1971","15460",
"9847","1985","9043269",
"9848","2024","200353702",
"9849","2003","327250",
"9850","2006","22",
"9851","2006","3599091",
"9852","2023","63853663",
"9853","1976","9402507",
"9854","2011","321427795",
"9855","2013","32642",
"9856","2009","1",
"9857","2013","88703290",
"9858","2003","601",
"9859","1993","6785",
"9860","2002","5451516",
"9861","1971","996840212",
"9862","1983","8",
"9863","1972","92518",
"9864","2017","815",
"9865","1992","86560523",
"9866","1978","46639003",
"9867","2020","2956",
"9868","1973","521652",
"9869","1970","0",
"9870","2017","60",
"9871","1970","388438529",
"9872","1988","504727890",
"9873","2016","6418",
"9874","2016","748",
"9875","1984","979",
"9876","1980","88",
"9877","1992","8954749",
"9878","2010","31",
"9879","2007","0",
"9880","1986","83",
"9881","1997","7340777",
"9882","1992","1122",
"9883","1986","118168152",
"9884","2025","52223",
"9885","1981","90398918",
"9886","1990","208",
"9887","2002","66983",
"9888","1991","849490198",
"9889","1978","401055955",
"9890","2016","5352",
"9891","1992","154441",
"9892","1971","70183",
"9893","2022","40314532",
"9894","1976","558973",
"9895","1972","0",
"9896","1970","79",
"9897","1994","681",
"9898","2011","22",
"9899","1970","30659",
"9900","2004","90585",
"9901","1981","6",
"9902","2019","333134",
"9903","1989","8236",
"9904","2004","243430",
"9905","1993","15228",
"9906","2025","728",
"9907","1980","474935",
"9908","1981","29626",
"9909","2024","9",
"9910","1970","0",
"9911","2001","8482",
"9912","1980","0",
"9913","2004","813",
"9914","2012","23412",
"9915","2005","495",
"9916","1988","513",
"9917","2006","446459",
"9918","1992","51487",
"9919","2014","528225477",
"9920","1974","33523",
"9921","1990","8508103",
"9922","1995","1309",
"9923","2004","201806",
"9924","1996","9570",
"9925","1986","35",
"9926","2020","260",
"9927","2014","143029",
"9928","1990","520939017",
"9929","1974","87246",
"9930","1995","66585143",
"9931","2018","66038",
"9932","2007","82",
"9933","1977","0",
"9934","2013","130654",
"9935","2000","7685675",
"9936","2001","3050318",
"9937","2004","5642521",
"9938","1998","4858787",
"9939","1979","1670041",
"9940","1994","38036",
"9941","2016","1",
"9942","1988","0",
"9943","1972","1409814",
"9944","2009","4074",
"9945","2004","0",
"9946","2000","1",
"9947","1999","4397",
"9948","1999","30",
"9949","2010","489",
"9950","2020","602899",
"9951","2015","770",
"9952","1970","910928",
"9953","2018","76",
"9954","1980","7",
"9955","1972","27",
"9956","1981","66037832",
"9957","1992","847",
"9958","1983","31377",
"9959","2018","947474",
"9960","2022","0",
"9961","2019","7",
"9962","2024","909380",
"9963","1982","8804",
"9964","1974","3139353",
"9965","1972","141633650",
"9966","1989","61",
"9967","2006","60856893",
"9968","1973","49",
"9969","2012","0",
"9970","2023","464",
"9971","2019","0",
"9972","1997","426",
"9973","1971","0",
"9974","1986","65",
"9975","2001","67",
"9976","1982","97879207",
"9977","2013","322",
"9978","2014","72585",
"9979","1973","860",
"9980","2003","0",
"9981","2013","8678087",
"9982","1985","2902",
"9983","2000","1",
"9984","2006","12023890",
"9985","2004","4901485",
"9986","2001","35631421",
"9987","1986","48",
"9988","2010","9062",
"9989","1982","0",
"9990","2011","17784",
"9991","1987","242922",
"9992","1995","97",
"9993","2006","880929",
"9994","2005","45759559",
"9995","1982","14547060",
"9996","2019","8798",
"9997","2012","718123113",
"9998","1993","9",
"9999","2017","93022996",
"10000","1978","65",
