"Year","Campus","Degrees",
"1970","15","2",
"1970","40","8",
"1970","59","1",
"1970","132","9",
"1970","147","5",
"1970","148","8",
"1970","195","5",
"1970","202","1",
"1970","257","9",
"1970","333","1",
"1970","362","8",
"1970","381","3",
"1970","419","4",
"1970","434","7",
"1970","512","2",
"1970","567","1",
"1970","588","3",
"1970","592","8",
"1970","596","9",
"1970","609","5",
"1970","847","7",
"1970","893","3",
"1970","967","3",
"1970","972","7",
"1970","987","8",
"1970","1097","1",
"1970","1127","5",
"1970","1253","3",
"1970","1280","8",
"1970","1486","0",
"1970","1518","1",
"1970","1528","3",
"1970","1632","2",
"1970","1635","3",
"1970","1936","1",
"1970","1979","2",
"1970","2068","5",
"1970","2092","4",
"1970","2132","1",
"1970","2162","7",
"1970","2171","3",
"1970","2236","2",
"1970","2278","5",
"1970","2295","5",
"1970","2452","8",
"1970","2472","8",
"1970","2528","5",
"1970","2548","5",
"1970","2640","6",
"1970","2676","2",
"1970","2788","6",
"1970","2790","3",
"1970","2834","6",
"1970","2839","7",
"1970","2855","0",
"1970","3056","2",
"1970","3061","1",
"1970","3126","1",
"1970","3159","7",
"1970","3160","1",
"1970","3297","1",
"1970","3359","3",
"1970","3433","3",
"1970","3549","5",
"1970","3586","7",
"1970","3643","5",
"1970","3703","9",
"1970","3716","3",
"1970","3777","7",
"1970","3787","9",
"1970","3808","6",
"1970","3855","3",
"1970","3864","0",
"1970","3893","2",
"1970","3939","3",
"1970","4192","5",
"1970","4246","7",
"1970","4272","5",
"1970","4352","0",
"1970","4573","7",
"1970","4692","6",
"1970","4759","6",
"1970","4878","6",
"1970","4881","9",
"1970","4921","4",
"1970","4975","1",
"1970","4987","6",
"1970","5008","1",
"1970","5028","0",
"1970","5350","5",
"1970","5408","6",
"1970","5414","8",
"1970","5451","6",
"1970","5496","0",
"1970","5751","8",
"1970","5772","7",
"1970","6068","8",
"1970","6104","1",
"1970","6123","3",
"1970","6133","6",
"1970","6278","7",
"1970","6332","4",
"1970","6444","0",
"1970","6448","7",
"1970","6547","4",
"1970","6629","9",
"1970","6674","2",
"1970","6728","3",
"1970","6730","4",
"1970","6762","2",
"1970","6785","2",
"1970","6837","7",
"1970","6850","2",
"1970","6866","0",
"1970","6899","7",
"1970","7058","6",
"1970","7080","8",
"1970","7344","3",
"1970","7376","9",
"1970","7532","1",
"1970","7617","6",
"1970","7653","9",
"1970","7753","2",
"1970","7829","5",
"1970","7868","3",
"1970","7892","3",
"1970","7927","4",
"1970","7952","7",
"1970","7963","6",
"1970","7988","3",
"1970","8012","5",
"1970","8020","7",
"1970","8053","0",
"1970","8076","5",
"1970","8164","2",
"1970","8259","6",
"1970","8290","6",
"1970","8381","5",
"1970","8387","9",
"1970","8499","5",
"1970","8580","1",
"1970","8600","1",
"1970","8632","1",
"1970","8656","1",
"1970","8723","5",
"1970","8854","4",
"1970","8867","5",
"1970","8870","7",
"1970","9012","4",
"1970","9046","5",
"1970","9059","5",
"1970","9085","8",
"1970","9316","4",
"1970","9335","3",
"1970","9433","2",
"1970","9507","0",
"1970","9789","3",
"1971","17","0",
"1971","31","4",
"1971","131","3",
"1971","266","5",
"1971","312","0",
"1971","357","4",
"1971","365","6",
"1971","414","1",
"1971","617","4",
"1971","675","2",
"1971","683","8",
"1971","706","0",
"1971","896","7",
"1971","947","9",
"1971","980","2",
"1971","1189","7",
"1971","1300","2",
"1971","1447","5",
"1971","1469","7",
"1971","1476","9",
"1971","1525","2",
"1971","1612","4",
"1971","1639","5",
"1971","1640","3",
"1971","1672","4",
"1971","1709","3",
"1971","1867","7",
"1971","1885","9",
"1971","1949","5",
"1971","1954","6",
"1971","1955","5",
"1971","2043","3",
"1971","2053","4",
"1971","2304","9",
"1971","2333","8",
"1971","2378","7",
"1971","2384","8",
"1971","2402","3",
"1971","2451","6",
"1971","2461","1",
"1971","2597","2",
"1971","2602","5",
"1971","2680","0",
"1971","2698","9",
"1971","2812","1",
"1971","2836","0",
"1971","2864","0",
"1971","2890","2",
"1971","2920","7",
"1971","3033","0",
"1971","3067","6",
"1971","3086","0",
"1971","3365","8",
"1971","3385","0",
"1971","3449","9",
"1971","3566","4",
"1971","3640","8",
"1971","3823","3",
"1971","3860","0",
"1971","3891","1",
"1971","3915","7",
"1971","3964","7",
"1971","3974","9",
"1971","3982","6",
"1971","4052","3",
"1971","4059","9",
"1971","4106","6",
"1971","4195","9",
"1971","4298","8",
"1971","4385","7",
"1971","4491","1",
"1971","4521","6",
"1971","4543","8",
"1971","4774","9",
"1971","4795","5",
"1971","4871","6",
"1971","5243","5",
"1971","5284","7",
"1971","5365","8",
"1971","5458","8",
"1971","5568","6",
"1971","5575","7",
"1971","5608","0",
"1971","5653","5",
"1971","5692","0",
"1971","5708","0",
"1971","5857","7",
"1971","5917","2",
"1971","5925","6",
"1971","6015","1",
"1971","6073","9",
"1971","6096","8",
"1971","6156","3",
"1971","6189","9",
"1971","6215","3",
"1971","6272","2",
"1971","6273","3",
"1971","6360","9",
"1971","6463","2",
"1971","6499","6",
"1971","6556","5",
"1971","6563","7",
"1971","6643","4",
"1971","6824","6",
"1971","6842","2",
"1971","6846","7",
"1971","6922","4",
"1971","6947","1",
"1971","7044","5",
"1971","7096","3",
"1971","7208","8",
"1971","7396","2",
"1971","7471","3",
"1971","7510","2",
"1971","7567","6",
"1971","7568","9",
"1971","7583","5",
"1971","7594","9",
"1971","7599","1",
"1971","7612","9",
"1971","7741","5",
"1971","7825","3",
"1971","7869","5",
"1971","7956","5",
"1971","7972","9",
"1971","7980","9",
"1971","7991","8",
"1971","8003","4",
"1971","8052","6",
"1971","8058","5",
"1971","8257","5",
"1971","8326","5",
"1971","8362","4",
"1971","8431","0",
"1971","8438","6",
"1971","8520","5",
"1971","8551","8",
"1971","8591","1",
"1971","8628","8",
"1971","8657","6",
"1971","8666","1",
"1971","8727","9",
"1971","8773","0",
"1971","8846","2",
"1971","8851","5",
"1971","8892","1",
"1971","8903","6",
"1971","8906","5",
"1971","8922","2",
"1971","8985","3",
"1971","9106","2",
"1971","9112","8",
"1971","9132","1",
"1971","9144","6",
"1971","9168","4",
"1971","9170","2",
"1971","9318","7",
"1971","9345","5",
"1971","9438","5",
"1971","9452","0",
"1971","9457","5",
"1971","9466","4",
"1971","9485","2",
"1971","9519","9",
"1971","9585","6",
"1971","9593","6",
"1971","9702","2",
"1971","9817","1",
"1971","9902","3",
"1971","9917","0",
"1971","9940","0",
"1972","55","9",
"1972","64","2",
"1972","163","5",
"1972","172","4",
"1972","185","6",
"1972","379","4",
"1972","391","8",
"1972","395","6",
"1972","511","6",
"1972","515","7",
"1972","566","8",
"1972","676","3",
"1972","719","7",
"1972","956","8",
"1972","1004","9",
"1972","1057","3",
"1972","1110","5",
"1972","1261","9",
"1972","1267","5",
"1972","1396","9",
"1972","1397","0",
"1972","1415","8",
"1972","1458","0",
"1972","1609","0",
"1972","1693","7",
"1972","1697","3",
"1972","1708","3",
"1972","1710","0",
"1972","1806","1",
"1972","1864","2",
"1972","1982","3",
"1972","2078","5",
"1972","2079","2",
"1972","2084","1",
"1972","2253","0",
"1972","2297","1",
"1972","2309","8",
"1972","2315","8",
"1972","2343","5",
"1972","2386","7",
"1972","2519","1",
"1972","2544","6",
"1972","2550","1",
"1972","2565","3",
"1972","2566","6",
"1972","2600","0",
"1972","2700","7",
"1972","2778","6",
"1972","2783","5",
"1972","2840","6",
"1972","2983","4",
"1972","3107","4",
"1972","3150","0",
"1972","3197","1",
"1972","3235","6",
"1972","3268","8",
"1972","3358","0",
"1972","3374","2",
"1972","3379","9",
"1972","3725","0",
"1972","3756","5",
"1972","3810","2",
"1972","3814","0",
"1972","3839","4",
"1972","3850","1",
"1972","4022","0",
"1972","4098","8",
"1972","4258","1",
"1972","4266","9",
"1972","4314","1",
"1972","4381","4",
"1972","4408","1",
"1972","4463","9",
"1972","4479","2",
"1972","4547","2",
"1972","4680","0",
"1972","4819","4",
"1972","4915","6",
"1972","4994","3",
"1972","5018","2",
"1972","5181","7",
"1972","5184","1",
"1972","5231","4",
"1972","5346","8",
"1972","5463","6",
"1972","5520","5",
"1972","5589","2",
"1972","5659","9",
"1972","5676","3",
"1972","5721","3",
"1972","5758","9",
"1972","5789","1",
"1972","5856","8",
"1972","6072","6",
"1972","6158","6",
"1972","6176","7",
"1972","6179","5",
"1972","6190","3",
"1972","6313","3",
"1972","6327","0",
"1972","6392","8",
"1972","6461","5",
"1972","6531","6",
"1972","6570","7",
"1972","6726","8",
"1972","6815","8",
"1972","6839","5",
"1972","6890","3",
"1972","6981","4",
"1972","6997","1",
"1972","7035","3",
"1972","7102","1",
"1972","7126","3",
"1972","7128","0",
"1972","7162","5",
"1972","7177","9",
"1972","7178","9",
"1972","7249","5",
"1972","7358","4",
"1972","7394","1",
"1972","7395","1",
"1972","7429","0",
"1972","7508","8",
"1972","7558","4",
"1972","7565","4",
"1972","7762","3",
"1972","7834","0",
"1972","7841","3",
"1972","7910","9",
"1972","8075","0",
"1972","8189","4",
"1972","8220","0",
"1972","8235","7",
"1972","8260","3",
"1972","8296","2",
"1972","8416","8",
"1972","8557","8",
"1972","8568","7",
"1972","8606","8",
"1972","8698","4",
"1972","8732","0",
"1972","8760","5",
"1972","8881","1",
"1972","8942","2",
"1972","8953","3",
"1972","9116","2",
"1972","9127","6",
"1972","9245","7",
"1972","9261","6",
"1972","9324","9",
"1972","9354","1",
"1972","9369","6",
"1972","9396","1",
"1972","9405","6",
"1972","9418","9",
"1972","9567","7",
"1972","9584","4",
"1972","9690","9",
"1972","9718","9",
"1972","9772","2",
"1972","9773","5",
"1972","9782","8",
"1972","9818","9",
"1972","9821","5",
"1972","9871","4",
"1972","9931","2",
"1972","9946","1",
"1973","19","7",
"1973","25","2",
"1973","51","3",
"1973","63","9",
"1973","92","8",
"1973","130","6",
"1973","137","6",
"1973","165","2",
"1973","253","3",
"1973","271","8",
"1973","372","7",
"1973","501","0",
"1973","502","7",
"1973","581","5",
"1973","666","0",
"1973","735","5",
"1973","759","0",
"1973","863","0",
"1973","864","6",
"1973","918","7",
"1973","957","4",
"1973","1106","5",
"1973","1149","7",
"1973","1311","0",
"1973","1373","9",
"1973","1435","4",
"1973","1503","9",
"1973","1520","2",
"1973","1607","0",
"1973","1650","3",
"1973","1656","8",
"1973","1741","4",
"1973","1776","3",
"1973","1830","8",
"1973","1851","3",
"1973","1860","2",
"1973","1903","2",
"1973","1922","1",
"1973","2054","3",
"1973","2087","7",
"1973","2165","4",
"1973","2181","3",
"1973","2193","9",
"1973","2229","5",
"1973","2256","4",
"1973","2296","2",
"1973","2303","5",
"1973","2439","5",
"1973","2511","0",
"1973","2546","6",
"1973","2591","2",
"1973","2642","7",
"1973","2681","3",
"1973","2751","1",
"1973","2827","7",
"1973","2852","8",
"1973","3051","3",
"1973","3054","3",
"1973","3216","2",
"1973","3248","9",
"1973","3435","5",
"1973","3451","7",
"1973","3530","7",
"1973","3541","2",
"1973","3622","8",
"1973","3676","4",
"1973","3862","6",
"1973","3865","9",
"1973","3867","1",
"1973","3868","6",
"1973","3886","6",
"1973","3929","9",
"1973","4020","2",
"1973","4025","9",
"1973","4045","8",
"1973","4169","6",
"1973","4190","4",
"1973","4204","4",
"1973","4343","3",
"1973","4432","8",
"1973","4450","3",
"1973","4484","7",
"1973","4553","2",
"1973","4612","2",
"1973","4631","7",
"1973","4688","6",
"1973","4807","4",
"1973","4825","0",
"1973","4839","2",
"1973","4868","6",
"1973","4925","9",
"1973","5088","8",
"1973","5158","2",
"1973","5178","7",
"1973","5202","0",
"1973","5213","1",
"1973","5217","9",
"1973","5285","7",
"1973","5341","9",
"1973","5345","4",
"1973","5351","0",
"1973","5359","9",
"1973","5361","1",
"1973","5437","5",
"1973","5552","0",
"1973","5609","0",
"1973","5611","9",
"1973","5687","9",
"1973","5719","4",
"1973","6086","1",
"1973","6180","0",
"1973","6207","2",
"1973","6218","4",
"1973","6289","0",
"1973","6290","5",
"1973","6381","3",
"1973","6382","6",
"1973","6403","7",
"1973","6410","4",
"1973","6434","0",
"1973","6615","9",
"1973","6632","1",
"1973","6669","7",
"1973","6729","9",
"1973","6740","8",
"1973","6791","9",
"1973","6807","5",
"1973","6826","1",
"1973","6956","9",
"1973","7011","4",
"1973","7085","6",
"1973","7147","5",
"1973","7163","1",
"1973","7174","6",
"1973","7220","3",
"1973","7266","8",
"1973","7270","8",
"1973","7415","6",
"1973","7464","9",
"1973","7602","0",
"1973","7784","0",
"1973","7791","6",
"1973","7842","7",
"1973","7960","5",
"1973","8198","7",
"1973","8229","2",
"1973","8246","1",
"1973","8333","4",
"1973","8347","8",
"1973","8537","1",
"1973","8538","9",
"1973","8558","8",
"1973","8601","8",
"1973","8607","8",
"1973","8631","0",
"1973","8639","0",
"1973","8675","9",
"1973","8686","5",
"1973","8759","4",
"1973","8798","3",
"1973","8845","1",
"1973","8904","6",
"1973","8966","8",
"1973","9147","9",
"1973","9213","5",
"1973","9250","8",
"1973","9329","3",
"1973","9332","4",
"1973","9361","1",
"1973","9419","9",
"1973","9431","8",
"1973","9487","0",
"1973","9502","7",
"1973","9518","0",
"1973","9550","6",
"1973","9556","5",
"1973","9559","6",
"1973","9563","8",
"1973","9568","1",
"1973","9607","7",
"1973","9638","6",
"1973","9721","6",
"1973","9726","8",
"1973","9765","6",
"1973","9784","9",
"1973","9837","5",
"1973","9997","9",
"1974","6","3",
"1974","57","7",
"1974","143","5",
"1974","152","8",
"1974","171","8",
"1974","197","8",
"1974","278","1",
"1974","282","8",
"1974","288","4",
"1974","359","3",
"1974","410","7",
"1974","441","6",
"1974","553","1",
"1974","681","3",
"1974","745","4",
"1974","747","7",
"1974","758","5",
"1974","770","9",
"1974","790","7",
"1974","838","0",
"1974","965","0",
"1974","1003","7",
"1974","1061","9",
"1974","1108","4",
"1974","1157","2",
"1974","1173","1",
"1974","1203","1",
"1974","1204","0",
"1974","1224","1",
"1974","1230","0",
"1974","1266","0",
"1974","1279","9",
"1974","1312","3",
"1974","1480","2",
"1974","1569","4",
"1974","1588","6",
"1974","1763","5",
"1974","1785","6",
"1974","1849","9",
"1974","1856","8",
"1974","1875","3",
"1974","2065","8",
"1974","2116","0",
"1974","2161","9",
"1974","2174","1",
"1974","2319","3",
"1974","2345","8",
"1974","2398","8",
"1974","2445","9",
"1974","2470","9",
"1974","2545","9",
"1974","2613","0",
"1974","2690","3",
"1974","2711","3",
"1974","2791","3",
"1974","2978","4",
"1974","3007","1",
"1974","3114","4",
"1974","3130","5",
"1974","3306","6",
"1974","3329","3",
"1974","3391","6",
"1974","3441","5",
"1974","3654","9",
"1974","3663","9",
"1974","3675","7",
"1974","3747","8",
"1974","3767","9",
"1974","3779","7",
"1974","3789","7",
"1974","3818","6",
"1974","3852","3",
"1974","3863","4",
"1974","4042","7",
"1974","4055","8",
"1974","4062","9",
"1974","4076","9",
"1974","4184","8",
"1974","4194","6",
"1974","4268","3",
"1974","4287","8",
"1974","4318","0",
"1974","4338","4",
"1974","4355","0",
"1974","4358","6",
"1974","4483","8",
"1974","4549","6",
"1974","4629","7",
"1974","4644","3",
"1974","4678","3",
"1974","4707","7",
"1974","4753","3",
"1974","4803","8",
"1974","4972","5",
"1974","5031","3",
"1974","5034","1",
"1974","5064","2",
"1974","5069","9",
"1974","5141","7",
"1974","5435","3",
"1974","5439","8",
"1974","5450","3",
"1974","5677","9",
"1974","5684","2",
"1974","5734","6",
"1974","5803","3",
"1974","5876","2",
"1974","6066","1",
"1974","6200","5",
"1974","6201","6",
"1974","6214","1",
"1974","6227","4",
"1974","6254","8",
"1974","6260","8",
"1974","6333","1",
"1974","6362","0",
"1974","6365","6",
"1974","6387","3",
"1974","6390","0",
"1974","6398","3",
"1974","6400","4",
"1974","6422","6",
"1974","6439","4",
"1974","6451","2",
"1974","6514","5",
"1974","6564","8",
"1974","6576","6",
"1974","6657","7",
"1974","6719","7",
"1974","6776","7",
"1974","6884","4",
"1974","6945","8",
"1974","7000","1",
"1974","7060","9",
"1974","7110","7",
"1974","7116","1",
"1974","7156","7",
"1974","7197","6",
"1974","7225","7",
"1974","7347","0",
"1974","7400","1",
"1974","7421","7",
"1974","7484","3",
"1974","7530","4",
"1974","7533","1",
"1974","7844","4",
"1974","7983","4",
"1974","8002","8",
"1974","8005","4",
"1974","8014","9",
"1974","8163","6",
"1974","8183","4",
"1974","8350","1",
"1974","8417","4",
"1974","8423","2",
"1974","8440","8",
"1974","8442","5",
"1974","8506","2",
"1974","8651","6",
"1974","8693","3",
"1974","8740","2",
"1974","8758","5",
"1974","8799","3",
"1974","8802","7",
"1974","8807","1",
"1974","9007","5",
"1974","9102","7",
"1974","9103","1",
"1974","9108","8",
"1974","9117","3",
"1974","9146","2",
"1974","9164","0",
"1974","9197","9",
"1974","9212","3",
"1974","9228","8",
"1974","9242","6",
"1974","9251","6",
"1974","9320","4",
"1974","9336","1",
"1974","9440","4",
"1974","9625","1",
"1974","9696","5",
"1974","9768","0",
"1974","9777","6",
"1974","9795","2",
"1974","9823","4",
"1974","9865","9",
"1974","9887","1",
"1974","9905","1",
"1974","9910","5",
"1974","10000","0",
"1975","85","9",
"1975","91","0",
"1975","97","4",
"1975","119","8",
"1975","122","7",
"1975","170","9",
"1975","193","4",
"1975","251","4",
"1975","293","1",
"1975","297","3",
"1975","305","3",
"1975","358","4",
"1975","399","5",
"1975","516","2",
"1975","653","1",
"1975","879","4",
"1975","894","4",
"1975","971","3",
"1975","974","3",
"1975","998","7",
"1975","1184","5",
"1975","1288","7",
"1975","1319","8",
"1975","1493","4",
"1975","1601","6",
"1975","1658","0",
"1975","1747","3",
"1975","1774","8",
"1975","1796","4",
"1975","1813","5",
"1975","1847","9",
"1975","1900","1",
"1975","1981","2",
"1975","2029","0",
"1975","2045","5",
"1975","2110","1",
"1975","2249","9",
"1975","2261","3",
"1975","2289","1",
"1975","2290","4",
"1975","2298","2",
"1975","2396","1",
"1975","2399","5",
"1975","2419","5",
"1975","2475","5",
"1975","2481","6",
"1975","2526","1",
"1975","2559","6",
"1975","2576","9",
"1975","2606","8",
"1975","2616","6",
"1975","2622","4",
"1975","2650","9",
"1975","2687","2",
"1975","2689","4",
"1975","2717","1",
"1975","2719","3",
"1975","2758","5",
"1975","2796","6",
"1975","2849","9",
"1975","2854","7",
"1975","2862","1",
"1975","2939","8",
"1975","3204","6",
"1975","3341","7",
"1975","3345","0",
"1975","3350","7",
"1975","3446","2",
"1975","3472","4",
"1975","3497","4",
"1975","3504","9",
"1975","3506","6",
"1975","3559","8",
"1975","3618","3",
"1975","3646","0",
"1975","3781","5",
"1975","3896","6",
"1975","3900","5",
"1975","3959","8",
"1975","4005","5",
"1975","4094","5",
"1975","4130","1",
"1975","4131","7",
"1975","4210","1",
"1975","4240","0",
"1975","4259","8",
"1975","4269","0",
"1975","4317","1",
"1975","4445","3",
"1975","4467","4",
"1975","4554","3",
"1975","4604","4",
"1975","4654","5",
"1975","4738","6",
"1975","4806","4",
"1975","4888","0",
"1975","4989","9",
"1975","5073","7",
"1975","5319","1",
"1975","5384","9",
"1975","5407","5",
"1975","5580","0",
"1975","5582","6",
"1975","5586","9",
"1975","5637","1",
"1975","5679","6",
"1975","5727","5",
"1975","5757","1",
"1975","5763","3",
"1975","5831","6",
"1975","5844","7",
"1975","5866","7",
"1975","5908","8",
"1975","5972","3",
"1975","6117","1",
"1975","6166","9",
"1975","6259","8",
"1975","6283","2",
"1975","6425","9",
"1975","6426","2",
"1975","6581","4",
"1975","6676","3",
"1975","6844","0",
"1975","6880","9",
"1975","6992","4",
"1975","7001","3",
"1975","7046","7",
"1975","7050","1",
"1975","7104","6",
"1975","7241","9",
"1975","7272","7",
"1975","7402","7",
"1975","7408","4",
"1975","7431","1",
"1975","7571","4",
"1975","7611","9",
"1975","7703","5",
"1975","7725","6",
"1975","7808","7",
"1975","7890","6",
"1975","8017","1",
"1975","8078","0",
"1975","8171","5",
"1975","8210","0",
"1975","8232","3",
"1975","8295","1",
"1975","8319","9",
"1975","8363","2",
"1975","8401","4",
"1975","8670","5",
"1975","8718","6",
"1975","8731","9",
"1975","8735","0",
"1975","8791","9",
"1975","8936","2",
"1975","8979","6",
"1975","8981","3",
"1975","9006","4",
"1975","9028","6",
"1975","9232","2",
"1975","9312","9",
"1975","9348","6",
"1975","9350","7",
"1975","9498","7",
"1975","9508","2",
"1975","9626","3",
"1975","9632","6",
"1975","9681","9",
"1975","9737","1",
"1975","9774","5",
"1975","9812","6",
"1975","9822","7",
"1975","9861","2",
"1975","9872","6",
"1975","9875","8",
"1975","9877","6",
"1975","9880","2",
"1975","9907","8",
"1975","9972","4",
"1976","54","8",
"1976","69","9",
"1976","216","8",
"1976","220","9",
"1976","298","2",
"1976","300","2",
"1976","315","5",
"1976","366","4",
"1976","445","4",
"1976","569","5",
"1976","628","7",
"1976","671","5",
"1976","696","6",
"1976","725","6",
"1976","731","9",
"1976","734","9",
"1976","850","5",
"1976","860","1",
"1976","877","8",
"1976","889","4",
"1976","915","0",
"1976","1029","4",
"1976","1053","0",
"1976","1058","8",
"1976","1077","8",
"1976","1085","7",
"1976","1240","8",
"1976","1351","5",
"1976","1378","6",
"1976","1495","0",
"1976","1529","3",
"1976","1551","3",
"1976","1561","9",
"1976","1610","3",
"1976","1687","4",
"1976","1746","9",
"1976","1890","8",
"1976","1916","0",
"1976","1952","9",
"1976","1965","7",
"1976","1988","7",
"1976","2010","0",
"1976","2076","2",
"1976","2128","2",
"1976","2173","6",
"1976","2202","6",
"1976","2355","8",
"1976","2377","3",
"1976","2535","8",
"1976","2641","2",
"1976","2649","1",
"1976","2677","3",
"1976","2767","9",
"1976","2800","2",
"1976","2869","2",
"1976","2935","4",
"1976","2946","0",
"1976","3047","9",
"1976","3077","2",
"1976","3094","7",
"1976","3100","0",
"1976","3166","7",
"1976","3263","2",
"1976","3286","5",
"1976","3311","9",
"1976","3386","6",
"1976","3404","1",
"1976","3479","5",
"1976","3522","0",
"1976","3581","4",
"1976","3714","1",
"1976","3851","7",
"1976","3889","2",
"1976","3999","2",
"1976","4009","7",
"1976","4140","6",
"1976","4144","6",
"1976","4261","5",
"1976","4274","3",
"1976","4280","6",
"1976","4308","8",
"1976","4359","7",
"1976","4393","7",
"1976","4394","0",
"1976","4493","5",
"1976","4565","6",
"1976","4645","7",
"1976","4674","1",
"1976","4695","6",
"1976","4714","3",
"1976","4773","6",
"1976","4860","6",
"1976","4894","8",
"1976","4930","5",
"1976","4952","0",
"1976","5013","5",
"1976","5039","0",
"1976","5097","4",
"1976","5191","5",
"1976","5228","4",
"1976","5236","9",
"1976","5308","8",
"1976","5353","5",
"1976","5415","3",
"1976","5453","9",
"1976","5532","7",
"1976","5654","4",
"1976","5893","7",
"1976","5900","8",
"1976","5939","3",
"1976","5957","2",
"1976","5984","0",
"1976","6009","9",
"1976","6069","3",
"1976","6077","3",
"1976","6118","7",
"1976","6134","4",
"1976","6142","2",
"1976","6193","2",
"1976","6244","1",
"1976","6307","2",
"1976","6355","1",
"1976","6433","1",
"1976","6452","2",
"1976","6472","1",
"1976","6487","0",
"1976","6554","7",
"1976","6584","2",
"1976","6614","5",
"1976","6755","4",
"1976","6789","1",
"1976","6835","9",
"1976","6977","9",
"1976","7063","5",
"1976","7143","5",
"1976","7148","8",
"1976","7149","0",
"1976","7201","7",
"1976","7211","2",
"1976","7296","4",
"1976","7397","3",
"1976","7529","4",
"1976","7557","4",
"1976","7609","2",
"1976","7639","8",
"1976","7788","7",
"1976","7858","4",
"1976","7873","2",
"1976","7997","3",
"1976","8119","6",
"1976","8127","6",
"1976","8228","5",
"1976","8384","0",
"1976","8389","6",
"1976","8406","6",
"1976","8410","3",
"1976","8439","8",
"1976","8468","1",
"1976","8497","1",
"1976","8511","6",
"1976","8597","5",
"1976","8599","1",
"1976","8635","1",
"1976","8808","9",
"1976","8839","6",
"1976","8929","9",
"1976","9010","5",
"1976","9019","9",
"1976","9026","8",
"1976","9041","7",
"1976","9176","1",
"1976","9198","5",
"1976","9317","8",
"1976","9353","6",
"1976","9410","1",
"1976","9449","8",
"1976","9471","0",
"1976","9652","9",
"1976","9776","8",
"1976","9889","1",
"1976","9911","6",
"1976","9921","3",
"1977","37","2",
"1977","146","7",
"1977","149","6",
"1977","181","3",
"1977","190","8",
"1977","274","6",
"1977","440","2",
"1977","579","0",
"1977","586","5",
"1977","626","8",
"1977","639","9",
"1977","640","3",
"1977","660","0",
"1977","674","0",
"1977","806","6",
"1977","829","7",
"1977","873","1",
"1977","902","0",
"1977","1150","3",
"1977","1160","8",
"1977","1162","7",
"1977","1175","3",
"1977","1277","5",
"1977","1358","9",
"1977","1377","2",
"1977","1412","2",
"1977","1491","0",
"1977","1594","5",
"1977","1637","6",
"1977","1686","6",
"1977","1719","3",
"1977","1756","9",
"1977","1798","6",
"1977","1958","4",
"1977","2015","3",
"1977","2096","1",
"1977","2098","5",
"1977","2209","4",
"1977","2214","9",
"1977","2235","3",
"1977","2238","5",
"1977","2255","4",
"1977","2293","4",
"1977","2495","9",
"1977","2572","0",
"1977","2693","0",
"1977","2714","6",
"1977","2768","2",
"1977","2829","8",
"1977","2858","6",
"1977","2907","9",
"1977","2944","2",
"1977","3000","8",
"1977","3008","3",
"1977","3119","4",
"1977","3139","8",
"1977","3240","3",
"1977","3309","3",
"1977","3349","4",
"1977","3360","6",
"1977","3363","1",
"1977","3429","9",
"1977","3443","6",
"1977","3493","4",
"1977","3524","1",
"1977","3673","5",
"1977","3690","3",
"1977","3707","8",
"1977","3884","5",
"1977","3920","7",
"1977","3980","3",
"1977","4008","7",
"1977","4034","4",
"1977","4070","8",
"1977","4295","2",
"1977","4390","7",
"1977","4469","0",
"1977","4502","9",
"1977","4526","5",
"1977","4560","0",
"1977","4577","4",
"1977","4708","2",
"1977","4717","0",
"1977","4720","4",
"1977","4730","8",
"1977","4877","7",
"1977","4898","9",
"1977","4905","6",
"1977","5128","8",
"1977","5163","3",
"1977","5172","9",
"1977","5182","6",
"1977","5255","7",
"1977","5348","8",
"1977","5412","1",
"1977","5465","1",
"1977","5494","6",
"1977","5504","9",
"1977","5540","8",
"1977","5612","3",
"1977","5796","3",
"1977","5839","0",
"1977","5854","5",
"1977","5871","8",
"1977","5904","8",
"1977","5915","7",
"1977","6013","1",
"1977","6116","5",
"1977","6231","8",
"1977","6245","6",
"1977","6269","6",
"1977","6330","1",
"1977","6386","7",
"1977","6409","2",
"1977","6423","1",
"1977","6479","8",
"1977","6490","5",
"1977","6492","0",
"1977","6496","7",
"1977","6503","0",
"1977","6511","7",
"1977","6705","7",
"1977","6892","2",
"1977","7003","5",
"1977","7012","1",
"1977","7087","8",
"1977","7198","9",
"1977","7235","2",
"1977","7265","8",
"1977","7317","5",
"1977","7401","7",
"1977","7649","1",
"1977","7664","8",
"1977","7699","6",
"1977","7772","1",
"1977","7793","4",
"1977","7830","0",
"1977","7893","9",
"1977","7958","9",
"1977","7998","2",
"1977","8030","9",
"1977","8092","1",
"1977","8110","5",
"1977","8201","2",
"1977","8250","1",
"1977","8337","9",
"1977","8366","5",
"1977","8388","5",
"1977","8396","2",
"1977","8571","9",
"1977","8720","1",
"1977","8804","7",
"1977","9001","3",
"1977","9105","4",
"1977","9223","2",
"1977","9577","8",
"1977","9748","1",
"1977","9757","3",
"1977","9790","4",
"1977","9856","9",
"1977","9863","9",
"1977","9878","8",
"1978","94","2",
"1978","105","6",
"1978","154","1",
"1978","279","3",
"1978","289","5",
"1978","309","8",
"1978","463","1",
"1978","557","0",
"1978","562","6",
"1978","601","0",
"1978","627","0",
"1978","633","3",
"1978","824","7",
"1978","1016","0",
"1978","1045","1",
"1978","1096","9",
"1978","1135","9",
"1978","1239","2",
"1978","1334","2",
"1978","1374","8",
"1978","1438","3",
"1978","1593","5",
"1978","1832","4",
"1978","1834","4",
"1978","1862","1",
"1978","1881","3",
"1978","1912","6",
"1978","2085","4",
"1978","2100","9",
"1978","2359","4",
"1978","2372","8",
"1978","2435","8",
"1978","2463","7",
"1978","2665","0",
"1978","2709","3",
"1978","2716","9",
"1978","2772","4",
"1978","2786","8",
"1978","2794","9",
"1978","2972","9",
"1978","3005","6",
"1978","3050","1",
"1978","3089","6",
"1978","3141","5",
"1978","3266","6",
"1978","3381","7",
"1978","3408","9",
"1978","3423","6",
"1978","3482","1",
"1978","3696","7",
"1978","3766","7",
"1978","3946","9",
"1978","4036","0",
"1978","4074","5",
"1978","4552","2",
"1978","4555","3",
"1978","4626","3",
"1978","4656","5",
"1978","4726","1",
"1978","4804","6",
"1978","4822","5",
"1978","4946","9",
"1978","4967","2",
"1978","5001","1",
"1978","5003","1",
"1978","5005","8",
"1978","5033","7",
"1978","5085","3",
"1978","5089","7",
"1978","5104","8",
"1978","5174","4",
"1978","5177","3",
"1978","5192","0",
"1978","5215","7",
"1978","5254","0",
"1978","5315","2",
"1978","5377","9",
"1978","5420","3",
"1978","5472","5",
"1978","5490","9",
"1978","5516","0",
"1978","5525","4",
"1978","5593","3",
"1978","5638","4",
"1978","5647","1",
"1978","5666","5",
"1978","5737","7",
"1978","5873","1",
"1978","5929","5",
"1978","5938","6",
"1978","5973","9",
"1978","5986","9",
"1978","5998","8",
"1978","6107","2",
"1978","6165","9",
"1978","6258","7",
"1978","6633","8",
"1978","6715","8",
"1978","6739","8",
"1978","6758","5",
"1978","6761","0",
"1978","6775","1",
"1978","6912","8",
"1978","7022","3",
"1978","7024","2",
"1978","7039","9",
"1978","7164","1",
"1978","7256","1",
"1978","7320","6",
"1978","7346","6",
"1978","7354","0",
"1978","7375","1",
"1978","7391","4",
"1978","7423","3",
"1978","7432","2",
"1978","7586","1",
"1978","7618","9",
"1978","7623","0",
"1978","7633","6",
"1978","7716","8",
"1978","7740","5",
"1978","7837","0",
"1978","7878","6",
"1978","7885","6",
"1978","7970","3",
"1978","8184","3",
"1978","8275","4",
"1978","8279","1",
"1978","8280","7",
"1978","8281","0",
"1978","8322","2",
"1978","8408","4",
"1978","8523","1",
"1978","8530","6",
"1978","8539","3",
"1978","8626","5",
"1978","8764","0",
"1978","8780","5",
"1978","8852","4",
"1978","8865","1",
"1978","8878","6",
"1978","8948","6",
"1978","8952","2",
"1978","9045","1",
"1978","9062","3",
"1978","9075","0",
"1978","9161","1",
"1978","9305","5",
"1978","9362","8",
"1978","9383","6",
"1978","9415","0",
"1978","9423","7",
"1978","9424","1",
"1978","9439","1",
"1978","9540","1",
"1978","9553","1",
"1978","9645","5",
"1978","9657","1",
"1978","9819","6",
"1978","9892","0",
"1978","9900","8",
"1979","26","6",
"1979","39","4",
"1979","120","2",
"1979","135","2",
"1979","261","9",
"1979","385","4",
"1979","490","2",
"1979","542","6",
"1979","551","3",
"1979","819","4",
"1979","881","2",
"1979","887","7",
"1979","919","8",
"1979","933","7",
"1979","1001","2",
"1979","1036","3",
"1979","1067","2",
"1979","1102","4",
"1979","1128","0",
"1979","1132","4",
"1979","1194","7",
"1979","1379","1",
"1979","1429","3",
"1979","1534","0",
"1979","1540","7",
"1979","1572","0",
"1979","1630","4",
"1979","1673","0",
"1979","1745","7",
"1979","1801","8",
"1979","1825","7",
"1979","1852","0",
"1979","1870","3",
"1979","1908","8",
"1979","1983","7",
"1979","2014","7",
"1979","2034","0",
"1979","2047","8",
"1979","2113","3",
"1979","2135","9",
"1979","2200","3",
"1979","2227","7",
"1979","2277","0",
"1979","2306","2",
"1979","2313","2",
"1979","2347","2",
"1979","2404","7",
"1979","2504","1",
"1979","2614","2",
"1979","2648","5",
"1979","2686","2",
"1979","2747","8",
"1979","2819","3",
"1979","2830","5",
"1979","2843","1",
"1979","2859","7",
"1979","2883","2",
"1979","2891","6",
"1979","2898","8",
"1979","2965","9",
"1979","3184","9",
"1979","3193","9",
"1979","3214","3",
"1979","3238","7",
"1979","3278","2",
"1979","3319","4",
"1979","3356","7",
"1979","3377","6",
"1979","3425","3",
"1979","3438","1",
"1979","3471","8",
"1979","3521","7",
"1979","3597","7",
"1979","3655","5",
"1979","3737","4",
"1979","3918","9",
"1979","3991","2",
"1979","4075","4",
"1979","4226","5",
"1979","4248","9",
"1979","4270","2",
"1979","4312","4",
"1979","4591","6",
"1979","4618","2",
"1979","4623","4",
"1979","4628","7",
"1979","4659","1",
"1979","4663","2",
"1979","4697","0",
"1979","4742","7",
"1979","4767","5",
"1979","4816","9",
"1979","4823","5",
"1979","4824","8",
"1979","4854","1",
"1979","4865","1",
"1979","4867","6",
"1979","4896","6",
"1979","5006","9",
"1979","5046","9",
"1979","5152","3",
"1979","5187","5",
"1979","5208","5",
"1979","5300","6",
"1979","5312","8",
"1979","5337","6",
"1979","5366","9",
"1979","5424","4",
"1979","5462","3",
"1979","5512","7",
"1979","5699","5",
"1979","5881","7",
"1979","5889","0",
"1979","5978","8",
"1979","6003","5",
"1979","6076","4",
"1979","6106","7",
"1979","6363","6",
"1979","6364","7",
"1979","6415","4",
"1979","6424","7",
"1979","6436","2",
"1979","6460","4",
"1979","6535","9",
"1979","6566","8",
"1979","6569","2",
"1979","6588","4",
"1979","6589","2",
"1979","6590","7",
"1979","6605","4",
"1979","6659","1",
"1979","6703","7",
"1979","6721","3",
"1979","6731","3",
"1979","6794","3",
"1979","7033","6",
"1979","7131","4",
"1979","7166","4",
"1979","7262","0",
"1979","7349","8",
"1979","7366","0",
"1979","7500","7",
"1979","7501","6",
"1979","7520","8",
"1979","7547","5",
"1979","7592","0",
"1979","7668","0",
"1979","7710","4",
"1979","7767","3",
"1979","7820","5",
"1979","7826","4",
"1979","7833","1",
"1979","7860","3",
"1979","7959","4",
"1979","7982","2",
"1979","8071","6",
"1979","8148","8",
"1979","8151","3",
"1979","8158","6",
"1979","8191","7",
"1979","8194","3",
"1979","8332","6",
"1979","8355","9",
"1979","8367","0",
"1979","8391","7",
"1979","8630","3",
"1979","8643","4",
"1979","8678","3",
"1979","8777","5",
"1979","8914","8",
"1979","9042","4",
"1979","9123","2",
"1979","9133","8",
"1979","9139","4",
"1979","9241","7",
"1979","9264","7",
"1979","9293","1",
"1979","9322","1",
"1979","9365","4",
"1979","9382","6",
"1979","9406","6",
"1979","9461","1",
"1979","9469","0",
"1979","9627","9",
"1979","9631","4",
"1979","9661","2",
"1979","9739","0",
"1979","9839","2",
"1979","9930","0",
"1979","9936","3",
"1979","9937","2",
"1980","1","8",
"1980","49","6",
"1980","89","9",
"1980","174","5",
"1980","207","7",
"1980","250","0",
"1980","427","0",
"1980","730","3",
"1980","821","0",
"1980","840","7",
"1980","892","5",
"1980","942","3",
"1980","992","3",
"1980","1018","3",
"1980","1062","1",
"1980","1063","0",
"1980","1079","1",
"1980","1116","6",
"1980","1249","0",
"1980","1331","9",
"1980","1511","0",
"1980","1590","6",
"1980","1668","8",
"1980","1698","8",
"1980","1919","8",
"1980","1951","4",
"1980","2041","3",
"1980","2048","1",
"1980","2057","0",
"1980","2072","9",
"1980","2139","4",
"1980","2210","0",
"1980","2233","5",
"1980","2280","5",
"1980","2434","4",
"1980","2447","6",
"1980","2454","6",
"1980","2484","4",
"1980","2494","3",
"1980","2500","2",
"1980","2515","0",
"1980","2527","8",
"1980","2563","7",
"1980","2634","1",
"1980","2736","8",
"1980","2806","0",
"1980","2848","7",
"1980","2945","1",
"1980","2994","7",
"1980","3082","3",
"1980","3102","2",
"1980","3124","6",
"1980","3164","3",
"1980","3218","0",
"1980","3410","1",
"1980","3439","7",
"1980","3457","2",
"1980","3587","1",
"1980","3669","4",
"1980","3754","0",
"1980","3834","9",
"1980","3873","8",
"1980","3908","9",
"1980","4084","3",
"1980","4087","4",
"1980","4187","2",
"1980","4206","1",
"1980","4256","0",
"1980","4282","4",
"1980","4367","4",
"1980","4382","2",
"1980","4415","8",
"1980","4466","4",
"1980","4470","2",
"1980","4485","2",
"1980","4527","8",
"1980","4545","5",
"1980","4642","3",
"1980","4721","5",
"1980","4739","7",
"1980","4745","9",
"1980","4810","5",
"1980","4831","7",
"1980","4857","7",
"1980","4885","0",
"1980","5014","1",
"1980","5079","6",
"1980","5099","9",
"1980","5115","3",
"1980","5145","7",
"1980","5164","7",
"1980","5292","2",
"1980","5372","3",
"1980","5513","0",
"1980","5519","1",
"1980","5537","4",
"1980","5634","7",
"1980","5686","9",
"1980","5765","3",
"1980","5840","3",
"1980","5842","8",
"1980","6025","6",
"1980","6079","0",
"1980","6235","9",
"1980","6240","2",
"1980","6256","0",
"1980","6542","3",
"1980","6550","0",
"1980","6560","0",
"1980","6567","1",
"1980","6678","7",
"1980","6795","2",
"1980","6800","3",
"1980","6814","4",
"1980","6919","8",
"1980","6934","8",
"1980","6959","2",
"1980","6974","5",
"1980","6993","6",
"1980","7045","4",
"1980","7136","9",
"1980","7188","7",
"1980","7263","9",
"1980","7313","8",
"1980","7334","3",
"1980","7350","0",
"1980","7459","8",
"1980","7463","9",
"1980","7477","0",
"1980","7636","7",
"1980","7667","3",
"1980","7683","7",
"1980","7721","7",
"1980","7752","1",
"1980","7875","0",
"1980","8009","7",
"1980","8081","6",
"1980","8091","2",
"1980","8215","2",
"1980","8237","7",
"1980","8270","4",
"1980","8312","3",
"1980","8339","4",
"1980","8345","2",
"1980","8426","9",
"1980","8469","4",
"1980","8472","7",
"1980","8485","8",
"1980","8492","5",
"1980","8609","7",
"1980","8650","9",
"1980","8671","9",
"1980","8707","2",
"1980","8973","9",
"1980","9000","6",
"1980","9018","8",
"1980","9074","6",
"1980","9272","0",
"1980","9288","1",
"1980","9292","5",
"1980","9299","7",
"1980","9583","5",
"1980","9641","4",
"1980","9740","3",
"1980","9751","2",
"1980","9763","1",
"1980","9766","8",
"1980","9781","6",
"1980","9807","4",
"1980","9829","1",
"1980","9854","5",
"1980","9870","5",
"1980","9934","4",
"1981","30","6",
"1981","227","7",
"1981","260","4",
"1981","310","5",
"1981","343","5",
"1981","344","2",
"1981","356","4",
"1981","412","4",
"1981","573","3",
"1981","711","6",
"1981","727","9",
"1981","884","0",
"1981","1031","8",
"1981","1145","2",
"1981","1206","6",
"1981","1347","4",
"1981","1467","1",
"1981","1535","0",
"1981","1625","2",
"1981","1702","9",
"1981","1703","6",
"1981","1868","4",
"1981","1872","5",
"1981","1907","1",
"1981","1923","0",
"1981","1929","8",
"1981","2117","7",
"1981","2231","6",
"1981","2291","8",
"1981","2340","4",
"1981","2341","4",
"1981","2433","9",
"1981","2477","6",
"1981","2582","7",
"1981","2611","6",
"1981","2670","2",
"1981","2673","5",
"1981","2781","8",
"1981","2799","0",
"1981","2887","9",
"1981","2904","2",
"1981","2956","1",
"1981","2958","1",
"1981","2959","7",
"1981","2967","1",
"1981","3013","7",
"1981","3180","2",
"1981","3201","7",
"1981","3203","1",
"1981","3229","0",
"1981","3291","4",
"1981","3547","5",
"1981","3552","3",
"1981","3571","5",
"1981","3596","3",
"1981","3705","6",
"1981","3793","6",
"1981","3881","2",
"1981","3905","9",
"1981","3995","0",
"1981","4080","0",
"1981","4129","4",
"1981","4198","8",
"1981","4219","2",
"1981","4247","2",
"1981","4284","3",
"1981","4296","3",
"1981","4332","5",
"1981","4346","8",
"1981","4354","3",
"1981","4472","2",
"1981","4498","5",
"1981","4519","8",
"1981","4525","3",
"1981","4532","2",
"1981","4696","9",
"1981","4741","9",
"1981","4859","7",
"1981","4938","5",
"1981","5004","2",
"1981","5052","8",
"1981","5061","7",
"1981","5124","9",
"1981","5131","6",
"1981","5196","6",
"1981","5302","3",
"1981","5317","8",
"1981","5332","3",
"1981","5393","1",
"1981","5497","6",
"1981","5545","6",
"1981","5554","2",
"1981","5562","6",
"1981","5606","3",
"1981","5775","0",
"1981","5920","6",
"1981","6004","8",
"1981","6006","3",
"1981","6023","2",
"1981","6100","3",
"1981","6160","5",
"1981","6234","3",
"1981","6270","4",
"1981","6274","9",
"1981","6288","8",
"1981","6322","0",
"1981","6388","2",
"1981","6412","4",
"1981","6437","8",
"1981","6454","8",
"1981","6485","0",
"1981","6681","3",
"1981","6734","8",
"1981","6737","0",
"1981","6780","5",
"1981","6799","0",
"1981","6810","3",
"1981","6887","1",
"1981","7076","0",
"1981","7111","2",
"1981","7175","1",
"1981","7214","6",
"1981","7253","4",
"1981","7276","6",
"1981","7281","7",
"1981","7284","5",
"1981","7325","1",
"1981","7387","0",
"1981","7519","9",
"1981","7538","7",
"1981","7590","0",
"1981","7676","7",
"1981","7685","3",
"1981","7704","5",
"1981","7799","3",
"1981","7807","3",
"1981","7887","9",
"1981","7932","7",
"1981","7937","1",
"1981","8054","1",
"1981","8087","7",
"1981","8120","8",
"1981","8162","9",
"1981","8177","2",
"1981","8186","2",
"1981","8247","7",
"1981","8358","4",
"1981","8489","6",
"1981","8561","5",
"1981","8611","5",
"1981","8660","4",
"1981","8710","6",
"1981","8779","3",
"1981","8788","3",
"1981","8877","0",
"1981","8889","0",
"1981","8930","2",
"1981","8941","9",
"1981","8977","7",
"1981","9004","7",
"1981","9056","3",
"1981","9114","0",
"1981","9174","8",
"1981","9187","2",
"1981","9246","6",
"1981","9342","2",
"1981","9356","6",
"1981","9537","8",
"1981","9544","2",
"1981","9586","5",
"1981","9621","7",
"1981","9666","5",
"1981","9679","0",
"1981","9708","7",
"1981","9796","5",
"1981","9811","4",
"1981","9827","7",
"1981","9855","4",
"1981","9874","0",
"1981","9883","4",
"1981","9893","2",
"1981","9897","9",
"1981","9920","9",
"1982","72","0",
"1982","238","3",
"1982","265","1",
"1982","314","5",
"1982","443","2",
"1982","520","7",
"1982","537","3",
"1982","548","9",
"1982","565","6",
"1982","649","5",
"1982","679","7",
"1982","709","7",
"1982","737","5",
"1982","775","0",
"1982","814","1",
"1982","849","2",
"1982","895","9",
"1982","1030","8",
"1982","1032","1",
"1982","1050","6",
"1982","1258","6",
"1982","1375","4",
"1982","1418","3",
"1982","1456","9",
"1982","1517","1",
"1982","1519","6",
"1982","1530","5",
"1982","1619","4",
"1982","1641","9",
"1982","1648","9",
"1982","1723","9",
"1982","1728","4",
"1982","1883","1",
"1982","1898","2",
"1982","1926","1",
"1982","1948","7",
"1982","1974","6",
"1982","2245","0",
"1982","2300","5",
"1982","2424","8",
"1982","2525","6",
"1982","2609","8",
"1982","2652","6",
"1982","2757","1",
"1982","2784","7",
"1982","2831","4",
"1982","2943","8",
"1982","3063","4",
"1982","3087","0",
"1982","3121","5",
"1982","3125","4",
"1982","3161","0",
"1982","3167","3",
"1982","3189","4",
"1982","3284","7",
"1982","3422","9",
"1982","3569","4",
"1982","3584","5",
"1982","3694","7",
"1982","3780","3",
"1982","3792","6",
"1982","3796","1",
"1982","3824","7",
"1982","3950","3",
"1982","4101","7",
"1982","4120","8",
"1982","4154","6",
"1982","4186","4",
"1982","4345","4",
"1982","4362","9",
"1982","4570","2",
"1982","4650","8",
"1982","4740","5",
"1982","4750","9",
"1982","4853","7",
"1982","4866","9",
"1982","4937","1",
"1982","5054","6",
"1982","5106","1",
"1982","5151","8",
"1982","5167","0",
"1982","5189","6",
"1982","5195","3",
"1982","5210","0",
"1982","5220","9",
"1982","5267","8",
"1982","5358","3",
"1982","5376","4",
"1982","5391","8",
"1982","5399","4",
"1982","5440","1",
"1982","5441","3",
"1982","5498","9",
"1982","5571","0",
"1982","5639","5",
"1982","5707","2",
"1982","5762","7",
"1982","5793","8",
"1982","6031","9",
"1982","6067","2",
"1982","6088","6",
"1982","6267","2",
"1982","6287","9",
"1982","6339","9",
"1982","6384","7",
"1982","6526","2",
"1982","6537","4",
"1982","6619","3",
"1982","6630","2",
"1982","6680","1",
"1982","6683","3",
"1982","6704","2",
"1982","6713","9",
"1982","6736","2",
"1982","6923","6",
"1982","6991","9",
"1982","6998","9",
"1982","7048","7",
"1982","7051","2",
"1982","7054","2",
"1982","7084","8",
"1982","7093","5",
"1982","7098","8",
"1982","7108","1",
"1982","7155","4",
"1982","7172","3",
"1982","7209","8",
"1982","7315","6",
"1982","7342","2",
"1982","7417","4",
"1982","7467","0",
"1982","7512","7",
"1982","7540","4",
"1982","7789","4",
"1982","7832","4",
"1982","7889","9",
"1982","8026","2",
"1982","8033","5",
"1982","8060","6",
"1982","8125","0",
"1982","8137","4",
"1982","8272","2",
"1982","8284","7",
"1982","8323","3",
"1982","8453","5",
"1982","8644","3",
"1982","8843","7",
"1982","8858","9",
"1982","8897","1",
"1982","9126","2",
"1982","9137","6",
"1982","9201","8",
"1982","9244","3",
"1982","9303","2",
"1982","9450","8",
"1982","9555","5",
"1982","9670","0",
"1982","9780","6",
"1982","9801","5",
"1982","9950","4",
"1982","9969","7",
"1982","9974","5",
"1982","9976","5",
"1982","9991","5",
"1983","21","3",
"1983","173","4",
"1983","178","8",
"1983","233","7",
"1983","398","9",
"1983","413","4",
"1983","424","7",
"1983","454","7",
"1983","530","4",
"1983","539","3",
"1983","545","4",
"1983","614","4",
"1983","767","9",
"1983","886","2",
"1983","890","7",
"1983","925","7",
"1983","1015","0",
"1983","1024","0",
"1983","1101","0",
"1983","1139","7",
"1983","1275","2",
"1983","1301","7",
"1983","1426","8",
"1983","1428","4",
"1983","1453","9",
"1983","1455","1",
"1983","1461","7",
"1983","1512","8",
"1983","1526","1",
"1983","1557","8",
"1983","1604","4",
"1983","1624","5",
"1983","1644","9",
"1983","1675","9",
"1983","1790","7",
"1983","1863","8",
"1983","1866","2",
"1983","1877","1",
"1983","1879","8",
"1983","1920","4",
"1983","1934","2",
"1983","1938","9",
"1983","1993","0",
"1983","2052","1",
"1983","2104","9",
"1983","2106","5",
"1983","2112","1",
"1983","2140","6",
"1983","2142","6",
"1983","2149","0",
"1983","2166","4",
"1983","2180","6",
"1983","2281","3",
"1983","2285","9",
"1983","2373","8",
"1983","2389","5",
"1983","2407","7",
"1983","2430","0",
"1983","2474","8",
"1983","2501","6",
"1983","2547","7",
"1983","2588","4",
"1983","2618","0",
"1983","2635","9",
"1983","2793","6",
"1983","2894","2",
"1983","2968","6",
"1983","2995","8",
"1983","3058","6",
"1983","3065","4",
"1983","3105","2",
"1983","3195","5",
"1983","3237","0",
"1983","3282","1",
"1983","3382","7",
"1983","3388","7",
"1983","3402","7",
"1983","3480","0",
"1983","3498","9",
"1983","3573","4",
"1983","3617","2",
"1983","3832","9",
"1983","3876","0",
"1983","3942","6",
"1983","4021","2",
"1983","4181","7",
"1983","4257","6",
"1983","4263","2",
"1983","4327","7",
"1983","4371","4",
"1983","4404","6",
"1983","4433","7",
"1983","4495","0",
"1983","4506","5",
"1983","4531","5",
"1983","4582","5",
"1983","4595","1",
"1983","4596","0",
"1983","4754","9",
"1983","4765","3",
"1983","4873","3",
"1983","4895","9",
"1983","4955","0",
"1983","5259","3",
"1983","5354","3",
"1983","5467","9",
"1983","5570","0",
"1983","5619","6",
"1983","5732","8",
"1983","5853","6",
"1983","5921","2",
"1983","5980","2",
"1983","5989","7",
"1983","6071","4",
"1983","6198","7",
"1983","6239","8",
"1983","6248","4",
"1983","6251","4",
"1983","6393","5",
"1983","6406","3",
"1983","6446","8",
"1983","6538","8",
"1983","6634","8",
"1983","6723","4",
"1983","6744","6",
"1983","6749","8",
"1983","6769","0",
"1983","6804","2",
"1983","6812","9",
"1983","6917","9",
"1983","6927","9",
"1983","6994","4",
"1983","6996","2",
"1983","7261","8",
"1983","7300","7",
"1983","7308","5",
"1983","7309","7",
"1983","7460","4",
"1983","7678","7",
"1983","7713","9",
"1983","7730","4",
"1983","7757","5",
"1983","7795","3",
"1983","7798","5",
"1983","8008","2",
"1983","8056","9",
"1983","8067","2",
"1983","8080","7",
"1983","8093","8",
"1983","8134","2",
"1983","8188","4",
"1983","8204","6",
"1983","8264","3",
"1983","8324","3",
"1983","8393","2",
"1983","8405","4",
"1983","8411","5",
"1983","8414","5",
"1983","8645","5",
"1983","8676","8",
"1983","8703","3",
"1983","8744","7",
"1983","8771","5",
"1983","8886","6",
"1983","9143","9",
"1983","9153","2",
"1983","9185","7",
"1983","9247","8",
"1983","9298","9",
"1983","9309","7",
"1983","9416","3",
"1983","9447","2",
"1983","9475","1",
"1983","9698","7",
"1983","9753","8",
"1983","9778","5",
"1983","9805","3",
"1983","9825","0",
"1983","9850","0",
"1983","9914","5",
"1983","9948","9",
"1983","9973","4",
"1984","43","3",
"1984","230","1",
"1984","276","0",
"1984","291","8",
"1984","308","6",
"1984","345","9",
"1984","392","3",
"1984","428","0",
"1984","518","6",
"1984","587","1",
"1984","663","5",
"1984","718","1",
"1984","762","2",
"1984","778","1",
"1984","785","8",
"1984","903","2",
"1984","913","0",
"1984","920","7",
"1984","981","5",
"1984","1025","4",
"1984","1041","1",
"1984","1046","6",
"1984","1118","4",
"1984","1152","0",
"1984","1166","4",
"1984","1190","6",
"1984","1308","9",
"1984","1342","5",
"1984","1343","6",
"1984","1344","5",
"1984","1499","5",
"1984","1600","2",
"1984","1685","9",
"1984","1715","9",
"1984","1779","9",
"1984","1884","3",
"1984","1921","3",
"1984","2004","7",
"1984","2126","7",
"1984","2243","5",
"1984","2257","0",
"1984","2287","8",
"1984","2294","8",
"1984","2348","0",
"1984","2393","4",
"1984","2414","2",
"1984","2456","0",
"1984","2551","1",
"1984","2704","1",
"1984","2762","1",
"1984","2779","1",
"1984","3075","6",
"1984","3146","0",
"1984","3171","7",
"1984","3174","7",
"1984","3206","2",
"1984","3335","2",
"1984","3353","0",
"1984","3366","5",
"1984","3376","2",
"1984","3470","9",
"1984","3514","2",
"1984","3526","8",
"1984","3748","2",
"1984","3750","9",
"1984","4107","1",
"1984","4251","8",
"1984","4299","1",
"1984","4301","5",
"1984","4370","8",
"1984","4387","5",
"1984","4451","8",
"1984","4455","4",
"1984","4458","9",
"1984","4513","0",
"1984","4592","6",
"1984","4683","7",
"1984","4722","2",
"1984","4770","3",
"1984","4780","5",
"1984","4809","2",
"1984","4863","6",
"1984","4911","8",
"1984","4913","6",
"1984","4940","3",
"1984","4969","2",
"1984","4982","5",
"1984","5074","1",
"1984","5100","1",
"1984","5112","2",
"1984","5122","5",
"1984","5129","2",
"1984","5307","6",
"1984","5387","7",
"1984","5389","2",
"1984","5418","7",
"1984","5426","3",
"1984","5430","4",
"1984","5479","1",
"1984","5500","0",
"1984","5631","9",
"1984","5642","5",
"1984","5705","6",
"1984","5747","4",
"1984","5812","1",
"1984","5819","6",
"1984","5940","7",
"1984","6018","0",
"1984","6040","8",
"1984","6063","4",
"1984","6105","6",
"1984","6121","3",
"1984","6131","3",
"1984","6132","1",
"1984","6191","4",
"1984","6226","9",
"1984","6303","7",
"1984","6376","1",
"1984","6519","8",
"1984","6522","0",
"1984","6557","4",
"1984","6597","7",
"1984","6609","8",
"1984","6665","9",
"1984","6701","5",
"1984","6707","4",
"1984","6861","5",
"1984","6886","8",
"1984","7007","0",
"1984","7191","3",
"1984","7304","3",
"1984","7319","7",
"1984","7359","5",
"1984","7379","0",
"1984","7435","5",
"1984","7456","1",
"1984","7483","0",
"1984","7506","7",
"1984","7535","6",
"1984","7536","9",
"1984","7576","3",
"1984","7579","5",
"1984","7593","7",
"1984","7647","8",
"1984","7652","6",
"1984","7693","3",
"1984","7695","5",
"1984","7696","3",
"1984","7700","5",
"1984","7859","9",
"1984","7898","7",
"1984","7951","0",
"1984","8155","6",
"1984","8168","3",
"1984","8172","7",
"1984","8286","0",
"1984","8303","3",
"1984","8336","9",
"1984","8390","9",
"1984","8400","5",
"1984","8409","5",
"1984","8441","4",
"1984","8447","8",
"1984","8451","8",
"1984","8464","4",
"1984","8467","1",
"1984","8483","2",
"1984","8504","6",
"1984","8518","0",
"1984","8532","1",
"1984","8625","3",
"1984","8648","9",
"1984","8667","3",
"1984","8704","0",
"1984","8800","5",
"1984","8809","7",
"1984","8830","0",
"1984","9078","8",
"1984","9180","2",
"1984","9181","4",
"1984","9193","8",
"1984","9253","3",
"1984","9284","8",
"1984","9481","2",
"1984","9529","7",
"1984","9689","2",
"1984","9716","7",
"1984","9788","0",
"1984","9970","4",
"1984","9978","5",
"1984","9987","7",
"1985","187","5",
"1985","228","4",
"1985","259","1",
"1985","264","5",
"1985","324","2",
"1985","422","7",
"1985","432","4",
"1985","467","4",
"1985","489","2",
"1985","612","8",
"1985","664","9",
"1985","677","7",
"1985","695","8",
"1985","752","4",
"1985","799","5",
"1985","805","2",
"1985","891","1",
"1985","908","2",
"1985","924","9",
"1985","931","8",
"1985","937","0",
"1985","941","2",
"1985","1125","7",
"1985","1138","8",
"1985","1163","8",
"1985","1165","1",
"1985","1247","3",
"1985","1281","2",
"1985","1388","6",
"1985","1489","9",
"1985","1504","0",
"1985","1559","8",
"1985","1788","5",
"1985","1828","5",
"1985","1915","9",
"1985","1930","2",
"1985","1953","8",
"1985","1971","2",
"1985","2025","9",
"1985","2109","7",
"1985","2286","1",
"1985","2813","8",
"1985","2934","2",
"1985","2973","0",
"1985","2981","7",
"1985","3073","7",
"1985","3117","4",
"1985","3143","1",
"1985","3192","1",
"1985","3210","7",
"1985","3234","7",
"1985","3456","5",
"1985","3487","8",
"1985","3488","1",
"1985","3489","9",
"1985","3583","2",
"1985","3585","4",
"1985","3602","2",
"1985","3683","2",
"1985","3728","5",
"1985","3738","3",
"1985","3744","9",
"1985","3772","5",
"1985","3785","3",
"1985","3804","2",
"1985","3857","8",
"1985","3879","6",
"1985","3883","9",
"1985","3923","0",
"1985","4088","6",
"1985","4089","1",
"1985","4091","5",
"1985","4199","1",
"1985","4252","7",
"1985","4310","9",
"1985","4329","5",
"1985","4333","9",
"1985","4360","3",
"1985","4417","8",
"1985","4473","1",
"1985","4497","5",
"1985","4529","2",
"1985","4542","7",
"1985","4710","0",
"1985","4713","7",
"1985","4760","7",
"1985","4772","8",
"1985","4781","3",
"1985","4787","3",
"1985","4792","0",
"1985","4836","2",
"1985","4849","4",
"1985","4903","4",
"1985","4908","1",
"1985","4916","4",
"1985","5071","0",
"1985","5111","9",
"1985","5153","1",
"1985","5165","1",
"1985","5296","7",
"1985","5326","2",
"1985","5427","2",
"1985","5581","7",
"1985","5583","4",
"1985","5605","1",
"1985","5777","2",
"1985","5797","3",
"1985","5822","1",
"1985","5827","3",
"1985","5985","7",
"1985","6010","7",
"1985","6021","4",
"1985","6064","9",
"1985","6095","8",
"1985","6114","8",
"1985","6125","3",
"1985","6220","1",
"1985","6237","9",
"1985","6250","9",
"1985","6264","0",
"1985","6276","1",
"1985","6326","2",
"1985","6349","3",
"1985","6359","7",
"1985","6373","3",
"1985","6430","0",
"1985","6432","0",
"1985","6553","0",
"1985","6562","0",
"1985","6586","0",
"1985","6596","2",
"1985","6622","3",
"1985","6655","7",
"1985","6682","2",
"1985","6906","8",
"1985","7073","8",
"1985","7239","4",
"1985","7252","7",
"1985","7254","4",
"1985","7374","0",
"1985","7444","8",
"1985","7489","9",
"1985","7582","0",
"1985","7614","5",
"1985","7650","2",
"1985","7698","9",
"1985","7880","3",
"1985","7949","8",
"1985","7992","4",
"1985","8034","2",
"1985","8039","6",
"1985","8065","2",
"1985","8114","1",
"1985","8139","2",
"1985","8153","9",
"1985","8180","4",
"1985","8307","9",
"1985","8315","4",
"1985","8338","3",
"1985","8478","1",
"1985","8526","3",
"1985","8775","1",
"1985","8831","0",
"1985","8860","2",
"1985","8907","6",
"1985","8950","9",
"1985","8959","4",
"1985","8998","8",
"1985","9031","9",
"1985","9032","5",
"1985","9090","3",
"1985","9092","4",
"1985","9258","0",
"1985","9327","8",
"1985","9408","2",
"1985","9561","2",
"1985","9571","4",
"1985","9677","7",
"1985","9678","2",
"1985","9730","1",
"1985","9793","7",
"1985","9809","1",
"1985","9938","4",
"1985","9961","3",
"1986","164","8",
"1986","199","0",
"1986","283","0",
"1986","349","9",
"1986","376","6",
"1986","442","9",
"1986","447","5",
"1986","459","5",
"1986","528","6",
"1986","645","8",
"1986","820","1",
"1986","835","6",
"1986","839","8",
"1986","1027","9",
"1986","1037","4",
"1986","1270","4",
"1986","1276","7",
"1986","1283","5",
"1986","1363","6",
"1986","1376","4",
"1986","1398","6",
"1986","1417","3",
"1986","1443","1",
"1986","1523","9",
"1986","1567","6",
"1986","1597","6",
"1986","1677","9",
"1986","1704","6",
"1986","1720","8",
"1986","1771","0",
"1986","1777","4",
"1986","1804","9",
"1986","1808","0",
"1986","1942","0",
"1986","1947","6",
"1986","2003","6",
"1986","2027","4",
"1986","2039","4",
"1986","2226","7",
"1986","2260","4",
"1986","2350","4",
"1986","2380","8",
"1986","2443","5",
"1986","2594","1",
"1986","2809","7",
"1986","2815","0",
"1986","2847","3",
"1986","2902","2",
"1986","2914","6",
"1986","2963","7",
"1986","2989","6",
"1986","2999","7",
"1986","3024","7",
"1986","3123","9",
"1986","3144","6",
"1986","3145","1",
"1986","3194","4",
"1986","3231","3",
"1986","3271","3",
"1986","3495","5",
"1986","3500","2",
"1986","3502","3",
"1986","3531","3",
"1986","3538","1",
"1986","3550","7",
"1986","3610","0",
"1986","3611","7",
"1986","3659","5",
"1986","3795","8",
"1986","3798","9",
"1986","3870","6",
"1986","3904","2",
"1986","4001","0",
"1986","4047","5",
"1986","4065","8",
"1986","4090","4",
"1986","4103","2",
"1986","4112","4",
"1986","4133","4",
"1986","4196","6",
"1986","4441","5",
"1986","4633","4",
"1986","4704","7",
"1986","4729","0",
"1986","4794","6",
"1986","4847","1",
"1986","4883","9",
"1986","4929","3",
"1986","4931","5",
"1986","5015","0",
"1986","5047","3",
"1986","5123","2",
"1986","5127","6",
"1986","5143","6",
"1986","5281","5",
"1986","5343","2",
"1986","5423","5",
"1986","5434","5",
"1986","5469","2",
"1986","5470","1",
"1986","5475","9",
"1986","5603","6",
"1986","5632","6",
"1986","5678","6",
"1986","5755","4",
"1986","5903","4",
"1986","5956","6",
"1986","6033","0",
"1986","6052","1",
"1986","6070","4",
"1986","6074","9",
"1986","6110","1",
"1986","6151","6",
"1986","6164","4",
"1986","6195","9",
"1986","6329","9",
"1986","6341","4",
"1986","6352","5",
"1986","6358","8",
"1986","6368","1",
"1986","6443","2",
"1986","6456","9",
"1986","6587","9",
"1986","6695","2",
"1986","6738","2",
"1986","6764","3",
"1986","6862","2",
"1986","6960","2",
"1986","6984","2",
"1986","6990","9",
"1986","7015","7",
"1986","7042","6",
"1986","7079","8",
"1986","7103","8",
"1986","7267","7",
"1986","7323","0",
"1986","7338","6",
"1986","7370","8",
"1986","7389","9",
"1986","7392","8",
"1986","7406","2",
"1986","7449","0",
"1986","7585","0",
"1986","7613","6",
"1986","7621","7",
"1986","7648","2",
"1986","7670","8",
"1986","7677","3",
"1986","7723","0",
"1986","7747","6",
"1986","7836","7",
"1986","7990","6",
"1986","8061","5",
"1986","8098","4",
"1986","8135","2",
"1986","8150","1",
"1986","8248","9",
"1986","8385","7",
"1986","8531","7",
"1986","8547","9",
"1986","8563","6",
"1986","8566","2",
"1986","8585","6",
"1986","8659","3",
"1986","8745","0",
"1986","8770","4",
"1986","8821","1",
"1986","8855","0",
"1986","9020","7",
"1986","9036","5",
"1986","9048","5",
"1986","9054","2",
"1986","9070","1",
"1986","9233","5",
"1986","9278","1",
"1986","9287","0",
"1986","9484","3",
"1986","9542","0",
"1986","9562","6",
"1986","9658","2",
"1986","9671","0",
"1986","9693","8",
"1986","9743","7",
"1986","9798","7",
"1986","9847","3",
"1986","9977","4",
"1987","12","8",
"1987","79","6",
"1987","191","6",
"1987","209","8",
"1987","268","7",
"1987","270","9",
"1987","353","0",
"1987","383","5",
"1987","389","7",
"1987","416","0",
"1987","453","3",
"1987","497","1",
"1987","522","3",
"1987","529","3",
"1987","540","9",
"1987","576","3",
"1987","606","8",
"1987","771","7",
"1987","802","9",
"1987","930","8",
"1987","991","0",
"1987","995","4",
"1987","1113","8",
"1987","1147","3",
"1987","1185","9",
"1987","1225","6",
"1987","1252","2",
"1987","1348","3",
"1987","1473","9",
"1987","1510","2",
"1987","1570","4",
"1987","1659","3",
"1987","1722","2",
"1987","1757","9",
"1987","1814","9",
"1987","1827","7",
"1987","1846","3",
"1987","1850","2",
"1987","1853","6",
"1987","1918","2",
"1987","1945","6",
"1987","2064","7",
"1987","2129","0",
"1987","2143","2",
"1987","2144","7",
"1987","2148","1",
"1987","2387","0",
"1987","2486","0",
"1987","2579","7",
"1987","2626","8",
"1987","2647","8",
"1987","2795","5",
"1987","2900","8",
"1987","2901","1",
"1987","2964","4",
"1987","3039","1",
"1987","3095","6",
"1987","3190","8",
"1987","3213","5",
"1987","3232","6",
"1987","3261","5",
"1987","3293","2",
"1987","3346","3",
"1987","3467","9",
"1987","3528","9",
"1987","3570","7",
"1987","3625","7",
"1987","3671","4",
"1987","3736","6",
"1987","3746","7",
"1987","3820","8",
"1987","3911","9",
"1987","3930","5",
"1987","4012","4",
"1987","4137","1",
"1987","4145","4",
"1987","4147","7",
"1987","4150","9",
"1987","4281","7",
"1987","4328","9",
"1987","4380","1",
"1987","4459","9",
"1987","4465","1",
"1987","4499","9",
"1987","4528","9",
"1987","4826","2",
"1987","4840","5",
"1987","4980","2",
"1987","4981","4",
"1987","5044","2",
"1987","5063","2",
"1987","5113","8",
"1987","5161","9",
"1987","5214","1",
"1987","5261","2",
"1987","5273","3",
"1987","5327","4",
"1987","5347","9",
"1987","5392","3",
"1987","5403","4",
"1987","5438","2",
"1987","5474","4",
"1987","5501","9",
"1987","5522","9",
"1987","5543","1",
"1987","5560","4",
"1987","5601","9",
"1987","5672","4",
"1987","5674","6",
"1987","5731","6",
"1987","5780","7",
"1987","5906","6",
"1987","5932","2",
"1987","5977","4",
"1987","6091","5",
"1987","6138","1",
"1987","6187","3",
"1987","6268","0",
"1987","6295","5",
"1987","6343","1",
"1987","6441","6",
"1987","6580","1",
"1987","6600","7",
"1987","6606","6",
"1987","6712","9",
"1987","6782","7",
"1987","6845","3",
"1987","6847","0",
"1987","6930","6",
"1987","6936","1",
"1987","6969","3",
"1987","7004","5",
"1987","7094","4",
"1987","7258","4",
"1987","7274","5",
"1987","7322","4",
"1987","7361","8",
"1987","7377","9",
"1987","7488","6",
"1987","7499","6",
"1987","7627","1",
"1987","7629","3",
"1987","7697","8",
"1987","7715","4",
"1987","7731","9",
"1987","7736","5",
"1987","7743","0",
"1987","7756","7",
"1987","7770","0",
"1987","7773","4",
"1987","7909","6",
"1987","7938","1",
"1987","7955","5",
"1987","7957","4",
"1987","7966","2",
"1987","8049","2",
"1987","8062","6",
"1987","8063","4",
"1987","8124","6",
"1987","8197","8",
"1987","8274","2",
"1987","8318","1",
"1987","8371","6",
"1987","8449","5",
"1987","8465","4",
"1987","8498","8",
"1987","8785","6",
"1987","8806","5",
"1987","8812","4",
"1987","8873","9",
"1987","8975","0",
"1987","8978","6",
"1987","8986","1",
"1987","9021","9",
"1987","9100","2",
"1987","9178","7",
"1987","9218","6",
"1987","9473","4",
"1987","9525","8",
"1987","9647","5",
"1987","9728","5",
"1987","9980","1",
"1988","109","9",
"1988","124","3",
"1988","200","4",
"1988","243","5",
"1988","323","4",
"1988","325","2",
"1988","340","7",
"1988","400","4",
"1988","465","6",
"1988","519","6",
"1988","535","0",
"1988","607","3",
"1988","699","3",
"1988","703","8",
"1988","729","2",
"1988","764","4",
"1988","810","4",
"1988","811","6",
"1988","826","2",
"1988","856","7",
"1988","875","5",
"1988","914","7",
"1988","935","4",
"1988","968","5",
"1988","969","5",
"1988","1159","2",
"1988","1451","8",
"1988","1477","9",
"1988","1552","9",
"1988","1556","3",
"1988","1611","8",
"1988","1649","1",
"1988","1654","2",
"1988","1691","9",
"1988","1700","2",
"1988","1706","7",
"1988","1738","7",
"1988","1739","7",
"1988","1750","7",
"1988","1762","0",
"1988","1764","2",
"1988","1845","0",
"1988","1874","1",
"1988","1932","6",
"1988","1939","5",
"1988","1960","4",
"1988","1967","5",
"1988","1973","2",
"1988","1991","2",
"1988","2009","5",
"1988","2019","3",
"1988","2073","9",
"1988","2105","2",
"1988","2123","4",
"1988","2240","6",
"1988","2259","7",
"1988","2276","5",
"1988","2307","5",
"1988","2422","5",
"1988","2523","3",
"1988","2695","6",
"1988","2746","0",
"1988","2752","1",
"1988","2881","1",
"1988","3038","4",
"1988","3066","4",
"1988","3093","3",
"1988","3178","1",
"1988","3226","1",
"1988","3227","4",
"1988","3242","1",
"1988","3328","4",
"1988","3330","0",
"1988","3372","6",
"1988","3375","7",
"1988","3380","3",
"1988","3413","9",
"1988","3505","8",
"1988","3527","2",
"1988","3599","1",
"1988","3650","1",
"1988","3687","9",
"1988","3721","2",
"1988","3752","3",
"1988","3827","7",
"1988","3940","8",
"1988","3944","2",
"1988","3967","2",
"1988","4066","8",
"1988","4123","9",
"1988","4136","7",
"1988","4159","6",
"1988","4173","5",
"1988","4218","7",
"1988","4278","6",
"1988","4348","2",
"1988","4351","7",
"1988","4413","4",
"1988","4461","0",
"1988","4492","3",
"1988","4503","2",
"1988","4541","5",
"1988","4557","3",
"1988","4689","0",
"1988","4703","9",
"1988","4790","8",
"1988","4856","8",
"1988","4935","7",
"1988","5011","5",
"1988","5136","5",
"1988","5185","8",
"1988","5218","9",
"1988","5251","7",
"1988","5278","1",
"1988","5330","1",
"1988","5480","3",
"1988","5484","9",
"1988","5507","6",
"1988","5527","2",
"1988","5551","0",
"1988","5576","1",
"1988","5641","2",
"1988","5650","1",
"1988","5668","7",
"1988","5794","8",
"1988","5868","6",
"1988","5882","9",
"1988","5923","0",
"1988","6059","6",
"1988","6113","4",
"1988","6204","0",
"1988","6300","1",
"1988","6340","4",
"1988","6421","4",
"1988","6582","9",
"1988","6607","3",
"1988","6647","6",
"1988","6656","3",
"1988","6675","2",
"1988","6811","4",
"1988","6841","5",
"1988","6867","9",
"1988","6926","8",
"1988","6929","7",
"1988","6955","8",
"1988","7049","6",
"1988","7055","9",
"1988","7059","5",
"1988","7310","9",
"1988","7425","5",
"1988","7438","5",
"1988","7455","4",
"1988","7518","8",
"1988","7542","7",
"1988","7546","5",
"1988","7589","3",
"1988","7598","0",
"1988","7622","6",
"1988","7628","9",
"1988","7729","7",
"1988","7734","4",
"1988","7911","4",
"1988","8037","9",
"1988","8227","8",
"1988","8268","8",
"1988","8283","1",
"1988","8300","3",
"1988","8313","1",
"1988","8368","7",
"1988","8380","9",
"1988","8486","4",
"1988","8641","6",
"1988","8681","2",
"1988","8714","9",
"1988","8789","8",
"1988","8817","4",
"1988","8818","6",
"1988","8926","5",
"1988","8956","4",
"1988","8976","1",
"1988","9065","6",
"1988","9118","5",
"1988","9129","8",
"1988","9266","9",
"1988","9291","8",
"1988","9338","9",
"1988","9343","1",
"1988","9363","0",
"1988","9510","4",
"1988","9576","3",
"1988","9659","4",
"1988","9691","9",
"1988","9717","8",
"1988","9814","3",
"1988","9838","8",
"1988","9886","2",
"1989","3","7",
"1989","24","0",
"1989","32","0",
"1989","84","7",
"1989","313","4",
"1989","331","2",
"1989","404","1",
"1989","452","4",
"1989","484","5",
"1989","521","0",
"1989","550","7",
"1989","625","3",
"1989","686","5",
"1989","739","1",
"1989","844","2",
"1989","988","0",
"1989","996","1",
"1989","1059","0",
"1989","1141","9",
"1989","1176","7",
"1989","1180","8",
"1989","1223","4",
"1989","1250","1",
"1989","1255","7",
"1989","1304","6",
"1989","1360","6",
"1989","1382","3",
"1989","1521","8",
"1989","1575","7",
"1989","1613","9",
"1989","1695","9",
"1989","1859","1",
"1989","1966","2",
"1989","2069","1",
"1989","2082","3",
"1989","2093","2",
"1989","2118","2",
"1989","2195","6",
"1989","2336","8",
"1989","2349","2",
"1989","2406","0",
"1989","2682","5",
"1989","2684","6",
"1989","2828","9",
"1989","2918","7",
"1989","2921","5",
"1989","2990","1",
"1989","3111","7",
"1989","3158","2",
"1989","3169","2",
"1989","3196","7",
"1989","3253","2",
"1989","3383","9",
"1989","3406","5",
"1989","3437","0",
"1989","3464","6",
"1989","3499","9",
"1989","3575","7",
"1989","3619","2",
"1989","3662","7",
"1989","3677","1",
"1989","3710","2",
"1989","3763","9",
"1989","3836","3",
"1989","3841","7",
"1989","3858","7",
"1989","3890","3",
"1989","3903","6",
"1989","3926","6",
"1989","3947","6",
"1989","4010","5",
"1989","4079","3",
"1989","4083","0",
"1989","4086","8",
"1989","4116","4",
"1989","4118","2",
"1989","4225","2",
"1989","4228","1",
"1989","4238","9",
"1989","4255","3",
"1989","4262","7",
"1989","4285","2",
"1989","4340","9",
"1989","4368","9",
"1989","4416","8",
"1989","4437","8",
"1989","4511","5",
"1989","4566","9",
"1989","4605","1",
"1989","4667","1",
"1989","4691","4",
"1989","4757","5",
"1989","4761","1",
"1989","4779","8",
"1989","4801","5",
"1989","4832","7",
"1989","4869","1",
"1989","4939","0",
"1989","4944","6",
"1989","4966","0",
"1989","4988","5",
"1989","5019","9",
"1989","5098","7",
"1989","5171","8",
"1989","5249","3",
"1989","5270","2",
"1989","5311","3",
"1989","5363","0",
"1989","5371","1",
"1989","5379","3",
"1989","5526","6",
"1989","5614","9",
"1989","5615","5",
"1989","5656","7",
"1989","5791","5",
"1989","5792","1",
"1989","5872","3",
"1989","5897","4",
"1989","5934","3",
"1989","5946","1",
"1989","6051","9",
"1989","6143","4",
"1989","6238","6",
"1989","6394","4",
"1989","6533","5",
"1989","6574","2",
"1989","6577","1",
"1989","6613","0",
"1989","6654","2",
"1989","6980","0",
"1989","7009","6",
"1989","7074","6",
"1989","7127","1",
"1989","7160","6",
"1989","7169","6",
"1989","7221","0",
"1989","7275","5",
"1989","7386","5",
"1989","7452","0",
"1989","7454","6",
"1989","7631","0",
"1989","7632","2",
"1989","7702","4",
"1989","7718","3",
"1989","7733","3",
"1989","7780","3",
"1989","7821","9",
"1989","7843","1",
"1989","7856","6",
"1989","7883","7",
"1989","7936","1",
"1989","7976","1",
"1989","8244","7",
"1989","8245","1",
"1989","8306","9",
"1989","8309","1",
"1989","8443","7",
"1989","8545","2",
"1989","8702","1",
"1989","8749","9",
"1989","8768","8",
"1989","9171","9",
"1989","9269","5",
"1989","9294","3",
"1989","9364","6",
"1989","9378","6",
"1989","9411","6",
"1989","9448","1",
"1989","9546","0",
"1989","9574","1",
"1989","9613","6",
"1989","9660","5",
"1989","9852","2",
"1989","9894","1",
"1989","9903","5",
"1989","9971","8",
"1990","4","6",
"1990","60","0",
"1990","133","6",
"1990","167","3",
"1990","206","7",
"1990","231","2",
"1990","252","9",
"1990","256","5",
"1990","415","9",
"1990","437","9",
"1990","461","6",
"1990","506","7",
"1990","510","3",
"1990","541","9",
"1990","552","4",
"1990","641","5",
"1990","750","0",
"1990","776","8",
"1990","880","7",
"1990","904","5",
"1990","943","4",
"1990","963","9",
"1990","1008","4",
"1990","1017","7",
"1990","1034","1",
"1990","1068","0",
"1990","1178","9",
"1990","1182","3",
"1990","1285","6",
"1990","1318","3",
"1990","1336","4",
"1990","1361","9",
"1990","1462","4",
"1990","1586","9",
"1990","1626","9",
"1990","1652","8",
"1990","1718","4",
"1990","1961","8",
"1990","1972","0",
"1990","2071","3",
"1990","2115","6",
"1990","2150","2",
"1990","2215","3",
"1990","2223","3",
"1990","2374","4",
"1990","2536","6",
"1990","2586","3",
"1990","2590","8",
"1990","2620","6",
"1990","2632","8",
"1990","2661","1",
"1990","2810","1",
"1990","2988","9",
"1990","3138","0",
"1990","3148","4",
"1990","3157","2",
"1990","3162","3",
"1990","3205","2",
"1990","3275","8",
"1990","3310","3",
"1990","3494","6",
"1990","3565","1",
"1990","3579","4",
"1990","3595","1",
"1990","3692","2",
"1990","3697","0",
"1990","3709","1",
"1990","3723","6",
"1990","3885","9",
"1990","3934","7",
"1990","3958","6",
"1990","3983","6",
"1990","3984","0",
"1990","4004","2",
"1990","4016","2",
"1990","4033","4",
"1990","4043","4",
"1990","4099","6",
"1990","4141","9",
"1990","4209","9",
"1990","4236","3",
"1990","4335","1",
"1990","4392","1",
"1990","4452","4",
"1990","4508","7",
"1990","4550","2",
"1990","4569","5",
"1990","4590","8",
"1990","4597","1",
"1990","4698","1",
"1990","4763","2",
"1990","4892","4",
"1990","4961","0",
"1990","4991","0",
"1990","5032","6",
"1990","5092","6",
"1990","5094","1",
"1990","5194","2",
"1990","5197","7",
"1990","5245","0",
"1990","5339","8",
"1990","5342","8",
"1990","5419","0",
"1990","5464","9",
"1990","5529","4",
"1990","5548","1",
"1990","5599","6",
"1990","5712","9",
"1990","5766","2",
"1990","5790","4",
"1990","5815","6",
"1990","5852","2",
"1990","5891","1",
"1990","5958","3",
"1990","5981","8",
"1990","6075","0",
"1990","6078","7",
"1990","6101","0",
"1990","6126","2",
"1990","6135","0",
"1990","6230","0",
"1990","6242","0",
"1990","6299","3",
"1990","6506","8",
"1990","6513","5",
"1990","6521","2",
"1990","6536","0",
"1990","6786","9",
"1990","6798","2",
"1990","6806","2",
"1990","6808","7",
"1990","6920","0",
"1990","6932","5",
"1990","6957","0",
"1990","6967","1",
"1990","6976","4",
"1990","7013","9",
"1990","7075","8",
"1990","7090","2",
"1990","7112","2",
"1990","7192","9",
"1990","7446","8",
"1990","7457","6",
"1990","7468","0",
"1990","7523","9",
"1990","7580","8",
"1990","7656","3",
"1990","7660","0",
"1990","7662","6",
"1990","7665","1",
"1990","7778","6",
"1990","7815","6",
"1990","7818","5",
"1990","7852","8",
"1990","7855","0",
"1990","7926","3",
"1990","7977","2",
"1990","8004","0",
"1990","8038","3",
"1990","8064","8",
"1990","8102","6",
"1990","8107","5",
"1990","8190","4",
"1990","8212","1",
"1990","8234","0",
"1990","8310","6",
"1990","8317","3",
"1990","8356","9",
"1990","8515","1",
"1990","8522","6",
"1990","8535","3",
"1990","8577","4",
"1990","8578","3",
"1990","8612","9",
"1990","8636","0",
"1990","8712","8",
"1990","8725","5",
"1990","8835","0",
"1990","8883","6",
"1990","8909","1",
"1990","8944","5",
"1990","8961","8",
"1990","8983","6",
"1990","9025","9",
"1990","9060","3",
"1990","9068","6",
"1990","9080","9",
"1990","9165","4",
"1990","9191","3",
"1990","9282","4",
"1990","9307","1",
"1990","9330","6",
"1990","9357","7",
"1990","9376","8",
"1990","9425","3",
"1990","9565","3",
"1990","9602","6",
"1990","9656","4",
"1990","9707","2",
"1990","9760","4",
"1990","9842","0",
"1990","9916","0",
"1990","9963","8",
"1991","82","7",
"1991","96","5",
"1991","110","8",
"1991","169","6",
"1991","218","3",
"1991","242","5",
"1991","254","2",
"1991","355","1",
"1991","417","2",
"1991","473","8",
"1991","658","3",
"1991","682","1",
"1991","765","5",
"1991","781","3",
"1991","815","9",
"1991","911","9",
"1991","917","7",
"1991","945","1",
"1991","1011","8",
"1991","1072","1",
"1991","1215","7",
"1991","1254","3",
"1991","1419","0",
"1991","1501","4",
"1991","1541","0",
"1991","1544","0",
"1991","1595","6",
"1991","1617","6",
"1991","1621","8",
"1991","1797","6",
"1991","1837","0",
"1991","1897","9",
"1991","2067","2",
"1991","2083","1",
"1991","2111","3",
"1991","2211","7",
"1991","2247","2",
"1991","2310","0",
"1991","2328","3",
"1991","2487","0",
"1991","2534","8",
"1991","2549","5",
"1991","2668","3",
"1991","2720","1",
"1991","2754","4",
"1991","2826","6",
"1991","2856","0",
"1991","2884","4",
"1991","2892","9",
"1991","2992","4",
"1991","2997","3",
"1991","3004","4",
"1991","3042","2",
"1991","3122","7",
"1991","3200","0",
"1991","3250","4",
"1991","3267","1",
"1991","3280","0",
"1991","3302","4",
"1991","3326","0",
"1991","3452","2",
"1991","3478","8",
"1991","3483","5",
"1991","3512","2",
"1991","3558","6",
"1991","3629","8",
"1991","3635","9",
"1991","3641","3",
"1991","3648","2",
"1991","3726","9",
"1991","3758","7",
"1991","3816","4",
"1991","3914","8",
"1991","3916","8",
"1991","3992","4",
"1991","4029","0",
"1991","4162","9",
"1991","4214","5",
"1991","4230","3",
"1991","4250","2",
"1991","4253","4",
"1991","4291","1",
"1991","4305","8",
"1991","4319","5",
"1991","4336","7",
"1991","4399","0",
"1991","4475","7",
"1991","4546","1",
"1991","4608","9",
"1991","4670","0",
"1991","4711","4",
"1991","4777","8",
"1991","4788","2",
"1991","4815","5",
"1991","4973","5",
"1991","4974","9",
"1991","5086","1",
"1991","5205","7",
"1991","5242","4",
"1991","5303","8",
"1991","5320","2",
"1991","5329","7",
"1991","5367","8",
"1991","5378","9",
"1991","5456","4",
"1991","5459","0",
"1991","5515","6",
"1991","5555","6",
"1991","5558","9",
"1991","5673","8",
"1991","5824","2",
"1991","5896","8",
"1991","5902","9",
"1991","5941","7",
"1991","5947","4",
"1991","5949","5",
"1991","5950","9",
"1991","6038","1",
"1991","6098","0",
"1991","6119","2",
"1991","6124","8",
"1991","6205","4",
"1991","6209","4",
"1991","6275","6",
"1991","6280","7",
"1991","6281","0",
"1991","6369","3",
"1991","6396","2",
"1991","6684","8",
"1991","6714","3",
"1991","6717","3",
"1991","6777","8",
"1991","6792","6",
"1991","6851","5",
"1991","6860","1",
"1991","6873","2",
"1991","6879","7",
"1991","6896","6",
"1991","6943","1",
"1991","7150","6",
"1991","7226","1",
"1991","7268","5",
"1991","7273","7",
"1991","7280","6",
"1991","7289","3",
"1991","7356","6",
"1991","7411","7",
"1991","7450","5",
"1991","7528","5",
"1991","7566","1",
"1991","7573","6",
"1991","7607","8",
"1991","7634","2",
"1991","7658","1",
"1991","7742","5",
"1991","7813","0",
"1991","7850","0",
"1991","8007","8",
"1991","8041","2",
"1991","8330","9",
"1991","8346","4",
"1991","8351","7",
"1991","8413","7",
"1991","8514","8",
"1991","8516","0",
"1991","8517","0",
"1991","8527","1",
"1991","8604","2",
"1991","8746","4",
"1991","8828","0",
"1991","8844","7",
"1991","8849","1",
"1991","9067","0",
"1991","9089","7",
"1991","9136","8",
"1991","9177","8",
"1991","9184","7",
"1991","9359","6",
"1991","9379","0",
"1991","9564","1",
"1991","9591","0",
"1991","9598","3",
"1991","9646","9",
"1991","9667","8",
"1991","9688","8",
"1991","9732","4",
"1991","9752","6",
"1991","9808","8",
"1991","9862","2",
"1991","9915","7",
"1992","95","1",
"1992","98","3",
"1992","99","0",
"1992","211","2",
"1992","246","2",
"1992","255","1",
"1992","374","7",
"1992","464","9",
"1992","492","5",
"1992","514","1",
"1992","559","7",
"1992","561","3",
"1992","590","9",
"1992","620","5",
"1992","636","6",
"1992","651","1",
"1992","787","6",
"1992","878","9",
"1992","885","9",
"1992","898","2",
"1992","929","0",
"1992","1028","6",
"1992","1069","2",
"1992","1094","9",
"1992","1119","3",
"1992","1134","8",
"1992","1172","3",
"1992","1196","4",
"1992","1241","3",
"1992","1278","4",
"1992","1328","3",
"1992","1405","9",
"1992","1775","9",
"1992","1818","5",
"1992","1909","7",
"1992","1911","4",
"1992","2024","5",
"1992","2056","3",
"1992","2070","2",
"1992","2130","3",
"1992","2179","7",
"1992","2230","0",
"1992","2337","2",
"1992","2376","5",
"1992","2401","9",
"1992","2471","7",
"1992","2561","5",
"1992","2595","1",
"1992","2712","8",
"1992","3002","8",
"1992","3017","9",
"1992","3091","5",
"1992","3129","2",
"1992","3133","7",
"1992","3168","1",
"1992","3188","7",
"1992","3202","5",
"1992","3305","1",
"1992","3324","8",
"1992","3390","5",
"1992","3417","2",
"1992","3442","8",
"1992","3448","8",
"1992","3469","2",
"1992","3563","9",
"1992","3719","1",
"1992","3761","6",
"1992","3770","1",
"1992","3932","1",
"1992","3957","2",
"1992","3986","6",
"1992","4006","1",
"1992","4100","7",
"1992","4142","2",
"1992","4166","9",
"1992","4231","9",
"1992","4306","1",
"1992","4313","8",
"1992","4326","2",
"1992","4353","0",
"1992","4457","2",
"1992","4561","1",
"1992","4784","2",
"1992","4842","3",
"1992","4901","3",
"1992","4906","0",
"1992","4934","6",
"1992","4956","2",
"1992","5000","5",
"1992","5102","5",
"1992","5125","6",
"1992","5256","4",
"1992","5264","3",
"1992","5282","0",
"1992","5417","6",
"1992","5460","7",
"1992","5549","7",
"1992","5602","2",
"1992","5649","8",
"1992","5661","3",
"1992","5665","9",
"1992","5739","6",
"1992","5832","0",
"1992","5841","5",
"1992","5845","0",
"1992","5850","5",
"1992","5907","7",
"1992","5997","4",
"1992","6046","0",
"1992","6057","4",
"1992","6286","3",
"1992","6309","3",
"1992","6334","9",
"1992","6351","9",
"1992","6445","4",
"1992","6470","2",
"1992","6509","2",
"1992","6544","9",
"1992","6639","9",
"1992","6688","0",
"1992","6759","6",
"1992","6760","0",
"1992","6779","2",
"1992","6818","8",
"1992","6833","6",
"1992","6878","7",
"1992","6949","7",
"1992","7099","7",
"1992","7195","4",
"1992","7248","3",
"1992","7286","6",
"1992","7291","0",
"1992","7353","1",
"1992","7443","9",
"1992","7577","5",
"1992","7600","8",
"1992","7787","7",
"1992","7871","7",
"1992","7886","0",
"1992","8116","4",
"1992","8122","6",
"1992","8140","0",
"1992","8161","4",
"1992","8179","6",
"1992","8209","8",
"1992","8230","8",
"1992","8420","8",
"1992","8430","4",
"1992","8448","6",
"1992","8503","7",
"1992","8554","1",
"1992","8569","7",
"1992","8608","0",
"1992","8633","3",
"1992","8634","6",
"1992","8837","4",
"1992","8842","3",
"1992","8972","2",
"1992","8996","1",
"1992","9035","1",
"1992","9237","2",
"1992","9313","9",
"1992","9325","2",
"1992","9445","0",
"1992","9463","2",
"1992","9572","5",
"1992","9629","3",
"1992","9692","7",
"1992","9705","4",
"1992","9857","3",
"1992","9879","8",
"1992","9926","4",
"1993","27","4",
"1993","213","9",
"1993","294","6",
"1993","322","3",
"1993","451","3",
"1993","470","8",
"1993","549","4",
"1993","582","8",
"1993","672","8",
"1993","773","7",
"1993","812","6",
"1993","833","6",
"1993","843","6",
"1993","932","4",
"1993","1000","3",
"1993","1039","6",
"1993","1075","7",
"1993","1164","5",
"1993","1186","5",
"1993","1218","3",
"1993","1271","0",
"1993","1296","3",
"1993","1349","1",
"1993","1369","4",
"1993","1470","6",
"1993","1508","1",
"1993","1532","1",
"1993","1573","6",
"1993","1707","6",
"1993","1895","2",
"1993","2026","0",
"1993","2189","0",
"1993","2219","8",
"1993","2220","5",
"1993","2239","0",
"1993","2299","2",
"1993","2312","5",
"1993","2332","9",
"1993","2369","8",
"1993","2415","1",
"1993","2702","6",
"1993","2802","0",
"1993","2832","1",
"1993","2868","7",
"1993","2950","3",
"1993","3101","9",
"1993","3170","0",
"1993","3220","6",
"1993","3222","3",
"1993","3233","8",
"1993","3256","1",
"1993","3281","0",
"1993","3285","5",
"1993","3325","3",
"1993","3605","9",
"1993","3660","1",
"1993","3666","5",
"1993","3802","6",
"1993","3826","4",
"1993","3848","2",
"1993","4026","5",
"1993","4046","3",
"1993","4121","6",
"1993","4146","4",
"1993","4182","5",
"1993","4223","6",
"1993","4224","2",
"1993","4365","0",
"1993","4426","4",
"1993","4430","0",
"1993","4522","5",
"1993","4917","7",
"1993","5024","7",
"1993","5155","2",
"1993","5170","0",
"1993","5297","0",
"1993","5352","9",
"1993","5544","2",
"1993","5564","4",
"1993","5573","5",
"1993","5701","7",
"1993","5713","3",
"1993","5741","7",
"1993","5750","0",
"1993","5754","5",
"1993","5756","6",
"1993","5769","3",
"1993","5776","2",
"1993","5874","8",
"1993","6129","3",
"1993","6145","1",
"1993","6206","5",
"1993","6291","6",
"1993","6302","1",
"1993","6304","6",
"1993","6431","8",
"1993","6447","5",
"1993","6480","9",
"1993","6527","4",
"1993","6579","7",
"1993","6591","9",
"1993","6602","8",
"1993","6624","7",
"1993","6641","6",
"1993","6661","9",
"1993","6718","1",
"1993","6722","2",
"1993","6746","1",
"1993","6754","0",
"1993","6859","3",
"1993","6961","6",
"1993","7066","8",
"1993","7120","9",
"1993","7138","3",
"1993","7151","2",
"1993","7204","6",
"1993","7205","0",
"1993","7230","1",
"1993","7409","0",
"1993","7441","4",
"1993","7525","3",
"1993","7554","7",
"1993","7570","5",
"1993","7620","1",
"1993","7625","1",
"1993","7755","2",
"1993","7760","1",
"1993","7792","7",
"1993","7811","9",
"1993","7828","7",
"1993","7849","3",
"1993","7870","0",
"1993","7975","7",
"1993","7986","6",
"1993","7994","3",
"1993","8047","5",
"1993","8085","6",
"1993","8117","4",
"1993","8131","6",
"1993","8203","9",
"1993","8266","5",
"1993","8299","1",
"1993","8425","7",
"1993","8476","2",
"1993","8605","3",
"1993","8638","1",
"1993","9122","0",
"1993","9142","1",
"1993","9154","7",
"1993","9225","8",
"1993","9289","2",
"1993","9375","1",
"1993","9635","6",
"1993","9836","8",
"1994","65","6",
"1994","76","5",
"1994","240","7",
"1994","311","0",
"1994","319","0",
"1994","329","2",
"1994","347","7",
"1994","348","9",
"1994","350","6",
"1994","405","9",
"1994","488","3",
"1994","593","5",
"1994","654","7",
"1994","871","8",
"1994","1014","3",
"1994","1023","5",
"1994","1080","5",
"1994","1103","3",
"1994","1148","2",
"1994","1201","1",
"1994","1236","0",
"1994","1302","0",
"1994","1409","3",
"1994","1421","1",
"1994","1628","9",
"1994","1655","0",
"1994","1662","5",
"1994","1769","1",
"1994","1803","8",
"1994","1810","8",
"1994","1816","4",
"1994","1861","1",
"1994","2002","6",
"1994","2137","5",
"1994","2201","0",
"1994","2228","2",
"1994","2264","9",
"1994","2368","0",
"1994","2410","5",
"1994","2462","9",
"1994","2538","2",
"1994","2672","4",
"1994","2769","4",
"1994","2798","0",
"1994","2861","8",
"1994","2905","3",
"1994","2952","0",
"1994","3029","8",
"1994","3031","8",
"1994","3044","7",
"1994","3055","0",
"1994","3064","5",
"1994","3078","0",
"1994","3079","6",
"1994","3163","2",
"1994","3277","3",
"1994","3355","4",
"1994","3412","1",
"1994","3593","6",
"1994","3608","0",
"1994","3609","0",
"1994","3612","4",
"1994","3636","2",
"1994","3658","2",
"1994","3695","5",
"1994","3753","1",
"1994","3853","9",
"1994","3877","5",
"1994","3979","5",
"1994","4032","8",
"1994","4151","1",
"1994","4163","8",
"1994","4176","2",
"1994","4212","4",
"1994","4220","6",
"1994","4234","4",
"1994","4320","8",
"1994","4366","3",
"1994","4389","0",
"1994","4462","3",
"1994","4496","8",
"1994","4510","6",
"1994","4669","1",
"1994","4734","5",
"1994","4828","0",
"1994","4837","3",
"1994","4852","1",
"1994","4872","4",
"1994","4954","1",
"1994","5017","0",
"1994","5070","4",
"1994","5075","7",
"1994","5133","1",
"1994","5147","1",
"1994","5238","4",
"1994","5306","4",
"1994","5316","0",
"1994","5338","9",
"1994","5340","4",
"1994","5362","2",
"1994","5518","3",
"1994","5531","1",
"1994","5553","0",
"1994","5595","7",
"1994","5597","8",
"1994","5664","8",
"1994","5717","4",
"1994","5733","7",
"1994","5804","2",
"1994","5821","0",
"1994","5843","4",
"1994","5859","8",
"1994","6083","3",
"1994","6097","1",
"1994","6111","9",
"1994","6122","6",
"1994","6150","3",
"1994","6185","1",
"1994","6236","2",
"1994","6266","3",
"1994","6366","5",
"1994","6471","3",
"1994","6663","5",
"1994","6732","3",
"1994","6778","6",
"1994","6907","8",
"1994","6915","5",
"1994","7036","4",
"1994","7168","4",
"1994","7184","4",
"1994","7218","2",
"1994","7231","1",
"1994","7271","7",
"1994","7307","8",
"1994","7428","9",
"1994","7561","2",
"1994","7591","6",
"1994","7673","6",
"1994","7847","5",
"1994","7897","3",
"1994","8126","5",
"1994","8133","1",
"1994","8192","1",
"1994","8207","4",
"1994","8276","4",
"1994","8285","4",
"1994","8354","2",
"1994","8399","8",
"1994","8490","5",
"1994","8495","5",
"1994","8614","3",
"1994","8672","3",
"1994","8721","4",
"1994","8803","0",
"1994","8824","7",
"1994","8917","2",
"1994","8935","8",
"1994","8951","8",
"1994","8963","2",
"1994","9009","3",
"1994","9148","4",
"1994","9259","4",
"1994","9290","6",
"1994","9310","2",
"1994","9372","6",
"1994","9403","0",
"1994","9446","3",
"1994","9488","7",
"1994","9489","8",
"1994","9499","0",
"1994","9590","9",
"1994","9725","3",
"1994","9843","2",
"1994","9901","1",
"1995","81","3",
"1995","127","5",
"1995","223","7",
"1995","226","0",
"1995","307","1",
"1995","335","5",
"1995","367","7",
"1995","380","4",
"1995","406","0",
"1995","407","4",
"1995","429","2",
"1995","444","2",
"1995","483","7",
"1995","496","3",
"1995","504","8",
"1995","525","2",
"1995","574","0",
"1995","591","9",
"1995","597","3",
"1995","637","4",
"1995","650","2",
"1995","680","0",
"1995","700","2",
"1995","702","4",
"1995","705","9",
"1995","774","1",
"1995","809","8",
"1995","825","3",
"1995","834","0",
"1995","869","3",
"1995","939","1",
"1995","1140","8",
"1995","1226","9",
"1995","1227","9",
"1995","1228","2",
"1995","1291","6",
"1995","1310","9",
"1995","1340","6",
"1995","1483","7",
"1995","1676","7",
"1995","1781","9",
"1995","1931","3",
"1995","1963","8",
"1995","2095","8",
"1995","2318","0",
"1995","2360","3",
"1995","2533","5",
"1995","2539","1",
"1995","2557","0",
"1995","2593","7",
"1995","2774","8",
"1995","2872","1",
"1995","2986","7",
"1995","3137","9",
"1995","3208","2",
"1995","3223","0",
"1995","3254","9",
"1995","3287","0",
"1995","3567","9",
"1995","3651","4",
"1995","3656","6",
"1995","3825","5",
"1995","3833","4",
"1995","3843","5",
"1995","3969","7",
"1995","3998","0",
"1995","4054","5",
"1995","4056","8",
"1995","4057","2",
"1995","4104","6",
"1995","4157","0",
"1995","4174","0",
"1995","4311","5",
"1995","4331","9",
"1995","4386","5",
"1995","4436","9",
"1995","4480","9",
"1995","4536","2",
"1995","4544","8",
"1995","4580","6",
"1995","4727","7",
"1995","4844","2",
"1995","4893","7",
"1995","5026","7",
"1995","5043","7",
"1995","5058","9",
"1995","5090","1",
"1995","5118","5",
"1995","5119","1",
"1995","5126","9",
"1995","5230","3",
"1995","5246","2",
"1995","5252","7",
"1995","5369","9",
"1995","5394","0",
"1995","5396","5",
"1995","5579","0",
"1995","5680","3",
"1995","5710","9",
"1995","5716","8",
"1995","5723","2",
"1995","5729","1",
"1995","5895","4",
"1995","5951","5",
"1995","6042","2",
"1995","6089","4",
"1995","6093","6",
"1995","6102","4",
"1995","6139","6",
"1995","6188","0",
"1995","6219","6",
"1995","6221","1",
"1995","6263","7",
"1995","6279","7",
"1995","6375","9",
"1995","6464","1",
"1995","6592","2",
"1995","6623","2",
"1995","6648","0",
"1995","6686","1",
"1995","6725","5",
"1995","6828","6",
"1995","6944","0",
"1995","6954","7",
"1995","7089","5",
"1995","7206","3",
"1995","7247","5",
"1995","7303","7",
"1995","7405","4",
"1995","7487","9",
"1995","7550","5",
"1995","7597","5",
"1995","7606","0",
"1995","7669","8",
"1995","7688","7",
"1995","7720","3",
"1995","7732","6",
"1995","7759","0",
"1995","7894","2",
"1995","7939","2",
"1995","8040","1",
"1995","8051","9",
"1995","8084","0",
"1995","8181","0",
"1995","8249","7",
"1995","8297","2",
"1995","8304","0",
"1995","8375","1",
"1995","8482","6",
"1995","8484","1",
"1995","8494","5",
"1995","8507","4",
"1995","8534","5",
"1995","8658","3",
"1995","8708","5",
"1995","8715","2",
"1995","8724","3",
"1995","8778","7",
"1995","8796","1",
"1995","8895","8",
"1995","8912","4",
"1995","9297","4",
"1995","9355","7",
"1995","9421","4",
"1995","9464","1",
"1995","9480","2",
"1995","9486","6",
"1995","9490","0",
"1995","9524","1",
"1995","9554","6",
"1995","9592","1",
"1995","9595","8",
"1995","9662","7",
"1995","9668","3",
"1995","9687","5",
"1995","9754","2",
"1995","9858","1",
"1996","11","8",
"1996","53","7",
"1996","58","5",
"1996","157","3",
"1996","342","7",
"1996","351","0",
"1996","377","9",
"1996","438","9",
"1996","485","3",
"1996","543","9",
"1996","570","2",
"1996","600","1",
"1996","615","8",
"1996","662","1",
"1996","684","4",
"1996","688","1",
"1996","742","2",
"1996","797","2",
"1996","801","9",
"1996","990","3",
"1996","1019","2",
"1996","1081","8",
"1996","1083","8",
"1996","1090","9",
"1996","1222","5",
"1996","1282","4",
"1996","1294","5",
"1996","1327","0",
"1996","1362","8",
"1996","1425","2",
"1996","1427","2",
"1996","1494","7",
"1996","1496","7",
"1996","1667","3",
"1996","1716","1",
"1996","1734","7",
"1996","1743","1",
"1996","1772","4",
"1996","1783","6",
"1996","1791","2",
"1996","1865","6",
"1996","1904","9",
"1996","1998","9",
"1996","2051","8",
"1996","2107","0",
"1996","2176","4",
"1996","2207","2",
"1996","2221","8",
"1996","2232","7",
"1996","2263","8",
"1996","2267","8",
"1996","2330","7",
"1996","2353","0",
"1996","2364","4",
"1996","2382","0",
"1996","2440","8",
"1996","2466","5",
"1996","2468","3",
"1996","2615","5",
"1996","2630","6",
"1996","2654","4",
"1996","2663","3",
"1996","2692","9",
"1996","2706","2",
"1996","2741","9",
"1996","2743","8",
"1996","2818","8",
"1996","2824","8",
"1996","2860","4",
"1996","2915","7",
"1996","2938","4",
"1996","3020","6",
"1996","3025","0",
"1996","3059","5",
"1996","3110","1",
"1996","3112","1",
"1996","3198","0",
"1996","3228","3",
"1996","3387","6",
"1996","3416","8",
"1996","3468","3",
"1996","3503","0",
"1996","3536","2",
"1996","3543","7",
"1996","3561","7",
"1996","3627","6",
"1996","3807","4",
"1996","3837","6",
"1996","3878","1",
"1996","3892","7",
"1996","3952","9",
"1996","3988","3",
"1996","4050","5",
"1996","4167","4",
"1996","4376","1",
"1996","4391","0",
"1996","4524","7",
"1996","4572","9",
"1996","4672","3",
"1996","4677","2",
"1996","4733","7",
"1996","4820","0",
"1996","4891","8",
"1996","5095","0",
"1996","5144","1",
"1996","5286","1",
"1996","5514","9",
"1996","5561","1",
"1996","5584","5",
"1996","5636","0",
"1996","5685","4",
"1996","5696","8",
"1996","5781","6",
"1996","5782","4",
"1996","5849","7",
"1996","5992","7",
"1996","6007","5",
"1996","6012","9",
"1996","6082","4",
"1996","6159","7",
"1996","6331","1",
"1996","6354","7",
"1996","6418","3",
"1996","6419","2",
"1996","6466","6",
"1996","6498","1",
"1996","6515","7",
"1996","6628","7",
"1996","6679","6",
"1996","6821","3",
"1996","6855","7",
"1996","6883","0",
"1996","7006","9",
"1996","7078","0",
"1996","7139","3",
"1996","7159","1",
"1996","7233","7",
"1996","7314","0",
"1996","7326","1",
"1996","7337","5",
"1996","7388","1",
"1996","7451","4",
"1996","7461","7",
"1996","7564","5",
"1996","7626","6",
"1996","7640","6",
"1996","7645","6",
"1996","7761","1",
"1996","7801","9",
"1996","7851","0",
"1996","7853","9",
"1996","7906","6",
"1996","7961","8",
"1996","7964","1",
"1996","8000","4",
"1996","8059","1",
"1996","8086","7",
"1996","8108","4",
"1996","8147","2",
"1996","8176","0",
"1996","8202","4",
"1996","8208","2",
"1996","8222","9",
"1996","8231","8",
"1996","8403","0",
"1996","8459","0",
"1996","8594","8",
"1996","8751","0",
"1996","8815","8",
"1996","8908","5",
"1996","9038","4",
"1996","9222","1",
"1996","9231","2",
"1996","9388","1",
"1996","9651","6",
"1996","9665","1",
"1996","9683","5",
"1996","9791","0",
"1996","9826","2",
"1996","9831","2",
"1996","9935","3",
"1996","9965","2",
"1997","93","4",
"1997","188","7",
"1997","194","6",
"1997","245","2",
"1997","284","5",
"1997","334","7",
"1997","418","6",
"1997","450","7",
"1997","462","4",
"1997","468","8",
"1997","523","0",
"1997","608","2",
"1997","632","3",
"1997","655","6",
"1997","678","9",
"1997","828","5",
"1997","951","8",
"1997","1040","3",
"1997","1122","6",
"1997","1179","7",
"1997","1231","2",
"1997","1237","0",
"1997","1264","1",
"1997","1284","2",
"1997","1316","7",
"1997","1323","2",
"1997","1345","5",
"1997","1389","0",
"1997","1390","6",
"1997","1543","0",
"1997","1548","9",
"1997","1550","1",
"1997","1563","6",
"1997","1596","0",
"1997","1598","0",
"1997","1674","6",
"1997","1696","5",
"1997","1744","6",
"1997","1838","7",
"1997","1905","1",
"1997","1913","6",
"1997","1925","5",
"1997","1957","2",
"1997","1994","8",
"1997","2005","9",
"1997","2062","1",
"1997","2146","8",
"1997","2152","7",
"1997","2301","3",
"1997","2473","8",
"1997","2505","9",
"1997","2517","5",
"1997","2542","8",
"1997","2617","0",
"1997","2804","2",
"1997","2837","6",
"1997","2951","0",
"1997","3155","9",
"1997","3177","9",
"1997","3183","8",
"1997","3252","2",
"1997","3289","5",
"1997","3301","6",
"1997","3351","4",
"1997","3394","6",
"1997","3400","4",
"1997","3557","1",
"1997","3678","4",
"1997","3809","1",
"1997","3887","1",
"1997","3933","5",
"1997","3975","2",
"1997","4014","2",
"1997","4148","0",
"1997","4208","2",
"1997","4213","2",
"1997","4265","7",
"1997","4435","3",
"1997","4482","2",
"1997","4537","3",
"1997","4559","5",
"1997","4564","4",
"1997","4576","8",
"1997","4638","3",
"1997","4671","2",
"1997","4797","8",
"1997","4920","4",
"1997","4932","4",
"1997","4951","0",
"1997","4976","1",
"1997","4990","7",
"1997","5081","6",
"1997","5169","0",
"1997","5176","6",
"1997","5200","0",
"1997","5385","0",
"1997","5401","8",
"1997","5443","6",
"1997","5509","0",
"1997","5616","1",
"1997","5663","4",
"1997","5669","4",
"1997","5738","3",
"1997","5807","3",
"1997","5861","8",
"1997","5916","3",
"1997","5930","2",
"1997","5945","0",
"1997","6127","5",
"1997","6147","2",
"1997","6173","7",
"1997","6181","1",
"1997","6196","9",
"1997","6246","3",
"1997","6282","7",
"1997","6465","8",
"1997","6500","2",
"1997","6636","5",
"1997","6685","5",
"1997","6689","2",
"1997","6765","9",
"1997","6783","0",
"1997","6788","8",
"1997","6893","2",
"1997","6898","9",
"1997","7065","9",
"1997","7077","0",
"1997","7182","9",
"1997","7251","5",
"1997","7321","6",
"1997","7360","4",
"1997","7418","2",
"1997","7735","0",
"1997","7749","4",
"1997","7824","2",
"1997","8015","3",
"1997","8145","2",
"1997","8182","5",
"1997","8240","7",
"1997","8329","6",
"1997","8352","6",
"1997","8364","4",
"1997","8404","0",
"1997","8435","4",
"1997","8454","7",
"1997","8455","6",
"1997","8795","5",
"1997","8797","5",
"1997","8813","5",
"1997","8822","2",
"1997","8856","1",
"1997","8928","3",
"1997","8954","1",
"1997","9073","2",
"1997","9120","6",
"1997","9145","6",
"1997","9391","1",
"1997","9398","9",
"1997","9426","9",
"1997","9465","4",
"1997","9496","9",
"1997","9649","7",
"1997","9719","4",
"1997","9736","7",
"1997","9755","3",
"1997","9888","4",
"1997","9955","7",
"1997","9966","1",
"1998","8","5",
"1998","44","6",
"1998","67","5",
"1998","104","4",
"1998","141","7",
"1998","396","1",
"1998","476","0",
"1998","487","2",
"1998","499","4",
"1998","509","3",
"1998","648","2",
"1998","751","2",
"1998","753","8",
"1998","984","7",
"1998","1047","0",
"1998","1048","9",
"1998","1136","8",
"1998","1177","2",
"1998","1193","1",
"1998","1364","8",
"1998","1401","5",
"1998","1463","7",
"1998","1465","2",
"1998","1538","4",
"1998","1583","1",
"1998","1616","5",
"1998","1636","0",
"1998","1753","4",
"1998","1780","0",
"1998","1789","0",
"1998","1822","6",
"1998","1843","7",
"1998","1854","8",
"1998","1858","9",
"1998","1869","8",
"1998","1989","1",
"1998","2011","6",
"1998","2021","0",
"1998","2035","9",
"1998","2038","8",
"1998","2108","7",
"1998","2311","6",
"1998","2524","7",
"1998","2530","2",
"1998","2674","3",
"1998","2732","9",
"1998","2771","8",
"1998","2777","2",
"1998","2792","1",
"1998","2996","3",
"1998","3104","8",
"1998","3116","6",
"1998","3149","5",
"1998","3173","7",
"1998","3179","3",
"1998","3181","6",
"1998","3185","1",
"1998","3212","4",
"1998","3219","3",
"1998","3239","5",
"1998","3245","4",
"1998","3246","5",
"1998","3367","5",
"1998","3564","5",
"1998","3701","2",
"1998","3800","2",
"1998","3921","3",
"1998","4015","9",
"1998","4125","4",
"1998","4152","9",
"1998","4175","1",
"1998","4289","6",
"1998","4316","5",
"1998","4397","2",
"1998","4442","1",
"1998","4507","7",
"1998","4584","1",
"1998","4589","2",
"1998","4731","2",
"1998","4789","7",
"1998","4798","4",
"1998","4799","4",
"1998","4808","8",
"1998","4900","5",
"1998","4933","4",
"1998","4953","8",
"1998","5084","3",
"1998","5116","3",
"1998","5206","4",
"1998","5219","4",
"1998","5221","4",
"1998","5226","7",
"1998","5265","4",
"1998","5370","2",
"1998","5381","3",
"1998","5444","3",
"1998","5446","4",
"1998","5455","6",
"1998","5486","4",
"1998","5536","2",
"1998","5563","7",
"1998","5567","4",
"1998","5706","3",
"1998","5709","7",
"1998","5728","1",
"1998","5760","7",
"1998","5764","7",
"1998","5779","1",
"1998","5927","4",
"1998","5962","4",
"1998","6141","0",
"1998","6186","3",
"1998","6255","4",
"1998","6438","5",
"1998","6551","8",
"1998","6558","4",
"1998","6593","2",
"1998","6668","5",
"1998","6690","0",
"1998","6913","6",
"1998","6942","6",
"1998","6971","8",
"1998","7081","8",
"1998","7134","8",
"1998","7278","8",
"1998","7293","0",
"1998","7345","9",
"1998","7363","3",
"1998","7490","5",
"1998","7575","5",
"1998","7691","0",
"1998","7694","6",
"1998","7717","1",
"1998","7763","5",
"1998","7779","4",
"1998","7857","7",
"1998","7865","0",
"1998","7921","7",
"1998","7993","3",
"1998","8031","3",
"1998","8271","6",
"1998","8278","0",
"1998","8287","8",
"1998","8357","9",
"1998","8419","7",
"1998","8446","2",
"1998","8456","4",
"1998","8544","0",
"1998","8576","0",
"1998","8756","1",
"1998","8790","9",
"1998","8819","9",
"1998","8910","8",
"1998","8968","0",
"1998","8987","3",
"1998","9052","9",
"1998","9110","8",
"1998","9113","8",
"1998","9150","1",
"1998","9200","9",
"1998","9205","3",
"1998","9271","6",
"1998","9387","4",
"1998","9428","2",
"1998","9534","4",
"1998","9680","1",
"1998","9722","5",
"1998","9735","1",
"1998","9742","5",
"1998","9828","0",
"1998","9876","0",
"1998","9923","7",
"1998","9989","1",
"1999","23","8",
"1999","33","1",
"1999","241","5",
"1999","247","7",
"1999","249","6",
"1999","303","1",
"1999","402","6",
"1999","448","1",
"1999","505","8",
"1999","508","1",
"1999","670","1",
"1999","673","7",
"1999","708","9",
"1999","779","9",
"1999","789","2",
"1999","796","9",
"1999","909","2",
"1999","964","3",
"1999","973","3",
"1999","982","2",
"1999","986","1",
"1999","1020","3",
"1999","1098","7",
"1999","1146","8",
"1999","1169","1",
"1999","1216","5",
"1999","1290","4",
"1999","1554","7",
"1999","1576","8",
"1999","1782","5",
"1999","1842","3",
"1999","1944","3",
"1999","2074","1",
"1999","2114","2",
"1999","2127","0",
"1999","2178","1",
"1999","2204","7",
"1999","2342","9",
"1999","2370","7",
"1999","2394","8",
"1999","2437","4",
"1999","2444","9",
"1999","2457","0",
"1999","2491","9",
"1999","2507","5",
"1999","2552","4",
"1999","2742","7",
"1999","2878","0",
"1999","2882","7",
"1999","2913","1",
"1999","2917","9",
"1999","2933","7",
"1999","2976","7",
"1999","3010","3",
"1999","3153","9",
"1999","3307","5",
"1999","3473","5",
"1999","3492","9",
"1999","3520","3",
"1999","3560","4",
"1999","3577","5",
"1999","3633","9",
"1999","3661","4",
"1999","3755","6",
"1999","3786","6",
"1999","3894","3",
"1999","3909","6",
"1999","4024","3",
"1999","4061","1",
"1999","4161","6",
"1999","4189","6",
"1999","4211","9",
"1999","4245","1",
"1999","4249","3",
"1999","4321","8",
"1999","4388","4",
"1999","4438","7",
"1999","4443","6",
"1999","4471","3",
"1999","4487","3",
"1999","4515","1",
"1999","4583","1",
"1999","4598","9",
"1999","4615","7",
"1999","4621","2",
"1999","4630","0",
"1999","4661","1",
"1999","4685","2",
"1999","4737","0",
"1999","4764","2",
"1999","4771","8",
"1999","4862","5",
"1999","4998","8",
"1999","5022","4",
"1999","5050","6",
"1999","5057","3",
"1999","5107","3",
"1999","5139","7",
"1999","5179","7",
"1999","5266","5",
"1999","5283","2",
"1999","5473","2",
"1999","5524","3",
"1999","5546","7",
"1999","5559","1",
"1999","5604","9",
"1999","5610","8",
"1999","5618","3",
"1999","5682","3",
"1999","5749","2",
"1999","5813","0",
"1999","5816","5",
"1999","5848","1",
"1999","5888","5",
"1999","5922","1",
"1999","5928","2",
"1999","5942","7",
"1999","6029","9",
"1999","6049","4",
"1999","6054","5",
"1999","6065","4",
"1999","6128","6",
"1999","6146","5",
"1999","6247","6",
"1999","6342","7",
"1999","6356","1",
"1999","6397","8",
"1999","6442","1",
"1999","6495","6",
"1999","6508","2",
"1999","6529","9",
"1999","6583","3",
"1999","6750","4",
"1999","6752","1",
"1999","6797","8",
"1999","6829","5",
"1999","7002","6",
"1999","7082","5",
"1999","7095","4",
"1999","7132","7",
"1999","7142","5",
"1999","7299","3",
"1999","7352","4",
"1999","7407","5",
"1999","7493","4",
"1999","7544","8",
"1999","7545","3",
"1999","7776","1",
"1999","7891","7",
"1999","7923","7",
"1999","7930","4",
"1999","7950","7",
"1999","7989","9",
"1999","8013","9",
"1999","8036","1",
"1999","8104","6",
"1999","8128","0",
"1999","8132","1",
"1999","8146","1",
"1999","8218","1",
"1999","8291","4",
"1999","8321","5",
"1999","8376","9",
"1999","8502","0",
"1999","8582","1",
"1999","8654","5",
"1999","8661","4",
"1999","8680","4",
"1999","8726","6",
"1999","8767","0",
"1999","8850","4",
"1999","8864","0",
"1999","9016","1",
"1999","9034","2",
"1999","9039","0",
"1999","9053","7",
"1999","9058","2",
"1999","9086","0",
"1999","9135","6",
"1999","9211","9",
"1999","9220","9",
"1999","9275","7",
"1999","9277","5",
"1999","9319","3",
"1999","9328","5",
"1999","9596","2",
"1999","9639","1",
"1999","9643","2",
"1999","9712","8",
"1999","9731","8",
"1999","9750","1",
"1999","9908","8",
"1999","9953","0",
"1999","9968","4",
"1999","9993","3",
"2000","42","8",
"2000","50","2",
"2000","62","4",
"2000","111","1",
"2000","113","8",
"2000","166","5",
"2000","222","2",
"2000","296","8",
"2000","301","1",
"2000","420","2",
"2000","457","8",
"2000","495","5",
"2000","500","3",
"2000","571","6",
"2000","605","2",
"2000","657","7",
"2000","851","8",
"2000","855","0",
"2000","993","5",
"2000","1065","8",
"2000","1126","2",
"2000","1181","6",
"2000","1192","5",
"2000","1298","1",
"2000","1335","2",
"2000","1365","8",
"2000","1403","7",
"2000","1431","0",
"2000","1442","6",
"2000","1513","0",
"2000","1577","3",
"2000","1629","3",
"2000","1678","4",
"2000","1682","5",
"2000","1752","5",
"2000","1826","4",
"2000","1990","1",
"2000","1997","6",
"2000","2177","6",
"2000","2191","5",
"2000","2383","9",
"2000","2485","9",
"2000","2604","7",
"2000","2607","5",
"2000","2637","1",
"2000","2737","2",
"2000","2835","4",
"2000","2866","5",
"2000","2928","5",
"2000","2984","0",
"2000","3023","5",
"2000","3027","8",
"2000","3046","8",
"2000","3265","2",
"2000","3316","5",
"2000","3332","9",
"2000","3340","1",
"2000","3348","1",
"2000","3420","0",
"2000","3474","2",
"2000","3529","0",
"2000","3542","2",
"2000","3546","5",
"2000","3645","8",
"2000","3715","3",
"2000","3776","0",
"2000","3805","9",
"2000","3842","2",
"2000","3888","4",
"2000","4031","6",
"2000","4048","5",
"2000","4068","3",
"2000","4085","3",
"2000","4294","3",
"2000","4334","1",
"2000","4369","7",
"2000","4401","2",
"2000","4439","6",
"2000","4456","6",
"2000","4489","0",
"2000","4500","0",
"2000","4504","4",
"2000","4505","8",
"2000","4575","6",
"2000","4588","3",
"2000","4616","2",
"2000","4637","2",
"2000","4675","3",
"2000","4709","1",
"2000","4835","8",
"2000","4912","5",
"2000","4962","6",
"2000","5060","2",
"2000","5082","2",
"2000","5137","6",
"2000","5162","9",
"2000","5198","1",
"2000","5199","8",
"2000","5229","1",
"2000","5240","5",
"2000","5324","9",
"2000","5360","8",
"2000","5383","3",
"2000","5388","1",
"2000","5431","0",
"2000","5528","3",
"2000","5550","1",
"2000","5578","6",
"2000","5591","2",
"2000","5718","9",
"2000","5810","0",
"2000","5833","9",
"2000","5931","5",
"2000","5933","6",
"2000","6032","5",
"2000","6039","7",
"2000","6084","8",
"2000","6208","9",
"2000","6262","7",
"2000","6440","0",
"2000","6458","3",
"2000","6467","9",
"2000","6469","6",
"2000","6502","0",
"2000","6540","0",
"2000","6568","4",
"2000","6612","5",
"2000","6617","1",
"2000","6621","6",
"2000","6751","5",
"2000","6756","1",
"2000","6909","7",
"2000","6921","1",
"2000","6931","2",
"2000","6979","4",
"2000","7034","7",
"2000","7186","9",
"2000","7222","0",
"2000","7367","7",
"2000","7373","6",
"2000","7473","0",
"2000","7595","2",
"2000","7672","1",
"2000","7874","4",
"2000","7916","1",
"2000","7924","3",
"2000","7925","7",
"2000","7971","6",
"2000","8042","1",
"2000","8174","3",
"2000","8238","7",
"2000","8294","5",
"2000","8343","9",
"2000","8427","8",
"2000","8562","6",
"2000","8603","7",
"2000","8646","0",
"2000","8711","3",
"2000","8737","9",
"2000","8742","3",
"2000","8947","4",
"2000","9002","8",
"2000","9024","8",
"2000","9111","7",
"2000","9196","8",
"2000","9267","3",
"2000","9279","5",
"2000","9281","6",
"2000","9337","1",
"2000","9390","7",
"2000","9414","1",
"2000","9531","1",
"2000","9619","5",
"2000","9694","7",
"2000","9709","4",
"2000","9738","5",
"2000","9756","8",
"2000","9761","4",
"2000","9762","1",
"2000","9824","5",
"2000","9884","9",
"2000","9918","8",
"2000","9992","0",
"2001","14","9",
"2001","126","4",
"2001","201","2",
"2001","229","2",
"2001","316","4",
"2001","701","4",
"2001","1195","3",
"2001","1238","3",
"2001","1436","0",
"2001","1441","3",
"2001","1492","0",
"2001","1549","1",
"2001","1603","6",
"2001","1634","3",
"2001","1670","0",
"2001","1713","9",
"2001","2044","5",
"2001","2086","0",
"2001","2212","0",
"2001","2225","8",
"2001","2270","4",
"2001","2279","3",
"2001","2305","6",
"2001","2423","5",
"2001","2465","3",
"2001","2476","3",
"2001","2493","4",
"2001","2553","6",
"2001","2564","6",
"2001","2569","5",
"2001","2581","4",
"2001","2608","4",
"2001","2688","8",
"2001","2755","2",
"2001","2797","7",
"2001","2906","3",
"2001","2911","9",
"2001","3019","8",
"2001","3030","2",
"2001","3209","2",
"2001","3333","2",
"2001","3393","6",
"2001","3396","0",
"2001","3426","8",
"2001","3518","8",
"2001","3554","3",
"2001","3670","9",
"2001","3674","0",
"2001","3713","2",
"2001","3764","0",
"2001","3822","2",
"2001","3849","9",
"2001","3906","2",
"2001","4023","0",
"2001","4028","5",
"2001","4051","5",
"2001","4183","7",
"2001","4239","1",
"2001","4273","2",
"2001","4307","8",
"2001","4624","0",
"2001","4625","7",
"2001","4635","2",
"2001","4649","6",
"2001","4889","9",
"2001","4948","4",
"2001","4965","9",
"2001","5023","9",
"2001","5067","5",
"2001","5083","5",
"2001","5262","4",
"2001","5271","8",
"2001","5289","0",
"2001","5328","4",
"2001","5466","0",
"2001","5505","7",
"2001","5626","3",
"2001","5691","0",
"2001","5742","3",
"2001","5746","7",
"2001","5811","6",
"2001","5860","7",
"2001","5898","7",
"2001","6017","1",
"2001","6037","8",
"2001","6056","6",
"2001","6249","8",
"2001","6420","7",
"2001","6488","3",
"2001","6644","9",
"2001","6692","8",
"2001","6699","0",
"2001","6741","4",
"2001","6748","1",
"2001","6766","3",
"2001","6773","9",
"2001","6830","3",
"2001","6848","2",
"2001","6891","8",
"2001","6924","0",
"2001","7038","0",
"2001","7129","5",
"2001","7154","4",
"2001","7167","8",
"2001","7292","3",
"2001","7335","0",
"2001","7382","8",
"2001","7383","7",
"2001","7472","1",
"2001","7509","4",
"2001","7556","1",
"2001","7681","2",
"2001","7687","6",
"2001","7727","4",
"2001","7751","0",
"2001","7827","3",
"2001","7901","4",
"2001","7905","6",
"2001","7912","0",
"2001","7935","2",
"2001","7987","5",
"2001","8149","2",
"2001","8193","2",
"2001","8251","2",
"2001","8267","5",
"2001","8505","9",
"2001","8615","7",
"2001","8697","3",
"2001","8709","6",
"2001","8787","1",
"2001","8869","5",
"2001","8923","0",
"2001","8934","9",
"2001","8969","7",
"2001","9047","0",
"2001","9057","7",
"2001","9238","8",
"2001","9248","8",
"2001","9249","1",
"2001","9360","3",
"2001","9377","8",
"2001","9384","8",
"2001","9434","8",
"2001","9459","3",
"2001","9482","1",
"2001","9504","3",
"2001","9724","3",
"2001","9727","6",
"2001","9744","4",
"2001","9802","1",
"2001","9833","5",
"2001","9845","2",
"2001","9906","0",
"2001","9922","4",
"2001","9981","4",
"2001","9990","3",
"2002","45","1",
"2002","88","6",
"2002","116","7",
"2002","217","1",
"2002","275","2",
"2002","277","8",
"2002","397","5",
"2002","431","0",
"2002","603","5",
"2002","652","6",
"2002","687","9",
"2002","728","2",
"2002","741","0",
"2002","784","2",
"2002","786","7",
"2002","804","3",
"2002","816","5",
"2002","883","6",
"2002","910","0",
"2002","948","3",
"2002","949","7",
"2002","952","5",
"2002","955","4",
"2002","983","2",
"2002","989","9",
"2002","1038","6",
"2002","1082","3",
"2002","1143","2",
"2002","1274","2",
"2002","1292","0",
"2002","1329","0",
"2002","1479","1",
"2002","1482","6",
"2002","1580","3",
"2002","1660","9",
"2002","1805","6",
"2002","1811","3",
"2002","1817","3",
"2002","1873","3",
"2002","1906","3",
"2002","1946","9",
"2002","1950","4",
"2002","2125","7",
"2002","2172","9",
"2002","2192","2",
"2002","2242","8",
"2002","2275","8",
"2002","2324","8",
"2002","2395","8",
"2002","2436","4",
"2002","2438","8",
"2002","2612","0",
"2002","2713","9",
"2002","2785","7",
"2002","2841","8",
"2002","2886","1",
"2002","2899","2",
"2002","2991","5",
"2002","3009","5",
"2002","3048","3",
"2002","3127","8",
"2002","3243","4",
"2002","3323","6",
"2002","3450","3",
"2002","3508","2",
"2002","3548","0",
"2002","3580","7",
"2002","3760","1",
"2002","3768","1",
"2002","3784","5",
"2002","3907","0",
"2002","4126","0",
"2002","4139","7",
"2002","4171","2",
"2002","4232","6",
"2002","4264","8",
"2002","4407","3",
"2002","4454","1",
"2002","4478","9",
"2002","4632","3",
"2002","4639","9",
"2002","4647","2",
"2002","4653","2",
"2002","4679","5",
"2002","4690","8",
"2002","4914","1",
"2002","4942","4",
"2002","4943","5",
"2002","4968","9",
"2002","4995","1",
"2002","5049","1",
"2002","5056","1",
"2002","5322","5",
"2002","5333","6",
"2002","5356","9",
"2002","5429","5",
"2002","5577","0",
"2002","5698","0",
"2002","5753","0",
"2002","5825","8",
"2002","5828","6",
"2002","5864","9",
"2002","5963","0",
"2002","6020","2",
"2002","6144","7",
"2002","6194","7",
"2002","6293","4",
"2002","6294","2",
"2002","6311","0",
"2002","6378","4",
"2002","6523","6",
"2002","6541","5",
"2002","6697","4",
"2002","6735","9",
"2002","6819","9",
"2002","6832","6",
"2002","6875","4",
"2002","6897","9",
"2002","6964","6",
"2002","7064","2",
"2002","7069","3",
"2002","7180","4",
"2002","7187","8",
"2002","7238","8",
"2002","7246","8",
"2002","7340","4",
"2002","7422","5",
"2002","7466","1",
"2002","7515","1",
"2002","7588","9",
"2002","7624","0",
"2002","7630","8",
"2002","7902","4",
"2002","7974","4",
"2002","8173","2",
"2002","8239","8",
"2002","8241","6",
"2002","8359","8",
"2002","8428","9",
"2002","8552","7",
"2002","8583","5",
"2002","8619","3",
"2002","8624","3",
"2002","8836","3",
"2002","8847","4",
"2002","8853","4",
"2002","8902","7",
"2002","9050","2",
"2002","9084","4",
"2002","9157","8",
"2002","9194","3",
"2002","9268","1",
"2002","9346","3",
"2002","9386","4",
"2002","9399","5",
"2002","9491","9",
"2002","9526","6",
"2002","9552","8",
"2002","9557","1",
"2002","9604","4",
"2002","9710","2",
"2002","9747","6",
"2002","9770","5",
"2002","9841","3",
"2002","9851","7",
"2002","9896","1",
"2002","9941","3",
"2002","9979","6",
"2002","9986","1",
"2003","13","4",
"2003","20","7",
"2003","153","5",
"2003","183","2",
"2003","337","4",
"2003","435","2",
"2003","436","8",
"2003","503","1",
"2003","536","2",
"2003","610","6",
"2003","613","4",
"2003","665","6",
"2003","743","0",
"2003","749","6",
"2003","876","1",
"2003","1042","3",
"2003","1155","0",
"2003","1174","2",
"2003","1198","4",
"2003","1219","3",
"2003","1229","3",
"2003","1263","0",
"2003","1315","4",
"2003","1330","4",
"2003","1341","8",
"2003","1367","4",
"2003","1683","7",
"2003","1726","8",
"2003","1735","8",
"2003","1855","3",
"2003","1995","5",
"2003","2008","0",
"2003","2091","0",
"2003","2159","5",
"2003","2194","2",
"2003","2265","0",
"2003","2292","0",
"2003","2321","5",
"2003","2326","3",
"2003","2390","9",
"2003","2403","9",
"2003","2420","6",
"2003","2425","9",
"2003","2467","2",
"2003","2516","6",
"2003","2521","9",
"2003","2558","8",
"2003","2577","1",
"2003","2627","8",
"2003","2666","6",
"2003","2685","2",
"2003","2936","8",
"2003","2961","7",
"2003","2993","0",
"2003","3045","3",
"2003","3260","0",
"2003","3352","7",
"2003","3513","5",
"2003","3620","5",
"2003","3626","6",
"2003","3684","1",
"2003","3706","8",
"2003","3788","1",
"2003","3993","4",
"2003","4017","4",
"2003","4038","1",
"2003","4039","6",
"2003","4067","4",
"2003","4095","2",
"2003","4127","5",
"2003","4235","2",
"2003","4241","5",
"2003","4423","9",
"2003","4447","1",
"2003","4449","6",
"2003","4464","3",
"2003","4523","3",
"2003","4567","7",
"2003","4634","5",
"2003","4660","0",
"2003","4728","2",
"2003","4855","9",
"2003","4861","7",
"2003","4919","5",
"2003","4923","5",
"2003","5065","5",
"2003","5134","7",
"2003","5275","3",
"2003","5299","9",
"2003","5481","9",
"2003","5547","5",
"2003","5557","1",
"2003","5613","3",
"2003","5795","6",
"2003","5798","9",
"2003","5919","4",
"2003","5968","0",
"2003","5979","5",
"2003","5993","4",
"2003","6014","8",
"2003","6034","4",
"2003","6197","7",
"2003","6228","8",
"2003","6243","6",
"2003","6253","1",
"2003","6296","4",
"2003","6312","2",
"2003","6372","1",
"2003","6552","6",
"2003","6598","3",
"2003","6700","0",
"2003","6768","9",
"2003","6770","2",
"2003","6823","9",
"2003","6858","2",
"2003","6894","8",
"2003","6940","3",
"2003","6989","9",
"2003","7014","8",
"2003","7026","7",
"2003","7040","4",
"2003","7071","3",
"2003","7107","1",
"2003","7202","3",
"2003","7217","6",
"2003","7318","7",
"2003","7368","8",
"2003","7398","8",
"2003","7437","7",
"2003","7584","4",
"2003","7642","2",
"2003","7661","0",
"2003","7701","5",
"2003","7739","1",
"2003","7771","6",
"2003","7790","5",
"2003","7896","7",
"2003","7900","5",
"2003","7947","3",
"2003","7981","8",
"2003","8066","3",
"2003","8106","2",
"2003","8130","4",
"2003","8156","9",
"2003","8236","5",
"2003","8479","6",
"2003","8521","5",
"2003","8540","0",
"2003","8570","6",
"2003","8616","9",
"2003","8794","5",
"2003","8827","9",
"2003","8931","9",
"2003","8962","0",
"2003","8967","3",
"2003","8988","8",
"2003","9055","7",
"2003","9071","9",
"2003","9082","7",
"2003","9128","6",
"2003","9159","5",
"2003","9166","0",
"2003","9460","7",
"2003","9468","1",
"2003","9509","9",
"2003","9514","2",
"2003","9535","0",
"2003","9674","7",
"2003","9676","3",
"2003","9741","2",
"2003","9849","2",
"2003","9944","5",
"2003","9952","7",
"2004","78","4",
"2004","232","0",
"2004","272","8",
"2004","360","3",
"2004","387","2",
"2004","401","2",
"2004","595","7",
"2004","602","7",
"2004","646","4",
"2004","669","4",
"2004","697","2",
"2004","724","2",
"2004","791","0",
"2004","1049","3",
"2004","1109","4",
"2004","1121","6",
"2004","1123","4",
"2004","1197","9",
"2004","1209","2",
"2004","1306","6",
"2004","1313","5",
"2004","1325","6",
"2004","1339","6",
"2004","1368","4",
"2004","1384","5",
"2004","1400","6",
"2004","1407","7",
"2004","1460","4",
"2004","1514","5",
"2004","1581","5",
"2004","1591","0",
"2004","1614","2",
"2004","1638","0",
"2004","1727","0",
"2004","1742","0",
"2004","1807","3",
"2004","1893","2",
"2004","2000","0",
"2004","2023","6",
"2004","2055","9",
"2004","2158","1",
"2004","2184","6",
"2004","2244","0",
"2004","2334","8",
"2004","2412","5",
"2004","2496","6",
"2004","2560","5",
"2004","2636","4",
"2004","2679","0",
"2004","2764","4",
"2004","2885","0",
"2004","2889","2",
"2004","2966","8",
"2004","3043","0",
"2004","3131","6",
"2004","3207","1",
"2004","3296","5",
"2004","3407","5",
"2004","3430","8",
"2004","3540","0",
"2004","3590","4",
"2004","3649","1",
"2004","3653","8",
"2004","3665","4",
"2004","3739","3",
"2004","3803","6",
"2004","3813","3",
"2004","3817","0",
"2004","3819","0",
"2004","3844","9",
"2004","3847","4",
"2004","3854","1",
"2004","3871","0",
"2004","3956","2",
"2004","3965","8",
"2004","3972","4",
"2004","4049","5",
"2004","4096","8",
"2004","4193","6",
"2004","4217","9",
"2004","4330","8",
"2004","4383","2",
"2004","4395","1",
"2004","4578","6",
"2004","4796","3",
"2004","4813","9",
"2004","4846","5",
"2004","5108","1",
"2004","5110","4",
"2004","5175","2",
"2004","5180","6",
"2004","5225","4",
"2004","5233","7",
"2004","5276","5",
"2004","5411","9",
"2004","5413","4",
"2004","5425","4",
"2004","5445","4",
"2004","5493","0",
"2004","5511","2",
"2004","5541","9",
"2004","5598","4",
"2004","5621","1",
"2004","5628","5",
"2004","5658","4",
"2004","5690","2",
"2004","5695","7",
"2004","5697","4",
"2004","5768","9",
"2004","5784","0",
"2004","5805","1",
"2004","5855","3",
"2004","5976","4",
"2004","6011","6",
"2004","6060","3",
"2004","6167","1",
"2004","6222","7",
"2004","6297","9",
"2004","6325","9",
"2004","6344","1",
"2004","6353","8",
"2004","6370","3",
"2004","6374","0",
"2004","6380","8",
"2004","6391","4",
"2004","6417","6",
"2004","6473","4",
"2004","6610","2",
"2004","6611","6",
"2004","6813","9",
"2004","6868","0",
"2004","6895","8",
"2004","6962","4",
"2004","6963","0",
"2004","7062","1",
"2004","7125","9",
"2004","7196","4",
"2004","7302","7",
"2004","7332","4",
"2004","7362","7",
"2004","7371","6",
"2004","7413","7",
"2004","7505","1",
"2004","7527","6",
"2004","7539","7",
"2004","7651","4",
"2004","7663","6",
"2004","7666","6",
"2004","7684","0",
"2004","7774","6",
"2004","7884","8",
"2004","7945","1",
"2004","8143","9",
"2004","8167","3",
"2004","8195","6",
"2004","8196","0",
"2004","8402","9",
"2004","8412","7",
"2004","8429","7",
"2004","8488","5",
"2004","8572","4",
"2004","8652","8",
"2004","8674","3",
"2004","8700","1",
"2004","8729","0",
"2004","8761","6",
"2004","8811","8",
"2004","8863","4",
"2004","8890","6",
"2004","8960","2",
"2004","8974","4",
"2004","8994","0",
"2004","9063","8",
"2004","9163","8",
"2004","9179","0",
"2004","9204","3",
"2004","9256","7",
"2004","9280","4",
"2004","9315","4",
"2004","9492","2",
"2004","9515","6",
"2004","9523","2",
"2004","9573","8",
"2004","9589","1",
"2004","9609","4",
"2004","9620","8",
"2004","9637","5",
"2004","9686","9",
"2004","9767","9",
"2004","9785","6",
"2004","9975","6",
"2004","9995","8",
"2005","18","5",
"2005","73","0",
"2005","177","1",
"2005","196","8",
"2005","204","0",
"2005","326","2",
"2005","378","5",
"2005","430","4",
"2005","449","2",
"2005","456","1",
"2005","469","4",
"2005","479","0",
"2005","513","9",
"2005","526","5",
"2005","578","4",
"2005","583","9",
"2005","685","2",
"2005","782","2",
"2005","857","2",
"2005","858","9",
"2005","867","3",
"2005","927","6",
"2005","977","0",
"2005","1006","4",
"2005","1055","1",
"2005","1095","8",
"2005","1154","3",
"2005","1333","7",
"2005","1387","0",
"2005","1416","3",
"2005","1424","9",
"2005","1475","8",
"2005","1478","1",
"2005","1506","5",
"2005","1515","1",
"2005","1651","3",
"2005","1653","2",
"2005","1669","6",
"2005","1767","0",
"2005","1787","5",
"2005","1824","6",
"2005","1840","0",
"2005","1878","8",
"2005","1928","8",
"2005","2007","0",
"2005","2018","0",
"2005","2040","4",
"2005","2059","0",
"2005","2081","7",
"2005","2134","5",
"2005","2208","4",
"2005","2397","6",
"2005","2421","6",
"2005","2455","3",
"2005","2480","5",
"2005","2653","4",
"2005","2703","0",
"2005","2705","5",
"2005","2738","3",
"2005","2807","0",
"2005","2867","4",
"2005","2930","6",
"2005","2940","5",
"2005","2948","3",
"2005","3041","3",
"2005","3068","4",
"2005","3099","0",
"2005","3142","7",
"2005","3259","7",
"2005","3362","6",
"2005","3477","0",
"2005","3588","7",
"2005","3594","9",
"2005","3679","8",
"2005","3681","5",
"2005","3691","4",
"2005","3769","0",
"2005","3790","1",
"2005","3861","4",
"2005","3866","9",
"2005","3910","1",
"2005","3985","1",
"2005","4002","8",
"2005","4072","0",
"2005","4124","8",
"2005","4153","6",
"2005","4221","1",
"2005","4356","3",
"2005","4364","4",
"2005","4412","8",
"2005","4586","1",
"2005","4594","5",
"2005","4607","5",
"2005","4648","8",
"2005","4725","5",
"2005","4800","3",
"2005","4814","5",
"2005","4887","0",
"2005","4904","0",
"2005","5010","5",
"2005","5132","3",
"2005","5204","0",
"2005","5223","1",
"2005","5310","8",
"2005","5395","9",
"2005","5482","1",
"2005","5594","9",
"2005","5607","7",
"2005","5624","3",
"2005","5744","7",
"2005","5786","6",
"2005","5809","1",
"2005","5965","3",
"2005","6019","2",
"2005","6217","1",
"2005","6317","3",
"2005","6455","0",
"2005","6476","7",
"2005","6482","7",
"2005","6525","9",
"2005","6573","3",
"2005","6618","5",
"2005","6637","0",
"2005","6711","0",
"2005","6716","1",
"2005","6733","2",
"2005","6877","7",
"2005","6973","0",
"2005","7029","5",
"2005","7153","8",
"2005","7173","7",
"2005","7339","4",
"2005","7504","8",
"2005","7534","4",
"2005","7644","8",
"2005","7689","8",
"2005","7872","6",
"2005","8044","0",
"2005","8050","8",
"2005","8144","5",
"2005","8340","4",
"2005","8341","6",
"2005","8567","3",
"2005","8588","7",
"2005","8688","4",
"2005","8805","4",
"2005","8882","9",
"2005","8924","3",
"2005","8957","1",
"2005","9049","4",
"2005","9051","1",
"2005","9093","1",
"2005","9124","1",
"2005","9300","5",
"2005","9340","8",
"2005","9409","2",
"2005","9477","7",
"2005","9511","6",
"2005","9530","1",
"2005","9538","6",
"2005","9630","4",
"2005","9701","7",
"2005","9713","5",
"2005","9779","9",
"2005","9799","8",
"2005","9800","3",
"2005","9810","3",
"2005","9832","0",
"2005","9848","7",
"2005","9866","4",
"2005","9895","2",
"2005","9956","8",
"2006","5","6",
"2006","29","6",
"2006","38","0",
"2006","128","4",
"2006","145","1",
"2006","320","1",
"2006","426","9",
"2006","433","0",
"2006","471","4",
"2006","524","3",
"2006","584","4",
"2006","634","7",
"2006","712","9",
"2006","756","0",
"2006","793","9",
"2006","822","0",
"2006","830","5",
"2006","841","1",
"2006","874","4",
"2006","912","4",
"2006","976","2",
"2006","997","3",
"2006","1071","9",
"2006","1151","5",
"2006","1161","7",
"2006","1256","8",
"2006","1356","6",
"2006","1357","2",
"2006","1380","0",
"2006","1410","2",
"2006","1452","8",
"2006","1578","6",
"2006","1579","0",
"2006","1618","0",
"2006","1622","0",
"2006","1690","4",
"2006","1737","8",
"2006","1871","9",
"2006","1891","9",
"2006","1902","3",
"2006","1924","6",
"2006","2028","3",
"2006","2066","2",
"2006","2121","6",
"2006","2160","8",
"2006","2167","8",
"2006","2188","3",
"2006","2322","8",
"2006","2331","5",
"2006","2441","3",
"2006","2556","5",
"2006","2583","9",
"2006","2584","0",
"2006","2655","8",
"2006","2667","9",
"2006","2748","0",
"2006","2823","6",
"2006","2842","0",
"2006","2912","2",
"2006","3070","2",
"2006","3115","8",
"2006","3217","8",
"2006","3255","8",
"2006","3276","1",
"2006","3288","1",
"2006","3294","1",
"2006","3337","0",
"2006","3344","1",
"2006","3399","0",
"2006","3415","4",
"2006","3434","5",
"2006","3544","2",
"2006","3621","9",
"2006","3729","6",
"2006","3775","2",
"2006","3797","3",
"2006","3899","4",
"2006","3951","6",
"2006","4030","1",
"2006","4041","9",
"2006","4185","2",
"2006","4347","7",
"2006","4396","8",
"2006","4490","6",
"2006","4514","7",
"2006","4568","1",
"2006","4585","1",
"2006","4603","4",
"2006","4643","0",
"2006","4699","3",
"2006","4718","2",
"2006","4766","6",
"2006","4768","1",
"2006","4769","7",
"2006","4783","0",
"2006","4802","8",
"2006","4875","6",
"2006","4979","8",
"2006","5053","0",
"2006","5193","5",
"2006","5209","8",
"2006","5244","6",
"2006","5374","0",
"2006","5495","0",
"2006","5778","5",
"2006","5867","2",
"2006","5892","3",
"2006","5964","5",
"2006","6035","9",
"2006","6041","6",
"2006","6047","2",
"2006","6108","4",
"2006","6112","3",
"2006","6271","0",
"2006","6345","4",
"2006","6435","8",
"2006","6459","0",
"2006","6512","3",
"2006","6517","9",
"2006","6601","6",
"2006","6608","6",
"2006","6627","3",
"2006","6672","0",
"2006","6694","4",
"2006","6767","3",
"2006","6857","8",
"2006","6881","5",
"2006","6937","0",
"2006","6987","6",
"2006","7203","0",
"2006","7224","2",
"2006","7257","5",
"2006","7381","2",
"2006","7412","7",
"2006","7416","6",
"2006","7439","8",
"2006","7440","8",
"2006","7502","3",
"2006","7581","4",
"2006","7738","4",
"2006","7822","9",
"2006","7861","1",
"2006","7953","2",
"2006","7954","9",
"2006","7968","7",
"2006","8001","0",
"2006","8057","1",
"2006","8121","6",
"2006","8160","8",
"2006","8165","1",
"2006","8221","1",
"2006","8226","7",
"2006","8269","6",
"2006","8292","1",
"2006","8437","3",
"2006","8480","8",
"2006","8556","6",
"2006","8602","4",
"2006","8754","9",
"2006","8755","6",
"2006","8823","1",
"2006","8829","6",
"2006","8868","4",
"2006","8943","9",
"2006","8995","9",
"2006","9040","9",
"2006","9091","8",
"2006","9158","8",
"2006","9183","3",
"2006","9221","6",
"2006","9420","7",
"2006","9432","8",
"2006","9442","2",
"2006","9443","0",
"2006","9444","0",
"2006","9497","4",
"2006","9579","5",
"2006","9622","0",
"2006","9628","8",
"2006","9633","8",
"2006","9695","3",
"2006","9844","9",
"2006","9881","1",
"2006","9890","1",
"2006","9949","6",
"2007","48","5",
"2007","112","5",
"2007","208","8",
"2007","215","4",
"2007","304","0",
"2007","321","4",
"2007","411","1",
"2007","474","3",
"2007","517","7",
"2007","558","0",
"2007","630","4",
"2007","667","4",
"2007","827","3",
"2007","852","5",
"2007","870","1",
"2007","899","1",
"2007","940","6",
"2007","1060","6",
"2007","1074","4",
"2007","1314","3",
"2007","1320","2",
"2007","1408","7",
"2007","1468","2",
"2007","1471","5",
"2007","1490","2",
"2007","1533","7",
"2007","1605","0",
"2007","1754","1",
"2007","1773","8",
"2007","1882","9",
"2007","1943","0",
"2007","2042","4",
"2007","2119","2",
"2007","2248","6",
"2007","2272","5",
"2007","2320","9",
"2007","2354","8",
"2007","2361","1",
"2007","2442","9",
"2007","2446","4",
"2007","2449","5",
"2007","2453","3",
"2007","2458","5",
"2007","2499","3",
"2007","2510","0",
"2007","2645","2",
"2007","2734","7",
"2007","2765","1",
"2007","2953","5",
"2007","3053","1",
"2007","3076","8",
"2007","3215","1",
"2007","3342","0",
"2007","3486","5",
"2007","3555","0",
"2007","3685","2",
"2007","3724","0",
"2007","3875","6",
"2007","3943","3",
"2007","4000","0",
"2007","4011","5",
"2007","4128","4",
"2007","4188","8",
"2007","4197","7",
"2007","4254","6",
"2007","4277","4",
"2007","4509","5",
"2007","4599","3",
"2007","4782","1",
"2007","4858","4",
"2007","4918","9",
"2007","5012","1",
"2007","5027","1",
"2007","5076","2",
"2007","5120","4",
"2007","5149","6",
"2007","5207","4",
"2007","5237","9",
"2007","5257","6",
"2007","5397","8",
"2007","5400","8",
"2007","5449","0",
"2007","5510","1",
"2007","5535","5",
"2007","5630","4",
"2007","5652","1",
"2007","5715","0",
"2007","5773","7",
"2007","5885","0",
"2007","5961","0",
"2007","5982","7",
"2007","5990","3",
"2007","6005","0",
"2007","6103","4",
"2007","6130","4",
"2007","6357","0",
"2007","6450","6",
"2007","6518","9",
"2007","6594","8",
"2007","6616","0",
"2007","6625","4",
"2007","6825","1",
"2007","6834","4",
"2007","6849","8",
"2007","6856","4",
"2007","6876","3",
"2007","6902","6",
"2007","6925","7",
"2007","6972","2",
"2007","7017","9",
"2007","7097","6",
"2007","7118","1",
"2007","7207","8",
"2007","7306","5",
"2007","7316","1",
"2007","7430","2",
"2007","7553","2",
"2007","7706","5",
"2007","7711","1",
"2007","7726","8",
"2007","7758","1",
"2007","7769","8",
"2007","7777","1",
"2007","7863","7",
"2007","7918","4",
"2007","7973","8",
"2007","8032","4",
"2007","8187","3",
"2007","8258","6",
"2007","8344","0",
"2007","8379","4",
"2007","8395","4",
"2007","8422","4",
"2007","8461","6",
"2007","8596","4",
"2007","8649","2",
"2007","8668","0",
"2007","8692","9",
"2007","8733","6",
"2007","8783","0",
"2007","8859","4",
"2007","9003","0",
"2007","9008","0",
"2007","9023","0",
"2007","9134","1",
"2007","9149","0",
"2007","9156","1",
"2007","9175","6",
"2007","9208","9",
"2007","9239","1",
"2007","9285","8",
"2007","9334","5",
"2007","9344","1",
"2007","9494","9",
"2007","9570","7",
"2007","9783","2",
"2007","9816","3",
"2007","9859","0",
"2007","9885","4",
"2007","9932","6",
"2008","35","0",
"2008","86","2",
"2008","103","4",
"2008","184","8",
"2008","186","8",
"2008","205","0",
"2008","258","8",
"2008","292","1",
"2008","382","7",
"2008","555","4",
"2008","556","1",
"2008","698","7",
"2008","707","7",
"2008","738","1",
"2008","831","8",
"2008","954","0",
"2008","970","3",
"2008","1105","6",
"2008","1137","0",
"2008","1168","3",
"2008","1208","8",
"2008","1299","5",
"2008","1307","5",
"2008","1391","9",
"2008","1393","5",
"2008","1394","0",
"2008","1531","1",
"2008","1537","1",
"2008","1568","7",
"2008","1748","3",
"2008","1820","2",
"2008","1880","0",
"2008","1886","2",
"2008","1927","6",
"2008","1959","6",
"2008","1978","9",
"2008","1985","4",
"2008","2033","6",
"2008","2101","1",
"2008","2124","3",
"2008","2147","8",
"2008","2163","4",
"2008","2164","3",
"2008","2183","6",
"2008","2206","9",
"2008","2224","0",
"2008","2273","7",
"2008","2329","1",
"2008","2356","6",
"2008","2391","7",
"2008","2413","3",
"2008","2427","8",
"2008","2478","9",
"2008","2540","9",
"2008","2541","9",
"2008","2601","3",
"2008","2623","8",
"2008","2625","2",
"2008","2643","5",
"2008","2683","5",
"2008","2696","9",
"2008","2718","1",
"2008","2724","1",
"2008","2776","8",
"2008","2821","1",
"2008","2851","8",
"2008","2857","7",
"2008","2903","1",
"2008","2923","3",
"2008","2929","6",
"2008","2957","2",
"2008","2974","1",
"2008","3012","8",
"2008","3072","3",
"2008","3088","6",
"2008","3090","8",
"2008","3134","8",
"2008","3147","8",
"2008","3224","6",
"2008","3371","7",
"2008","3455","5",
"2008","3507","6",
"2008","3510","7",
"2008","3589","8",
"2008","3680","2",
"2008","3733","7",
"2008","3791","3",
"2008","3815","2",
"2008","3925","0",
"2008","3931","0",
"2008","3962","1",
"2008","3971","4",
"2008","3977","4",
"2008","4117","6",
"2008","4122","4",
"2008","4191","5",
"2008","4227","4",
"2008","4242","4",
"2008","4260","2",
"2008","4288","3",
"2008","4293","6",
"2008","4309","4",
"2008","4323","7",
"2008","4379","5",
"2008","4428","7",
"2008","4516","2",
"2008","4579","4",
"2008","4620","0",
"2008","4748","5",
"2008","4811","4",
"2008","4978","0",
"2008","4999","2",
"2008","5025","5",
"2008","5093","7",
"2008","5117","4",
"2008","5121","3",
"2008","5294","6",
"2008","5386","0",
"2008","5457","2",
"2008","5538","0",
"2008","5643","1",
"2008","5771","0",
"2008","5817","2",
"2008","5829","4",
"2008","5877","9",
"2008","5883","5",
"2008","5911","0",
"2008","6000","7",
"2008","6024","8",
"2008","6137","7",
"2008","6149","6",
"2008","6171","0",
"2008","6178","4",
"2008","6314","7",
"2008","6336","7",
"2008","6377","4",
"2008","6389","9",
"2008","6475","1",
"2008","6483","8",
"2008","6545","5",
"2008","6642","1",
"2008","6724","2",
"2008","6888","6",
"2008","6985","0",
"2008","6986","5",
"2008","6988","4",
"2008","7010","4",
"2008","7106","5",
"2008","7114","6",
"2008","7282","9",
"2008","7312","1",
"2008","7333","0",
"2008","7341","3",
"2008","7348","2",
"2008","7410","6",
"2008","7434","3",
"2008","7445","2",
"2008","7478","8",
"2008","7526","3",
"2008","7543","8",
"2008","7605","9",
"2008","7679","6",
"2008","7686","5",
"2008","7782","0",
"2008","7839","4",
"2008","7846","3",
"2008","7888","2",
"2008","7931","7",
"2008","7941","2",
"2008","7967","7",
"2008","8166","9",
"2008","8225","1",
"2008","8233","8",
"2008","8265","7",
"2008","8288","9",
"2008","8289","6",
"2008","8328","7",
"2008","8353","2",
"2008","8370","8",
"2008","8460","0",
"2008","8473","6",
"2008","8509","1",
"2008","8512","7",
"2008","8524","7",
"2008","8555","2",
"2008","8629","5",
"2008","8690","7",
"2008","8716","3",
"2008","8736","0",
"2008","8763","1",
"2008","8786","3",
"2008","8840","9",
"2008","8888","8",
"2008","8900","0",
"2008","9030","7",
"2008","9077","6",
"2008","9167","2",
"2008","9234","8",
"2008","9301","9",
"2008","9333","3",
"2008","9374","5",
"2008","9400","0",
"2008","9413","2",
"2008","9474","5",
"2008","9541","6",
"2008","9588","2",
"2008","9617","5",
"2008","9650","1",
"2008","9654","8",
"2008","9663","4",
"2008","9672","0",
"2008","9699","3",
"2008","9943","0",
"2008","9947","9",
"2008","9954","1",
"2009","118","2",
"2009","123","0",
"2009","203","6",
"2009","336","1",
"2009","370","3",
"2009","439","2",
"2009","458","8",
"2009","563","1",
"2009","599","8",
"2009","629","5",
"2009","854","1",
"2009","1091","3",
"2009","1129","0",
"2009","1133","0",
"2009","1214","0",
"2009","1233","7",
"2009","1273","1",
"2009","1317","3",
"2009","1395","3",
"2009","1404","0",
"2009","1502","5",
"2009","1516","4",
"2009","1553","0",
"2009","1564","1",
"2009","1642","0",
"2009","1661","4",
"2009","1663","3",
"2009","1665","9",
"2009","1711","8",
"2009","1717","0",
"2009","1833","1",
"2009","1888","2",
"2009","1892","3",
"2009","1901","2",
"2009","1975","9",
"2009","1977","9",
"2009","2032","2",
"2009","2049","8",
"2009","2058","0",
"2009","2077","2",
"2009","2088","6",
"2009","2090","2",
"2009","2141","5",
"2009","2196","7",
"2009","2237","3",
"2009","2268","3",
"2009","2492","1",
"2009","2512","2",
"2009","2554","1",
"2009","2631","4",
"2009","2728","3",
"2009","2731","4",
"2009","2749","0",
"2009","2760","9",
"2009","2780","1",
"2009","2787","7",
"2009","2805","8",
"2009","2875","5",
"2009","2922","3",
"2009","2960","0",
"2009","3334","4",
"2009","3389","1",
"2009","3403","6",
"2009","3515","2",
"2009","3647","1",
"2009","3718","5",
"2009","3743","9",
"2009","3751","0",
"2009","3782","4",
"2009","3811","0",
"2009","3856","5",
"2009","3941","5",
"2009","4013","9",
"2009","4019","0",
"2009","4060","4",
"2009","4134","0",
"2009","4135","6",
"2009","4160","8",
"2009","4164","0",
"2009","4243","6",
"2009","4279","4",
"2009","4322","7",
"2009","4405","5",
"2009","4468","5",
"2009","4517","3",
"2009","4530","4",
"2009","4736","6",
"2009","4747","8",
"2009","4812","6",
"2009","4848","8",
"2009","5021","4",
"2009","5051","3",
"2009","5448","9",
"2009","5477","6",
"2009","5487","5",
"2009","5517","6",
"2009","5521","9",
"2009","5530","3",
"2009","5542","6",
"2009","5644","9",
"2009","5700","2",
"2009","5846","4",
"2009","5869","7",
"2009","5905","6",
"2009","5914","2",
"2009","6090","1",
"2009","6094","6",
"2009","6154","8",
"2009","6155","0",
"2009","6199","2",
"2009","6216","6",
"2009","6229","8",
"2009","6284","5",
"2009","6308","2",
"2009","6361","3",
"2009","6414","1",
"2009","6486","0",
"2009","6539","4",
"2009","6543","7",
"2009","6559","5",
"2009","6646","6",
"2009","6660","1",
"2009","6843","5",
"2009","6889","0",
"2009","7117","2",
"2009","7119","3",
"2009","7210","7",
"2009","7228","1",
"2009","7242","4",
"2009","7427","6",
"2009","7475","0",
"2009","7482","9",
"2009","7496","7",
"2009","7503","8",
"2009","7574","6",
"2009","7657","9",
"2009","7680","6",
"2009","7816","7",
"2009","7882","8",
"2009","7895","8",
"2009","7908","5",
"2009","7940","2",
"2009","7946","6",
"2009","8019","6",
"2009","8025","0",
"2009","8069","1",
"2009","8072","7",
"2009","8094","5",
"2009","8115","5",
"2009","8118","6",
"2009","8219","3",
"2009","8255","1",
"2009","8261","7",
"2009","8302","1",
"2009","8373","3",
"2009","8432","2",
"2009","8513","2",
"2009","8529","3",
"2009","8586","6",
"2009","8717","4",
"2009","8739","8",
"2009","8814","0",
"2009","8820","9",
"2009","8841","5",
"2009","8885","6",
"2009","8891","0",
"2009","8932","7",
"2009","9081","0",
"2009","9169","6",
"2009","9226","7",
"2009","9311","6",
"2009","9339","4",
"2009","9347","0",
"2009","9393","1",
"2009","9422","6",
"2009","9430","7",
"2009","9549","8",
"2009","9581","6",
"2009","9733","1",
"2009","9734","7",
"2009","9813","6",
"2009","9853","3",
"2009","9899","8",
"2009","9928","6",
"2010","7","6",
"2010","66","2",
"2010","100","8",
"2010","134","0",
"2010","299","5",
"2010","339","2",
"2010","538","6",
"2010","564","7",
"2010","647","8",
"2010","661","7",
"2010","717","6",
"2010","723","3",
"2010","836","7",
"2010","900","5",
"2010","916","4",
"2010","938","3",
"2010","960","9",
"2010","999","4",
"2010","1044","4",
"2010","1142","3",
"2010","1144","8",
"2010","1213","4",
"2010","1245","3",
"2010","1346","5",
"2010","1359","2",
"2010","1432","3",
"2010","1487","1",
"2010","1560","6",
"2010","1645","3",
"2010","1684","7",
"2010","1784","7",
"2010","1857","5",
"2010","2017","8",
"2010","2075","9",
"2010","2155","3",
"2010","2218","0",
"2010","2400","5",
"2010","2409","1",
"2010","2416","7",
"2010","2697","9",
"2010","2853","6",
"2010","2888","4",
"2010","2893","5",
"2010","2962","8",
"2010","2982","5",
"2010","3001","9",
"2010","3006","5",
"2010","3021","9",
"2010","3034","5",
"2010","3049","2",
"2010","3080","0",
"2010","3084","9",
"2010","3118","8",
"2010","3175","7",
"2010","3176","8",
"2010","3300","9",
"2010","3373","7",
"2010","3397","1",
"2010","3462","3",
"2010","3537","5",
"2010","3686","4",
"2010","3711","8",
"2010","3717","8",
"2010","3762","3",
"2010","4267","7",
"2010","4409","7",
"2010","4427","6",
"2010","4434","9",
"2010","4486","5",
"2010","4662","6",
"2010","4676","4",
"2010","4758","8",
"2010","4785","9",
"2010","4924","7",
"2010","4971","8",
"2010","5029","7",
"2010","5072","2",
"2010","5140","5",
"2010","5272","0",
"2010","5304","4",
"2010","5344","6",
"2010","5485","3",
"2010","5488","6",
"2010","5506","4",
"2010","5572","1",
"2010","5667","8",
"2010","5671","4",
"2010","5694","8",
"2010","5952","8",
"2010","6183","4",
"2010","6203","7",
"2010","6277","1",
"2010","6305","6",
"2010","6494","7",
"2010","6565","1",
"2010","6631","9",
"2010","6916","2",
"2010","6941","0",
"2010","6953","1",
"2010","6966","1",
"2010","7018","3",
"2010","7037","1",
"2010","7067","1",
"2010","7109","8",
"2010","7124","2",
"2010","7140","3",
"2010","7144","5",
"2010","7171","4",
"2010","7200","4",
"2010","7269","0",
"2010","7521","8",
"2010","7522","2",
"2010","7562","3",
"2010","7603","2",
"2010","7745","6",
"2010","7817","2",
"2010","7831","7",
"2010","8043","8",
"2010","8178","8",
"2010","8199","8",
"2010","8211","5",
"2010","8217","4",
"2010","8263","8",
"2010","8301","5",
"2010","8392","4",
"2010","8436","1",
"2010","8445","6",
"2010","8564","7",
"2010","8579","4",
"2010","8581","3",
"2010","8589","4",
"2010","8663","7",
"2010","8752","0",
"2010","8774","3",
"2010","8816","9",
"2010","8876","2",
"2010","9119","3",
"2010","9152","9",
"2010","9295","2",
"2010","9397","2",
"2010","9427","3",
"2010","9429","0",
"2010","9441","3",
"2010","9500","3",
"2010","9532","2",
"2010","9558","2",
"2010","9566","5",
"2010","9582","8",
"2010","9664","3",
"2010","9684","4",
"2010","9803","3",
"2010","9891","0",
"2010","9942","0",
"2011","9","3",
"2011","74","7",
"2011","136","2",
"2011","161","8",
"2011","168","0",
"2011","179","1",
"2011","189","8",
"2011","234","3",
"2011","239","6",
"2011","248","1",
"2011","287","7",
"2011","327","4",
"2011","346","4",
"2011","390","2",
"2011","393","9",
"2011","394","5",
"2011","409","0",
"2011","481","5",
"2011","585","9",
"2011","598","0",
"2011","635","4",
"2011","642","2",
"2011","754","7",
"2011","763","4",
"2011","803","6",
"2011","837","6",
"2011","845","9",
"2011","906","2",
"2011","985","7",
"2011","1022","8",
"2011","1033","9",
"2011","1051","7",
"2011","1078","2",
"2011","1087","2",
"2011","1088","4",
"2011","1092","8",
"2011","1191","5",
"2011","1202","0",
"2011","1295","1",
"2011","1322","8",
"2011","1371","8",
"2011","1406","7",
"2011","1440","3",
"2011","1450","5",
"2011","1474","2",
"2011","1488","8",
"2011","1498","6",
"2011","1547","1",
"2011","1555","3",
"2011","1592","4",
"2011","1694","8",
"2011","1712","2",
"2011","1729","3",
"2011","1768","7",
"2011","1795","0",
"2011","1935","3",
"2011","1992","7",
"2011","1999","8",
"2011","2013","5",
"2011","2031","5",
"2011","2099","3",
"2011","2169","8",
"2011","2170","1",
"2011","2203","5",
"2011","2325","8",
"2011","2344","1",
"2011","2489","8",
"2011","2529","0",
"2011","2570","5",
"2011","2574","9",
"2011","2628","7",
"2011","2817","6",
"2011","2833","5",
"2011","2931","5",
"2011","2971","9",
"2011","3016","6",
"2011","3083","0",
"2011","3103","3",
"2011","3128","2",
"2011","3140","7",
"2011","3151","1",
"2011","3236","4",
"2011","3322","4",
"2011","3361","1",
"2011","3545","9",
"2011","3582","0",
"2011","3624","2",
"2011","3708","2",
"2011","3963","0",
"2011","3970","3",
"2011","3994","1",
"2011","4071","8",
"2011","4177","0",
"2011","4215","4",
"2011","4325","5",
"2011","4377","8",
"2011","4406","8",
"2011","4420","4",
"2011","4666","5",
"2011","4687","3",
"2011","4694","9",
"2011","4743","8",
"2011","4756","6",
"2011","4936","1",
"2011","4947","9",
"2011","4964","3",
"2011","5036","1",
"2011","5048","0",
"2011","5066","7",
"2011","5078","3",
"2011","5114","7",
"2011","5232","7",
"2011","5239","6",
"2011","5248","2",
"2011","5253","5",
"2011","5421","2",
"2011","5483","7",
"2011","5592","6",
"2011","5633","1",
"2011","5648","0",
"2011","5759","3",
"2011","5818","1",
"2011","5834","7",
"2011","5836","8",
"2011","5884","6",
"2011","5887","9",
"2011","5910","6",
"2011","5913","1",
"2011","5936","3",
"2011","5953","7",
"2011","5983","7",
"2011","6109","2",
"2011","6120","7",
"2011","6140","0",
"2011","6148","1",
"2011","6169","2",
"2011","6177","5",
"2011","6292","7",
"2011","6337","0",
"2011","6401","1",
"2011","6407","7",
"2011","6416","5",
"2011","6507","5",
"2011","6549","4",
"2011","6561","5",
"2011","6671","4",
"2011","6796","2",
"2011","6863","9",
"2011","6870","0",
"2011","6939","3",
"2011","6975","1",
"2011","6999","3",
"2011","7023","3",
"2011","7032","4",
"2011","7057","5",
"2011","7122","3",
"2011","7152","7",
"2011","7240","5",
"2011","7243","8",
"2011","7380","3",
"2011","7495","9",
"2011","7497","6",
"2011","7537","5",
"2011","7551","6",
"2011","7569","9",
"2011","7637","6",
"2011","7675","0",
"2011","7705","2",
"2011","7764","6",
"2011","7840","2",
"2011","7864","7",
"2011","7881","2",
"2011","7948","7",
"2011","7996","3",
"2011","8022","5",
"2011","8113","7",
"2011","8159","0",
"2011","8175","5",
"2011","8200","7",
"2011","8223","4",
"2011","8500","7",
"2011","8528","4",
"2011","8541","2",
"2011","8573","0",
"2011","8590","0",
"2011","8687","8",
"2011","8728","1",
"2011","8894","7",
"2011","8927","8",
"2011","9033","4",
"2011","9131","9",
"2011","9243","0",
"2011","9260","7",
"2011","9351","7",
"2011","9404","4",
"2011","9435","8",
"2011","9503","8",
"2011","9615","7",
"2011","9640","3",
"2011","9655","0",
"2011","9729","7",
"2011","9846","1",
"2011","9882","2",
"2011","9913","2",
"2011","9925","4",
"2012","47","9",
"2012","80","2",
"2012","121","7",
"2012","151","5",
"2012","158","3",
"2012","280","6",
"2012","328","8",
"2012","330","2",
"2012","341","9",
"2012","534","0",
"2012","616","4",
"2012","659","3",
"2012","691","7",
"2012","783","6",
"2012","882","9",
"2012","1012","7",
"2012","1100","5",
"2012","1158","8",
"2012","1244","0",
"2012","1248","8",
"2012","1257","9",
"2012","1385","3",
"2012","1430","8",
"2012","1454","1",
"2012","1464","0",
"2012","1582","3",
"2012","1606","2",
"2012","1889","4",
"2012","1899","7",
"2012","1987","5",
"2012","2094","7",
"2012","2097","2",
"2012","2145","8",
"2012","2151","2",
"2012","2283","7",
"2012","2357","8",
"2012","2408","7",
"2012","2580","2",
"2012","2585","9",
"2012","2587","9",
"2012","2610","3",
"2012","2699","7",
"2012","2739","2",
"2012","2808","3",
"2012","2825","5",
"2012","2871","4",
"2012","2874","0",
"2012","2897","3",
"2012","2954","9",
"2012","3028","5",
"2012","3081","1",
"2012","3097","0",
"2012","3187","4",
"2012","3230","0",
"2012","3273","9",
"2012","3290","7",
"2012","3314","3",
"2012","3440","0",
"2012","3444","4",
"2012","3445","9",
"2012","3496","5",
"2012","3525","4",
"2012","3535","3",
"2012","3562","4",
"2012","3600","5",
"2012","3615","7",
"2012","3642","4",
"2012","3720","6",
"2012","3778","9",
"2012","3840","9",
"2012","3895","5",
"2012","3917","0",
"2012","3937","0",
"2012","3948","4",
"2012","3955","5",
"2012","3997","2",
"2012","4179","8",
"2012","4244","5",
"2012","4297","1",
"2012","4378","2",
"2012","4414","8",
"2012","4476","7",
"2012","4606","7",
"2012","4693","8",
"2012","4744","9",
"2012","4755","6",
"2012","4927","4",
"2012","4949","6",
"2012","4984","5",
"2012","5130","7",
"2012","5154","5",
"2012","5188","9",
"2012","5260","0",
"2012","5295","9",
"2012","5313","2",
"2012","5314","2",
"2012","5433","5",
"2012","5492","5",
"2012","5693","6",
"2012","5704","2",
"2012","5724","0",
"2012","5743","1",
"2012","5748","6",
"2012","5788","9",
"2012","5890","1",
"2012","5918","1",
"2012","5959","3",
"2012","5975","7",
"2012","6022","2",
"2012","6062","2",
"2012","6085","8",
"2012","6092","1",
"2012","6136","1",
"2012","6152","0",
"2012","6162","3",
"2012","6315","0",
"2012","6319","9",
"2012","6427","5",
"2012","6534","8",
"2012","6546","5",
"2012","6548","8",
"2012","6635","3",
"2012","6882","4",
"2012","6900","0",
"2012","6948","4",
"2012","6982","3",
"2012","7016","6",
"2012","7121","3",
"2012","7185","8",
"2012","7223","6",
"2012","7287","5",
"2012","7301","1",
"2012","7331","3",
"2012","7390","3",
"2012","7420","9",
"2012","7476","6",
"2012","7486","0",
"2012","7709","6",
"2012","7768","1",
"2012","7800","7",
"2012","7804","1",
"2012","7823","8",
"2012","7879","8",
"2012","7903","8",
"2012","7929","9",
"2012","7969","4",
"2012","7979","2",
"2012","7984","6",
"2012","8018","0",
"2012","8024","0",
"2012","8154","3",
"2012","8157","2",
"2012","8327","6",
"2012","8348","9",
"2012","8421","2",
"2012","8463","0",
"2012","8471","3",
"2012","8475","9",
"2012","8508","2",
"2012","8627","8",
"2012","8694","9",
"2012","8784","5",
"2012","8861","0",
"2012","8887","9",
"2012","8939","3",
"2012","8955","7",
"2012","9022","4",
"2012","9029","9",
"2012","9096","4",
"2012","9098","1",
"2012","9107","0",
"2012","9323","4",
"2012","9385","2",
"2012","9417","5",
"2012","9436","4",
"2012","9462","2",
"2012","9472","5",
"2012","9505","7",
"2012","9512","1",
"2012","9516","0",
"2012","9610","9",
"2012","9624","4",
"2012","9714","0",
"2012","9835","1",
"2012","9909","3",
"2013","41","9",
"2013","235","4",
"2013","533","4",
"2013","572","4",
"2013","589","1",
"2013","594","3",
"2013","618","4",
"2013","638","0",
"2013","710","8",
"2013","715","7",
"2013","923","4",
"2013","944","3",
"2013","1009","7",
"2013","1043","0",
"2013","1054","5",
"2013","1111","0",
"2013","1156","3",
"2013","1188","3",
"2013","1221","4",
"2013","1232","4",
"2013","1234","6",
"2013","1246","7",
"2013","1259","5",
"2013","1268","1",
"2013","1326","7",
"2013","1338","7",
"2013","1370","4",
"2013","1392","3",
"2013","1448","1",
"2013","1507","9",
"2013","1589","5",
"2013","1631","1",
"2013","1680","6",
"2013","1681","7",
"2013","1725","3",
"2013","1766","2",
"2013","1941","4",
"2013","1962","3",
"2013","1964","0",
"2013","2012","4",
"2013","2037","4",
"2013","2153","1",
"2013","2156","4",
"2013","2187","6",
"2013","2363","1",
"2013","2460","3",
"2013","2503","5",
"2013","2514","4",
"2013","2532","4",
"2013","2592","6",
"2013","2619","2",
"2013","2621","3",
"2013","2664","0",
"2013","2671","8",
"2013","2694","4",
"2013","2729","3",
"2013","2759","6",
"2013","2801","4",
"2013","2803","8",
"2013","2846","4",
"2013","2880","1",
"2013","2941","3",
"2013","2980","4",
"2013","2985","0",
"2013","3320","5",
"2013","3368","5",
"2013","3398","6",
"2013","3460","8",
"2013","3614","0",
"2013","3644","2",
"2013","3652","2",
"2013","3745","6",
"2013","3799","2",
"2013","3835","1",
"2013","3859","5",
"2013","3872","8",
"2013","3913","4",
"2013","3954","7",
"2013","3973","3",
"2013","3981","7",
"2013","4097","0",
"2013","4155","6",
"2013","4165","1",
"2013","4271","0",
"2013","4275","2",
"2013","4374","8",
"2013","4422","0",
"2013","4446","8",
"2013","4611","6",
"2013","4622","2",
"2013","4627","9",
"2013","4682","2",
"2013","4702","4",
"2013","4723","6",
"2013","4775","6",
"2013","4830","1",
"2013","4838","3",
"2013","4845","9",
"2013","4960","7",
"2013","4997","1",
"2013","5016","9",
"2013","5035","4",
"2013","5138","3",
"2013","5160","2",
"2013","5183","5",
"2013","5293","8",
"2013","5334","4",
"2013","5405","0",
"2013","5409","0",
"2013","5468","4",
"2013","5565","4",
"2013","5569","1",
"2013","5629","7",
"2013","5646","1",
"2013","5657","9",
"2013","5688","2",
"2013","5689","6",
"2013","5745","2",
"2013","5800","1",
"2013","5806","6",
"2013","5823","7",
"2013","5880","3",
"2013","5909","6",
"2013","5912","4",
"2013","5935","5",
"2013","6043","3",
"2013","6175","0",
"2013","6182","4",
"2013","6257","8",
"2013","6320","2",
"2013","6497","4",
"2013","6532","2",
"2013","6599","3",
"2013","6649","6",
"2013","6667","1",
"2013","6708","7",
"2013","6743","5",
"2013","6817","2",
"2013","6885","5",
"2013","6911","1",
"2013","6946","5",
"2013","7005","2",
"2013","7290","3",
"2013","7343","9",
"2013","7433","1",
"2013","7641","8",
"2013","7674","6",
"2013","7707","0",
"2013","7728","4",
"2013","7786","4",
"2013","7802","2",
"2013","7848","0",
"2013","7915","0",
"2013","8021","3",
"2013","8035","7",
"2013","8068","9",
"2013","8070","0",
"2013","8082","0",
"2013","8089","5",
"2013","8129","5",
"2013","8141","4",
"2013","8320","3",
"2013","8382","9",
"2013","8487","4",
"2013","8553","2",
"2013","8696","4",
"2013","8848","7",
"2013","8884","4",
"2013","8920","4",
"2013","8921","3",
"2013","8945","4",
"2013","9017","5",
"2013","9094","3",
"2013","9172","9",
"2013","9182","1",
"2013","9192","4",
"2013","9215","0",
"2013","9262","4",
"2013","9513","4",
"2013","9520","4",
"2013","9521","1",
"2013","9578","4",
"2013","9606","3",
"2013","9644","7",
"2013","9682","3",
"2013","9764","9",
"2013","9898","9",
"2013","9994","5",
"2014","2","5",
"2014","140","0",
"2014","224","1",
"2014","225","3",
"2014","295","4",
"2014","318","2",
"2014","384","4",
"2014","547","3",
"2014","693","2",
"2014","726","6",
"2014","740","2",
"2014","760","4",
"2014","798","0",
"2014","859","1",
"2014","928","0",
"2014","958","1",
"2014","975","1",
"2014","979","4",
"2014","1035","5",
"2014","1052","7",
"2014","1076","2",
"2014","1251","4",
"2014","1289","6",
"2014","1399","2",
"2014","1439","5",
"2014","1497","0",
"2014","1823","2",
"2014","2001","9",
"2014","2022","4",
"2014","2133","0",
"2014","2138","8",
"2014","2185","3",
"2014","2246","3",
"2014","2271","5",
"2014","2327","5",
"2014","2352","1",
"2014","2411","4",
"2014","2417","6",
"2014","2426","1",
"2014","2428","8",
"2014","2464","4",
"2014","2488","9",
"2014","2498","0",
"2014","2509","0",
"2014","2543","8",
"2014","2562","4",
"2014","2596","0",
"2014","2710","6",
"2014","2723","7",
"2014","2745","8",
"2014","2811","6",
"2014","2814","8",
"2014","2844","9",
"2014","2910","2",
"2014","3037","7",
"2014","3136","0",
"2014","3318","3",
"2014","3343","7",
"2014","3370","8",
"2014","3421","9",
"2014","3454","5",
"2014","3461","7",
"2014","3490","7",
"2014","3491","4",
"2014","3501","2",
"2014","3639","5",
"2014","3688","5",
"2014","3698","9",
"2014","3704","3",
"2014","3898","4",
"2014","3936","1",
"2014","3949","5",
"2014","3961","3",
"2014","4003","1",
"2014","4081","0",
"2014","4092","1",
"2014","4109","9",
"2014","4119","7",
"2014","4229","9",
"2014","4344","6",
"2014","4410","7",
"2014","4429","4",
"2014","4453","2",
"2014","4539","4",
"2014","4558","2",
"2014","4562","0",
"2014","4563","7",
"2014","4571","1",
"2014","4593","2",
"2014","4619","2",
"2014","4664","4",
"2014","4870","7",
"2014","4879","9",
"2014","4897","8",
"2014","4928","3",
"2014","4970","2",
"2014","5042","8",
"2014","5055","9",
"2014","5142","3",
"2014","5157","1",
"2014","5222","7",
"2014","5241","3",
"2014","5373","0",
"2014","5422","6",
"2014","5489","6",
"2014","5523","5",
"2014","5625","9",
"2014","5655","7",
"2014","5675","3",
"2014","5702","6",
"2014","5725","0",
"2014","5783","6",
"2014","5851","0",
"2014","5870","0",
"2014","5875","7",
"2014","5943","2",
"2014","5944","5",
"2014","5960","2",
"2014","5988","9",
"2014","5996","4",
"2014","6053","7",
"2014","6184","2",
"2014","6202","3",
"2014","6233","4",
"2014","6310","0",
"2014","6318","5",
"2014","6395","5",
"2014","6510","3",
"2014","6696","0",
"2014","6698","7",
"2014","6802","1",
"2014","6865","5",
"2014","6983","2",
"2014","7008","5",
"2014","7030","3",
"2014","7056","4",
"2014","7145","1",
"2014","7158","6",
"2014","7199","3",
"2014","7264","8",
"2014","7311","0",
"2014","7385","5",
"2014","7419","2",
"2014","7498","4",
"2014","7548","8",
"2014","7549","3",
"2014","7608","6",
"2014","7615","3",
"2014","7748","5",
"2014","7765","6",
"2014","7913","8",
"2014","7919","8",
"2014","8073","9",
"2014","8109","0",
"2014","8142","4",
"2014","8273","3",
"2014","8314","2",
"2014","8383","9",
"2014","8394","2",
"2014","8444","0",
"2014","8466","1",
"2014","8496","2",
"2014","8510","3",
"2014","8593","0",
"2014","8610","4",
"2014","8617","0",
"2014","8622","2",
"2014","8665","8",
"2014","8679","7",
"2014","8683","3",
"2014","8685","4",
"2014","8734","5",
"2014","8743","1",
"2014","8753","1",
"2014","8893","5",
"2014","8999","7",
"2014","9037","9",
"2014","9087","7",
"2014","9138","8",
"2014","9190","7",
"2014","9230","7",
"2014","9270","1",
"2014","9304","0",
"2014","9306","3",
"2014","9326","0",
"2014","9394","1",
"2014","9412","5",
"2014","9476","8",
"2014","9478","0",
"2014","9594","3",
"2014","9616","6",
"2014","9715","9",
"2014","9749","1",
"2014","9792","2",
"2014","9860","0",
"2014","9960","5",
"2015","70","3",
"2015","87","3",
"2015","180","5",
"2015","214","5",
"2015","267","8",
"2015","425","1",
"2015","494","4",
"2015","604","3",
"2015","619","7",
"2015","733","5",
"2015","746","4",
"2015","768","9",
"2015","794","0",
"2015","795","6",
"2015","818","8",
"2015","861","8",
"2015","862","1",
"2015","961","6",
"2015","1066","7",
"2015","1086","1",
"2015","1107","7",
"2015","1170","6",
"2015","1217","5",
"2015","1324","5",
"2015","1332","2",
"2015","1353","1",
"2015","1386","6",
"2015","1411","6",
"2015","1423","6",
"2015","1437","8",
"2015","1446","7",
"2015","1615","2",
"2015","1671","6",
"2015","1770","0",
"2015","1829","7",
"2015","1835","3",
"2015","1968","1",
"2015","2284","7",
"2015","2314","3",
"2015","2339","6",
"2015","2346","5",
"2015","2362","0",
"2015","2381","1",
"2015","2520","2",
"2015","2603","7",
"2015","2763","7",
"2015","2773","0",
"2015","2863","2",
"2015","2977","7",
"2015","3057","4",
"2015","3069","2",
"2015","3241","4",
"2015","3317","2",
"2015","3327","1",
"2015","3347","6",
"2015","3364","1",
"2015","3378","8",
"2015","3405","8",
"2015","3553","8",
"2015","3765","4",
"2015","3774","3",
"2015","3812","4",
"2015","3953","8",
"2015","4044","0",
"2015","4053","9",
"2015","4113","1",
"2015","4402","8",
"2015","4477","9",
"2015","4520","2",
"2015","4610","7",
"2015","4673","6",
"2015","4681","9",
"2015","4684","7",
"2015","4706","8",
"2015","4715","3",
"2015","4732","7",
"2015","4752","3",
"2015","4833","2",
"2015","4843","0",
"2015","4926","2",
"2015","4983","8",
"2015","5009","8",
"2015","5041","1",
"2015","5080","7",
"2015","5091","3",
"2015","5105","6",
"2015","5159","2",
"2015","5203","6",
"2015","5280","2",
"2015","5291","3",
"2015","5321","3",
"2015","5331","2",
"2015","5357","4",
"2015","5398","8",
"2015","5416","7",
"2015","5436","6",
"2015","5499","8",
"2015","5566","0",
"2015","5587","6",
"2015","5640","2",
"2015","5651","6",
"2015","5660","0",
"2015","5774","1",
"2015","5820","8",
"2015","5858","7",
"2015","5863","4",
"2015","5899","1",
"2015","5955","6",
"2015","5999","9",
"2015","6050","3",
"2015","6055","4",
"2015","6223","7",
"2015","6285","4",
"2015","6346","1",
"2015","6348","8",
"2015","6367","5",
"2015","6405","0",
"2015","6429","8",
"2015","6662","4",
"2015","6664","9",
"2015","6677","7",
"2015","7031","2",
"2015","7135","3",
"2015","7183","3",
"2015","7194","6",
"2015","7212","1",
"2015","7216","2",
"2015","7328","8",
"2015","7541","6",
"2015","7724","7",
"2015","7781","1",
"2015","7809","8",
"2015","7819","6",
"2015","7904","2",
"2015","8048","6",
"2015","8095","6",
"2015","8099","5",
"2015","8424","5",
"2015","8491","2",
"2015","8542","8",
"2015","8621","8",
"2015","8664","6",
"2015","8684","0",
"2015","8695","3",
"2015","8705","2",
"2015","8719","5",
"2015","8738","7",
"2015","8741","6",
"2015","8834","6",
"2015","9072","5",
"2015","9140","5",
"2015","9186","7",
"2015","9203","9",
"2015","9207","7",
"2015","9209","7",
"2015","9265","7",
"2015","9392","9",
"2015","9401","3",
"2015","9493","1",
"2015","9522","9",
"2015","9528","9",
"2015","9533","4",
"2015","9601","2",
"2015","9653","8",
"2015","9669","4",
"2015","9746","3",
"2015","9804","2",
"2015","9820","9",
"2015","9927","4",
"2016","90","8",
"2016","106","3",
"2016","129","7",
"2016","160","2",
"2016","175","6",
"2016","373","5",
"2016","408","6",
"2016","466","9",
"2016","493","1",
"2016","622","9",
"2016","643","4",
"2016","694","7",
"2016","757","0",
"2016","761","2",
"2016","808","6",
"2016","842","7",
"2016","865","6",
"2016","888","8",
"2016","921","1",
"2016","959","5",
"2016","1005","4",
"2016","1010","7",
"2016","1073","9",
"2016","1130","6",
"2016","1167","6",
"2016","1199","8",
"2016","1212","7",
"2016","1272","9",
"2016","1337","3",
"2016","1459","1",
"2016","1466","3",
"2016","1485","1",
"2016","1505","9",
"2016","1536","2",
"2016","1623","4",
"2016","1714","9",
"2016","1732","2",
"2016","1733","2",
"2016","1976","1",
"2016","1980","1",
"2016","2136","0",
"2016","2182","3",
"2016","2308","6",
"2016","2323","2",
"2016","2490","4",
"2016","2522","8",
"2016","2573","1",
"2016","2662","8",
"2016","2722","3",
"2016","2725","4",
"2016","2730","1",
"2016","2822","9",
"2016","3015","4",
"2016","3040","3",
"2016","3052","6",
"2016","3096","6",
"2016","3165","2",
"2016","3244","7",
"2016","3338","7",
"2016","3424","4",
"2016","3427","1",
"2016","3447","0",
"2016","3465","8",
"2016","3523","8",
"2016","3603","5",
"2016","3607","4",
"2016","3623","0",
"2016","3699","3",
"2016","3730","3",
"2016","3731","0",
"2016","3740","3",
"2016","3741","7",
"2016","3783","2",
"2016","3829","4",
"2016","3882","2",
"2016","4082","4",
"2016","4233","3",
"2016","4283","0",
"2016","4448","0",
"2016","4474","1",
"2016","4534","4",
"2016","4600","8",
"2016","4658","2",
"2016","4700","8",
"2016","4735","4",
"2016","4827","9",
"2016","5087","4",
"2016","5166","2",
"2016","5211","5",
"2016","5258","5",
"2016","5269","1",
"2016","5288","4",
"2016","5335","6",
"2016","5390","2",
"2016","5534","7",
"2016","5596","6",
"2016","5635","8",
"2016","5662","9",
"2016","5670","4",
"2016","5720","2",
"2016","5799","5",
"2016","5802","4",
"2016","5838","6",
"2016","6044","5",
"2016","6232","5",
"2016","6241","5",
"2016","6324","8",
"2016","6347","8",
"2016","6383","8",
"2016","6385","9",
"2016","6399","2",
"2016","6428","6",
"2016","6457","7",
"2016","6462","1",
"2016","6493","8",
"2016","6524","8",
"2016","6571","4",
"2016","6666","8",
"2016","6691","1",
"2016","6693","3",
"2016","6774","6",
"2016","6784","0",
"2016","6871","6",
"2016","6901","5",
"2016","6914","6",
"2016","6933","1",
"2016","6951","2",
"2016","6965","6",
"2016","7052","7",
"2016","7088","3",
"2016","7130","0",
"2016","7137","7",
"2016","7141","7",
"2016","7146","0",
"2016","7279","3",
"2016","7329","0",
"2016","7378","2",
"2016","7470","7",
"2016","7494","4",
"2016","7559","6",
"2016","7655","6",
"2016","7690","8",
"2016","8011","2",
"2016","8016","6",
"2016","8023","9",
"2016","8090","9",
"2016","8216","2",
"2016","8308","1",
"2016","8331","0",
"2016","8398","7",
"2016","8474","8",
"2016","8677","4",
"2016","8826","6",
"2016","8872","6",
"2016","8879","3",
"2016","8989","9",
"2016","9005","8",
"2016","9014","9",
"2016","9061","7",
"2016","9083","5",
"2016","9088","5",
"2016","9104","8",
"2016","9130","6",
"2016","9155","6",
"2016","9173","6",
"2016","9274","8",
"2016","9321","1",
"2016","9370","4",
"2016","9467","9",
"2016","9560","1",
"2016","9623","7",
"2016","9697","2",
"2016","9745","5",
"2016","9834","3",
"2016","9869","2",
"2016","9964","2",
"2017","56","6",
"2017","192","5",
"2017","236","3",
"2017","263","3",
"2017","446","7",
"2017","472","6",
"2017","575","4",
"2017","624","9",
"2017","714","3",
"2017","807","0",
"2017","897","0",
"2017","966","7",
"2017","1070","2",
"2017","1115","2",
"2017","1183","8",
"2017","1260","8",
"2017","1287","7",
"2017","1355","2",
"2017","1383","7",
"2017","1402","2",
"2017","1434","0",
"2017","1445","3",
"2017","1699","9",
"2017","1761","7",
"2017","1786","6",
"2017","1819","8",
"2017","1896","2",
"2017","1969","6",
"2017","1986","7",
"2017","2060","6",
"2017","2168","5",
"2017","2197","5",
"2017","2234","7",
"2017","2351","9",
"2017","2392","4",
"2017","2405","5",
"2017","2429","9",
"2017","2518","4",
"2017","2669","1",
"2017","2675","3",
"2017","2678","7",
"2017","2707","8",
"2017","2708","0",
"2017","2789","9",
"2017","2926","6",
"2017","2979","2",
"2017","2987","1",
"2017","3011","3",
"2017","3035","7",
"2017","3036","4",
"2017","3062","3",
"2017","3156","4",
"2017","3225","0",
"2017","3274","2",
"2017","3369","2",
"2017","3395","4",
"2017","3476","2",
"2017","3539","7",
"2017","3556","1",
"2017","3572","8",
"2017","3592","5",
"2017","3604","1",
"2017","3712","4",
"2017","3727","9",
"2017","3821","3",
"2017","3828","5",
"2017","3830","4",
"2017","3897","7",
"2017","3996","9",
"2017","4063","0",
"2017","4093","3",
"2017","4110","3",
"2017","4170","0",
"2017","4201","1",
"2017","4286","2",
"2017","4302","1",
"2017","4324","1",
"2017","4400","3",
"2017","4494","9",
"2017","4751","9",
"2017","4817","2",
"2017","4818","6",
"2017","4993","4",
"2017","5096","2",
"2017","5101","5",
"2017","5150","6",
"2017","5277","6",
"2017","5318","4",
"2017","5380","7",
"2017","5428","6",
"2017","5533","4",
"2017","5556","1",
"2017","5683","2",
"2017","5703","3",
"2017","5714","9",
"2017","5730","4",
"2017","5752","5",
"2017","5808","2",
"2017","5966","5",
"2017","5987","4",
"2017","6081","3",
"2017","6157","9",
"2017","6225","3",
"2017","6252","5",
"2017","6316","9",
"2017","6335","3",
"2017","6453","9",
"2017","6477","4",
"2017","6516","6",
"2017","6638","2",
"2017","6687","1",
"2017","6720","4",
"2017","6793","9",
"2017","6803","8",
"2017","6905","5",
"2017","6968","3",
"2017","7027","8",
"2017","7070","1",
"2017","7105","2",
"2017","7190","4",
"2017","7215","8",
"2017","7297","6",
"2017","7365","0",
"2017","7384","9",
"2017","7436","0",
"2017","7462","7",
"2017","7511","1",
"2017","7563","2",
"2017","7838","8",
"2017","7995","0",
"2017","8028","5",
"2017","8079","1",
"2017","8105","5",
"2017","8136","4",
"2017","8305","9",
"2017","8316","1",
"2017","8361","8",
"2017","8369","4",
"2017","8374","1",
"2017","8418","4",
"2017","8433","1",
"2017","8550","7",
"2017","8669","6",
"2017","8748","4",
"2017","8776","7",
"2017","8810","3",
"2017","8838","3",
"2017","8866","5",
"2017","8899","3",
"2017","8913","6",
"2017","8938","0",
"2017","8949","6",
"2017","8997","2",
"2017","9141","8",
"2017","9151","7",
"2017","9162","1",
"2017","9206","6",
"2017","9229","8",
"2017","9240","3",
"2017","9341","5",
"2017","9389","7",
"2017","9455","6",
"2017","9479","5",
"2017","9506","9",
"2017","9517","8",
"2017","9597","1",
"2017","9612","5",
"2017","9636","3",
"2017","9786","1",
"2017","9806","2",
"2017","9864","0",
"2017","9868","4",
"2017","9939","6",
"2017","9962","7",
"2017","9982","4",
"2017","9996","4",
"2018","28","1",
"2018","77","6",
"2018","107","5",
"2018","117","0",
"2018","269","3",
"2018","423","5",
"2018","477","1",
"2018","611","1",
"2018","656","2",
"2018","755","9",
"2018","853","8",
"2018","868","2",
"2018","934","4",
"2018","1064","9",
"2018","1104","9",
"2018","1114","4",
"2018","1211","7",
"2018","1235","8",
"2018","1242","5",
"2018","1262","7",
"2018","1457","5",
"2018","1484","6",
"2018","1522","5",
"2018","1546","4",
"2018","1643","2",
"2018","1731","7",
"2018","1758","1",
"2018","1799","2",
"2018","1800","1",
"2018","1839","7",
"2018","1844","0",
"2018","1848","7",
"2018","1887","2",
"2018","2016","1",
"2018","2030","2",
"2018","2080","7",
"2018","2157","3",
"2018","2213","0",
"2018","2217","4",
"2018","2250","0",
"2018","2288","7",
"2018","2365","1",
"2018","2367","0",
"2018","2371","2",
"2018","2537","7",
"2018","2629","3",
"2018","2657","8",
"2018","2721","0",
"2018","2735","3",
"2018","2756","9",
"2018","2775","8",
"2018","2908","4",
"2018","2909","4",
"2018","2969","0",
"2018","3022","7",
"2018","3135","2",
"2018","3191","3",
"2018","3199","4",
"2018","3221","1",
"2018","3262","7",
"2018","3279","5",
"2018","3295","9",
"2018","3299","0",
"2018","3304","7",
"2018","3481","0",
"2018","3578","0",
"2018","3757","2",
"2018","3831","5",
"2018","3869","1",
"2018","4078","3",
"2018","4102","5",
"2018","4138","6",
"2018","4342","8",
"2018","4418","0",
"2018","4488","6",
"2018","4535","8",
"2018","4601","0",
"2018","4646","1",
"2018","4652","3",
"2018","4655","0",
"2018","4665","9",
"2018","4746","3",
"2018","4791","9",
"2018","4876","3",
"2018","4959","3",
"2018","4985","6",
"2018","5020","4",
"2018","5168","0",
"2018","5234","7",
"2018","5309","3",
"2018","5336","9",
"2018","5368","8",
"2018","5404","7",
"2018","5406","6",
"2018","5432","4",
"2018","5508","1",
"2018","5588","7",
"2018","5590","2",
"2018","5767","5",
"2018","5847","0",
"2018","5901","3",
"2018","5970","1",
"2018","5995","0",
"2018","6045","9",
"2018","6061","6",
"2018","6153","3",
"2018","6168","2",
"2018","6174","0",
"2018","6192","9",
"2018","6350","1",
"2018","6404","5",
"2018","6484","1",
"2018","6489","9",
"2018","6501","8",
"2018","6572","0",
"2018","6575","6",
"2018","6595","7",
"2018","6620","8",
"2018","6772","7",
"2018","6827","1",
"2018","6864","4",
"2018","6874","4",
"2018","6908","2",
"2018","7086","4",
"2018","7295","7",
"2018","7364","1",
"2018","7399","0",
"2018","7524","7",
"2018","7654","3",
"2018","7682","9",
"2018","7746","4",
"2018","7754","8",
"2018","7766","6",
"2018","7775","8",
"2018","7803","6",
"2018","7806","1",
"2018","7814","1",
"2018","7867","6",
"2018","7920","9",
"2018","7934","3",
"2018","7942","1",
"2018","7944","0",
"2018","7985","2",
"2018","7999","8",
"2018","8006","9",
"2018","8045","6",
"2018","8224","2",
"2018","8243","6",
"2018","8252","9",
"2018","8256","3",
"2018","8293","1",
"2018","8311","8",
"2018","8365","7",
"2018","8458","5",
"2018","8477","4",
"2018","8493","6",
"2018","8536","1",
"2018","8592","7",
"2018","8623","7",
"2018","8655","5",
"2018","8701","9",
"2018","8706","4",
"2018","8919","8",
"2018","8933","6",
"2018","8964","8",
"2018","8980","1",
"2018","8982","0",
"2018","8993","6",
"2018","9011","5",
"2018","9015","9",
"2018","9160","0",
"2018","9216","8",
"2018","9224","1",
"2018","9331","3",
"2018","9368","4",
"2018","9373","2",
"2018","9381","5",
"2018","9543","3",
"2018","9569","7",
"2018","9575","0",
"2018","9642","3",
"2018","9704","8",
"2018","9873","2",
"2018","9945","4",
"2018","9983","5",
"2019","10","6",
"2019","36","3",
"2019","101","9",
"2019","302","6",
"2019","317","8",
"2019","455","5",
"2019","631","7",
"2019","689","9",
"2019","690","9",
"2019","720","7",
"2019","777","3",
"2019","788","6",
"2019","800","9",
"2019","813","8",
"2019","950","8",
"2019","1002","3",
"2019","1084","3",
"2019","1286","8",
"2019","1305","3",
"2019","1444","3",
"2019","1481","1",
"2019","1500","2",
"2019","1545","4",
"2019","1565","7",
"2019","1574","7",
"2019","1792","9",
"2019","1812","7",
"2019","1815","0",
"2019","1917","2",
"2019","1940","9",
"2019","1970","9",
"2019","2020","9",
"2019","2154","0",
"2019","2216","7",
"2019","2241","1",
"2019","2266","8",
"2019","2269","8",
"2019","2274","5",
"2019","2317","2",
"2019","2335","2",
"2019","2469","2",
"2019","2575","6",
"2019","2644","5",
"2019","2660","8",
"2019","2727","8",
"2019","2932","0",
"2019","3018","6",
"2019","3085","1",
"2019","3120","5",
"2019","3132","0",
"2019","3249","3",
"2019","3339","8",
"2019","3384","7",
"2019","3432","5",
"2019","3466","1",
"2019","3484","6",
"2019","3601","3",
"2019","3616","0",
"2019","3630","2",
"2019","3664","0",
"2019","3722","4",
"2019","3838","7",
"2019","3976","7",
"2019","4073","0",
"2019","4132","5",
"2019","4180","0",
"2019","4200","4",
"2019","4237","2",
"2019","4300","4",
"2019","4363","6",
"2019","4375","1",
"2019","4403","0",
"2019","4424","9",
"2019","4425","3",
"2019","4431","1",
"2019","4533","3",
"2019","4657","9",
"2019","4686","4",
"2019","4719","4",
"2019","4749","9",
"2019","4793","6",
"2019","4805","4",
"2019","4834","2",
"2019","4851","6",
"2019","4864","5",
"2019","4902","0",
"2019","4909","3",
"2019","4950","5",
"2019","4977","3",
"2019","5156","8",
"2019","5235","5",
"2019","5268","5",
"2019","5290","7",
"2019","5349","0",
"2019","5574","0",
"2019","5826","0",
"2019","5862","1",
"2019","6002","4",
"2019","6036","5",
"2019","6087","2",
"2019","6163","1",
"2019","6172","9",
"2019","6301","1",
"2019","6402","5",
"2019","6449","6",
"2019","6626","9",
"2019","6650","7",
"2019","6673","8",
"2019","6745","6",
"2019","6771","4",
"2019","6787","6",
"2019","6805","0",
"2019","6840","2",
"2019","6903","3",
"2019","6910","8",
"2019","6935","8",
"2019","6995","0",
"2019","7025","1",
"2019","7092","5",
"2019","7133","3",
"2019","7165","7",
"2019","7189","1",
"2019","7288","1",
"2019","7294","2",
"2019","7298","1",
"2019","7355","4",
"2019","7357","2",
"2019","7465","1",
"2019","7479","7",
"2019","7643","7",
"2019","7646","5",
"2019","7719","8",
"2019","7722","3",
"2019","7744","3",
"2019","7805","6",
"2019","7862","3",
"2019","8029","5",
"2019","8083","2",
"2019","8138","7",
"2019","8242","4",
"2019","8282","7",
"2019","8377","9",
"2019","8452","3",
"2019","8481","2",
"2019","8548","6",
"2019","8574","3",
"2019","8618","1",
"2019","8662","4",
"2019","8691","8",
"2019","8699","4",
"2019","8713","5",
"2019","8765","7",
"2019","8782","4",
"2019","8857","9",
"2019","8862","2",
"2019","8990","5",
"2019","9076","9",
"2019","9079","1",
"2019","9097","5",
"2019","9101","1",
"2019","9195","1",
"2019","9210","8",
"2019","9214","0",
"2019","9252","0",
"2019","9257","6",
"2019","9283","1",
"2019","9349","7",
"2019","9402","5",
"2019","9527","0",
"2019","9545","1",
"2019","9611","3",
"2019","9700","9",
"2019","9769","7",
"2020","75","6",
"2020","150","9",
"2020","162","8",
"2020","290","7",
"2020","338","9",
"2020","363","5",
"2020","388","7",
"2020","403","2",
"2020","478","7",
"2020","480","7",
"2020","577","8",
"2020","744","5",
"2020","748","0",
"2020","846","1",
"2020","905","3",
"2020","936","4",
"2020","953","8",
"2020","1013","0",
"2020","1112","5",
"2020","1117","0",
"2020","1309","8",
"2020","1350","7",
"2020","1420","6",
"2020","1449","5",
"2020","1527","9",
"2020","1566","8",
"2020","1584","3",
"2020","1608","7",
"2020","1657","3",
"2020","1679","0",
"2020","1778","2",
"2020","1802","7",
"2020","1821","7",
"2020","1933","8",
"2020","1937","1",
"2020","1984","9",
"2020","2089","5",
"2020","2103","2",
"2020","2175","5",
"2020","2205","2",
"2020","2222","9",
"2020","2251","2",
"2020","2252","0",
"2020","2262","5",
"2020","2358","9",
"2020","2385","5",
"2020","2431","4",
"2020","2459","6",
"2020","2479","2",
"2020","2624","0",
"2020","2633","3",
"2020","2726","3",
"2020","2845","0",
"2020","2870","8",
"2020","2916","2",
"2020","2947","6",
"2020","3060","8",
"2020","3071","6",
"2020","3092","9",
"2020","3108","0",
"2020","3312","6",
"2020","3411","6",
"2020","3419","7",
"2020","3458","2",
"2020","3574","6",
"2020","3631","9",
"2020","3682","8",
"2020","3693","3",
"2020","3874","5",
"2020","3922","8",
"2020","3945","1",
"2020","3966","8",
"2020","3990","3",
"2020","4007","8",
"2020","4058","4",
"2020","4064","1",
"2020","4108","6",
"2020","4168","8",
"2020","4178","1",
"2020","4350","4",
"2020","4373","6",
"2020","4384","6",
"2020","4398","5",
"2020","4551","3",
"2020","4556","7",
"2020","4640","0",
"2020","4880","3",
"2020","4886","0",
"2020","4899","5",
"2020","4922","6",
"2020","4996","6",
"2020","5037","0",
"2020","5077","3",
"2020","5201","1",
"2020","5247","1",
"2020","5301","3",
"2020","5623","0",
"2020","5645","8",
"2020","5740","5",
"2020","5785","1",
"2020","5865","8",
"2020","6001","6",
"2020","6328","1",
"2020","6555","6",
"2020","6640","1",
"2020","6742","3",
"2020","6753","4",
"2020","6820","1",
"2020","6838","9",
"2020","6978","8",
"2020","7091","4",
"2020","7115","0",
"2020","7179","0",
"2020","7181","9",
"2020","7330","8",
"2020","7424","1",
"2020","7481","7",
"2020","7507","2",
"2020","7513","7",
"2020","7514","1",
"2020","7578","3",
"2020","7616","6",
"2020","7671","7",
"2020","7708","0",
"2020","7783","6",
"2020","7845","6",
"2020","7962","7",
"2020","7965","6",
"2020","8046","6",
"2020","8074","5",
"2020","8096","8",
"2020","8097","4",
"2020","8152","6",
"2020","8185","7",
"2020","8335","4",
"2020","8360","6",
"2020","8386","8",
"2020","8397","6",
"2020","8546","2",
"2020","8559","3",
"2020","8598","7",
"2020","8689","3",
"2020","8722","7",
"2020","8762","2",
"2020","8769","1",
"2020","8792","0",
"2020","8793","5",
"2020","8880","0",
"2020","8901","0",
"2020","8905","9",
"2020","8937","1",
"2020","8940","9",
"2020","8970","8",
"2020","8971","8",
"2020","8991","2",
"2020","9044","8",
"2020","9099","4",
"2020","9115","5",
"2020","9121","8",
"2020","9199","0",
"2020","9227","4",
"2020","9296","9",
"2020","9547","9",
"2020","9551","5",
"2020","9587","9",
"2020","9599","6",
"2020","9600","9",
"2020","9605","1",
"2020","9775","7",
"2020","9787","8",
"2020","9794","0",
"2020","9797","0",
"2020","9830","5",
"2020","9840","3",
"2021","68","1",
"2021","114","9",
"2021","182","8",
"2021","198","0",
"2021","212","2",
"2021","219","1",
"2021","369","5",
"2021","482","1",
"2021","568","0",
"2021","623","8",
"2021","692","2",
"2021","704","8",
"2021","766","9",
"2021","817","2",
"2021","866","3",
"2021","922","7",
"2021","1007","5",
"2021","1021","5",
"2021","1093","0",
"2021","1131","5",
"2021","1187","4",
"2021","1220","1",
"2021","1381","5",
"2021","1509","5",
"2021","1571","8",
"2021","1585","9",
"2021","1599","2",
"2021","1602","4",
"2021","1664","2",
"2021","1689","6",
"2021","1794","6",
"2021","1831","2",
"2021","1876","9",
"2021","1996","1",
"2021","2036","7",
"2021","2120","7",
"2021","2131","7",
"2021","2186","9",
"2021","2338","8",
"2021","2497","4",
"2021","2599","5",
"2021","2651","6",
"2021","2659","6",
"2021","2744","8",
"2021","2876","5",
"2021","2895","8",
"2021","2919","1",
"2021","2937","7",
"2021","2955","3",
"2021","2970","9",
"2021","2998","1",
"2021","3003","4",
"2021","3026","3",
"2021","3074","5",
"2021","3106","6",
"2021","3211","4",
"2021","3247","6",
"2021","3257","8",
"2021","3258","9",
"2021","3315","2",
"2021","3336","9",
"2021","3354","2",
"2021","3392","9",
"2021","3409","9",
"2021","3459","9",
"2021","3511","9",
"2021","3534","2",
"2021","3613","2",
"2021","3668","6",
"2021","3689","2",
"2021","3742","0",
"2021","3771","4",
"2021","3801","1",
"2021","3902","8",
"2021","3978","8",
"2021","3989","3",
"2021","4037","4",
"2021","4040","0",
"2021","4158","7",
"2021","4172","0",
"2021","4303","5",
"2021","4444","0",
"2021","4481","4",
"2021","4548","1",
"2021","4587","3",
"2021","4778","3",
"2021","4907","4",
"2021","4941","7",
"2021","5007","9",
"2021","5045","1",
"2021","5059","2",
"2021","5062","2",
"2021","5068","4",
"2021","5103","0",
"2021","5173","8",
"2021","5224","0",
"2021","5274","1",
"2021","5364","4",
"2021","5476","7",
"2021","5503","4",
"2021","5617","8",
"2021","5620","4",
"2021","5622","0",
"2021","5681","3",
"2021","5787","2",
"2021","5814","7",
"2021","5835","2",
"2021","5878","9",
"2021","5879","5",
"2021","5924","4",
"2021","5926","6",
"2021","5937","2",
"2021","5969","2",
"2021","6026","3",
"2021","6027","9",
"2021","6048","1",
"2021","6058","3",
"2021","6468","3",
"2021","6474","5",
"2021","6481","0",
"2021","6504","2",
"2021","6505","0",
"2021","6603","5",
"2021","6604","4",
"2021","6652","2",
"2021","6706","2",
"2021","6709","2",
"2021","6727","6",
"2021","6872","9",
"2021","6950","5",
"2021","6970","8",
"2021","7019","4",
"2021","7053","7",
"2021","7061","7",
"2021","7100","0",
"2021","7161","0",
"2021","7193","5",
"2021","7259","4",
"2021","7305","4",
"2021","7403","4",
"2021","7442","8",
"2021","7448","9",
"2021","7453","5",
"2021","7480","1",
"2021","7516","7",
"2021","7587","2",
"2021","7601","0",
"2021","7714","9",
"2021","7876","2",
"2021","7899","8",
"2021","8077","2",
"2021","8101","7",
"2021","8123","3",
"2021","8213","9",
"2021","8298","4",
"2021","8349","5",
"2021","8407","2",
"2021","8434","4",
"2021","8470","2",
"2021","8525","1",
"2021","8575","8",
"2021","8825","1",
"2021","8833","7",
"2021","8875","5",
"2021","8896","3",
"2021","8911","0",
"2021","9064","6",
"2021","9189","7",
"2021","9217","7",
"2021","9254","4",
"2021","9437","3",
"2021","9458","9",
"2021","9483","4",
"2021","9501","3",
"2021","9548","9",
"2021","9618","3",
"2021","9711","1",
"2021","9957","5",
"2021","9998","6",
"2022","142","5",
"2022","281","0",
"2022","286","9",
"2022","332","3",
"2022","364","6",
"2022","507","8",
"2022","554","2",
"2022","621","5",
"2022","668","3",
"2022","721","8",
"2022","736","2",
"2022","832","2",
"2022","994","8",
"2022","1089","0",
"2022","1171","9",
"2022","1210","3",
"2022","1265","4",
"2022","1293","7",
"2022","1413","5",
"2022","1633","3",
"2022","1724","9",
"2022","1730","7",
"2022","1749","9",
"2022","1755","0",
"2022","1759","6",
"2022","2302","3",
"2022","2366","5",
"2022","2418","4",
"2022","2506","7",
"2022","2513","4",
"2022","2531","4",
"2022","2567","5",
"2022","2589","0",
"2022","2598","6",
"2022","2715","0",
"2022","2766","0",
"2022","2838","8",
"2022","2850","7",
"2022","2924","8",
"2022","2927","5",
"2022","2942","6",
"2022","3098","3",
"2022","3182","2",
"2022","3186","9",
"2022","3270","1",
"2022","3303","9",
"2022","3428","8",
"2022","3431","1",
"2022","3517","1",
"2022","3632","7",
"2022","3634","4",
"2022","3667","3",
"2022","3759","0",
"2022","3773","8",
"2022","3846","1",
"2022","3927","9",
"2022","4027","2",
"2022","4111","8",
"2022","4115","1",
"2022","4205","3",
"2022","4341","8",
"2022","4372","6",
"2022","4411","9",
"2022","4419","7",
"2022","4421","0",
"2022","4460","8",
"2022","4538","9",
"2022","4540","8",
"2022","4609","3",
"2022","4614","6",
"2022","4617","5",
"2022","4641","1",
"2022","4651","8",
"2022","4701","9",
"2022","4786","0",
"2022","4890","1",
"2022","4963","1",
"2022","5216","0",
"2022","5263","5",
"2022","5298","5",
"2022","5325","0",
"2022","5375","8",
"2022","5382","9",
"2022","5452","0",
"2022","5454","1",
"2022","5461","9",
"2022","5478","2",
"2022","5491","1",
"2022","5736","2",
"2022","5761","3",
"2022","5991","6",
"2022","6161","5",
"2022","6170","2",
"2022","6321","4",
"2022","6379","6",
"2022","6408","7",
"2022","6520","2",
"2022","6530","8",
"2022","6702","9",
"2022","6781","1",
"2022","6809","1",
"2022","6918","8",
"2022","6952","4",
"2022","6958","7",
"2022","7020","0",
"2022","7041","0",
"2022","7043","6",
"2022","7047","0",
"2022","7101","7",
"2022","7113","7",
"2022","7157","2",
"2022","7229","4",
"2022","7234","8",
"2022","7283","3",
"2022","7327","6",
"2022","7426","0",
"2022","7474","3",
"2022","7531","2",
"2022","7596","3",
"2022","7604","5",
"2022","7610","9",
"2022","7619","2",
"2022","7692","1",
"2022","7750","3",
"2022","7785","4",
"2022","7796","4",
"2022","7797","9",
"2022","7835","9",
"2022","7854","5",
"2022","7866","4",
"2022","7907","2",
"2022","7917","4",
"2022","8010","6",
"2022","8205","8",
"2022","8214","0",
"2022","8262","4",
"2022","8325","7",
"2022","8342","4",
"2022","8378","8",
"2022","8457","6",
"2022","8501","0",
"2022","8543","2",
"2022","8565","7",
"2022","8620","0",
"2022","8653","0",
"2022","8750","7",
"2022","8801","8",
"2022","8915","8",
"2022","9095","9",
"2022","9125","1",
"2022","9263","1",
"2022","9286","0",
"2022","9456","0",
"2022","9470","0",
"2022","9580","9",
"2022","9608","4",
"2022","9673","3",
"2022","9675","6",
"2022","9685","1",
"2022","9703","6",
"2022","9723","1",
"2022","9919","1",
"2022","9984","8",
"2022","9999","5",
"2023","16","3",
"2023","61","0",
"2023","102","5",
"2023","115","9",
"2023","159","1",
"2023","221","6",
"2023","237","5",
"2023","262","5",
"2023","285","9",
"2023","352","3",
"2023","354","6",
"2023","386","4",
"2023","486","4",
"2023","491","2",
"2023","527","5",
"2023","546","3",
"2023","644","2",
"2023","713","6",
"2023","722","1",
"2023","769","1",
"2023","792","3",
"2023","823","1",
"2023","907","6",
"2023","926","5",
"2023","946","0",
"2023","1026","9",
"2023","1243","7",
"2023","1321","5",
"2023","1366","6",
"2023","1372","9",
"2023","1433","9",
"2023","1558","3",
"2023","1562","3",
"2023","1627","2",
"2023","1646","2",
"2023","1736","0",
"2023","1751","2",
"2023","1793","4",
"2023","1910","1",
"2023","2061","0",
"2023","2063","4",
"2023","2198","5",
"2023","2199","2",
"2023","2316","3",
"2023","2379","1",
"2023","2448","8",
"2023","2483","3",
"2023","2571","8",
"2023","2638","0",
"2023","2701","6",
"2023","2753","8",
"2023","2770","3",
"2023","2873","1",
"2023","2877","8",
"2023","2879","6",
"2023","2896","6",
"2023","2949","6",
"2023","3014","2",
"2023","3251","9",
"2023","3313","1",
"2023","3401","2",
"2023","3414","4",
"2023","3436","2",
"2023","3463","9",
"2023","3475","0",
"2023","3509","4",
"2023","3551","5",
"2023","3591","8",
"2023","3598","7",
"2023","3606","2",
"2023","3628","1",
"2023","3637","7",
"2023","3672","7",
"2023","3702","8",
"2023","3732","4",
"2023","3734","9",
"2023","3749","7",
"2023","3806","6",
"2023","3928","5",
"2023","3960","8",
"2023","3968","4",
"2023","4018","5",
"2023","4290","4",
"2023","4315","1",
"2023","4349","9",
"2023","4357","7",
"2023","4574","8",
"2023","4602","4",
"2023","4636","7",
"2023","4668","3",
"2023","4762","4",
"2023","4776","9",
"2023","4850","2",
"2023","4882","7",
"2023","4957","7",
"2023","4958","9",
"2023","5212","2",
"2023","5250","8",
"2023","5402","0",
"2023","5410","3",
"2023","5442","0",
"2023","5471","5",
"2023","5539","3",
"2023","5770","3",
"2023","5948","1",
"2023","6016","2",
"2023","6115","3",
"2023","6211","9",
"2023","6213","4",
"2023","6306","4",
"2023","6338","1",
"2023","6371","9",
"2023","6411","8",
"2023","6413","4",
"2023","6578","7",
"2023","6653","6",
"2023","6658","1",
"2023","6747","8",
"2023","6763","0",
"2023","6790","9",
"2023","6816","0",
"2023","6852","4",
"2023","6853","3",
"2023","6904","2",
"2023","7028","3",
"2023","7068","5",
"2023","7083","0",
"2023","7176","2",
"2023","7219","5",
"2023","7232","7",
"2023","7244","0",
"2023","7255","5",
"2023","7260","6",
"2023","7285","7",
"2023","7351","6",
"2023","7572","7",
"2023","7635","9",
"2023","7659","4",
"2023","7812","5",
"2023","7914","7",
"2023","7922","9",
"2023","7933","9",
"2023","8027","6",
"2023","8088","5",
"2023","8111","4",
"2023","8254","8",
"2023","8277","8",
"2023","8462","2",
"2023","8549","2",
"2023","8587","3",
"2023","8637","5",
"2023","8640","5",
"2023","8682","9",
"2023","8757","5",
"2023","8781","9",
"2023","8925","6",
"2023","8958","7",
"2023","9027","9",
"2023","9066","3",
"2023","9219","2",
"2023","9236","4",
"2023","9276","2",
"2023","9314","3",
"2023","9352","9",
"2023","9366","0",
"2023","9371","8",
"2023","9454","0",
"2023","9648","9",
"2023","9706","6",
"2023","9912","2",
"2023","9951","6",
"2023","9967","4",
"2023","9988","2",
"2024","22","0",
"2024","34","6",
"2024","71","9",
"2024","83","3",
"2024","108","2",
"2024","156","2",
"2024","176","7",
"2024","244","4",
"2024","306","7",
"2024","368","9",
"2024","421","6",
"2024","460","4",
"2024","475","9",
"2024","531","3",
"2024","544","9",
"2024","732","7",
"2024","772","3",
"2024","780","9",
"2024","872","8",
"2024","901","7",
"2024","962","4",
"2024","978","4",
"2024","1056","3",
"2024","1120","7",
"2024","1124","2",
"2024","1153","3",
"2024","1200","1",
"2024","1269","2",
"2024","1303","8",
"2024","1524","8",
"2024","1587","3",
"2024","1647","7",
"2024","1692","7",
"2024","1721","0",
"2024","1760","2",
"2024","1765","4",
"2024","1894","5",
"2024","1914","3",
"2024","1956","6",
"2024","2006","7",
"2024","2102","9",
"2024","2122","2",
"2024","2190","0",
"2024","2258","7",
"2024","2375","2",
"2024","2388","6",
"2024","2432","0",
"2024","2482","3",
"2024","2502","9",
"2024","2555","7",
"2024","2578","5",
"2024","2605","0",
"2024","2639","5",
"2024","2658","3",
"2024","2820","6",
"2024","2865","6",
"2024","2925","4",
"2024","3154","8",
"2024","3269","7",
"2024","3272","0",
"2024","3298","6",
"2024","3321","4",
"2024","3331","5",
"2024","3485","0",
"2024","3516","2",
"2024","3568","3",
"2024","3700","1",
"2024","3794","7",
"2024","3912","7",
"2024","3919","6",
"2024","3924","3",
"2024","3935","8",
"2024","3938","2",
"2024","3987","3",
"2024","4035","6",
"2024","4143","1",
"2024","4149","1",
"2024","4156","3",
"2024","4216","6",
"2024","4222","9",
"2024","4276","5",
"2024","4292","1",
"2024","4304","2",
"2024","4339","4",
"2024","4361","3",
"2024","4440","3",
"2024","4501","1",
"2024","4512","0",
"2024","4518","9",
"2024","4581","0",
"2024","4613","4",
"2024","4705","5",
"2024","4716","6",
"2024","4841","0",
"2024","4874","3",
"2024","4884","3",
"2024","4945","9",
"2024","5002","4",
"2024","5038","3",
"2024","5040","5",
"2024","5109","2",
"2024","5135","2",
"2024","5146","4",
"2024","5186","7",
"2024","5227","2",
"2024","5279","7",
"2024","5287","4",
"2024","5305","9",
"2024","5323","2",
"2024","5502","3",
"2024","5600","8",
"2024","5627","5",
"2024","5722","3",
"2024","5726","1",
"2024","5735","0",
"2024","5801","6",
"2024","5830","3",
"2024","5954","7",
"2024","5971","9",
"2024","5974","4",
"2024","6008","0",
"2024","6030","0",
"2024","6099","8",
"2024","6212","6",
"2024","6261","5",
"2024","6265","0",
"2024","6298","9",
"2024","6323","0",
"2024","6528","7",
"2024","6645","5",
"2024","6670","8",
"2024","6710","4",
"2024","6801","3",
"2024","6831","4",
"2024","6836","0",
"2024","6928","1",
"2024","7072","4",
"2024","7123","1",
"2024","7213","6",
"2024","7236","2",
"2024","7237","8",
"2024","7250","1",
"2024","7324","3",
"2024","7336","4",
"2024","7372","5",
"2024","7469","3",
"2024","7485","8",
"2024","7492","2",
"2024","7517","1",
"2024","7552","5",
"2024","7560","9",
"2024","7638","5",
"2024","7877","4",
"2024","7928","7",
"2024","8100","4",
"2024","8103","0",
"2024","8112","5",
"2024","8170","3",
"2024","8253","8",
"2024","8334","3",
"2024","8450","9",
"2024","8519","4",
"2024","8533","9",
"2024","8584","7",
"2024","8595","7",
"2024","8613","4",
"2024","8673","7",
"2024","8730","8",
"2024","8747","4",
"2024","8766","2",
"2024","8772","1",
"2024","8871","5",
"2024","8916","1",
"2024","8918","3",
"2024","8965","2",
"2024","8984","1",
"2024","8992","1",
"2024","9013","1",
"2024","9043","1",
"2024","9069","8",
"2024","9109","3",
"2024","9188","9",
"2024","9202","4",
"2024","9235","3",
"2024","9273","4",
"2024","9358","7",
"2024","9367","3",
"2024","9380","3",
"2024","9395","0",
"2024","9451","8",
"2024","9453","3",
"2024","9495","4",
"2024","9539","4",
"2024","9614","9",
"2024","9634","5",
"2024","9758","2",
"2024","9867","4",
"2024","9904","0",
"2024","9929","8",
"2024","9958","1",
"2024","9959","4",
"2025","46","5",
"2025","52","9",
"2025","125","3",
"2025","138","2",
"2025","139","3",
"2025","144","4",
"2025","155","8",
"2025","210","1",
"2025","273","0",
"2025","361","9",
"2025","371","3",
"2025","375","6",
"2025","498","7",
"2025","532","0",
"2025","560","2",
"2025","580","6",
"2025","716","6",
"2025","848","9",
"2025","1099","0",
"2025","1205","7",
"2025","1207","5",
"2025","1297","8",
"2025","1352","7",
"2025","1354","2",
"2025","1414","6",
"2025","1422","3",
"2025","1472","1",
"2025","1539","2",
"2025","1542","4",
"2025","1620","9",
"2025","1666","3",
"2025","1688","6",
"2025","1701","4",
"2025","1705","4",
"2025","1740","7",
"2025","1809","9",
"2025","1836","2",
"2025","1841","1",
"2025","2046","7",
"2025","2050","3",
"2025","2254","4",
"2025","2282","1",
"2025","2450","7",
"2025","2508","3",
"2025","2568","1",
"2025","2646","2",
"2025","2656","5",
"2025","2691","0",
"2025","2733","6",
"2025","2740","0",
"2025","2750","1",
"2025","2761","1",
"2025","2782","9",
"2025","2816","7",
"2025","2975","7",
"2025","3032","0",
"2025","3109","9",
"2025","3113","0",
"2025","3152","8",
"2025","3172","0",
"2025","3264","1",
"2025","3283","7",
"2025","3292","2",
"2025","3308","2",
"2025","3357","9",
"2025","3418","0",
"2025","3453","8",
"2025","3519","3",
"2025","3532","8",
"2025","3533","5",
"2025","3576","2",
"2025","3638","1",
"2025","3657","7",
"2025","3735","3",
"2025","3845","3",
"2025","3880","2",
"2025","3901","4",
"2025","4069","7",
"2025","4077","0",
"2025","4105","1",
"2025","4114","5",
"2025","4202","1",
"2025","4203","1",
"2025","4207","6",
"2025","4337","9",
"2025","4712","1",
"2025","4724","7",
"2025","4821","4",
"2025","4829","1",
"2025","4910","3",
"2025","4986","4",
"2025","4992","3",
"2025","5030","3",
"2025","5148","4",
"2025","5190","7",
"2025","5355","1",
"2025","5447","2",
"2025","5585","5",
"2025","5711","6",
"2025","5837","9",
"2025","5886","9",
"2025","5894","8",
"2025","5967","7",
"2025","5994","9",
"2025","6028","9",
"2025","6080","3",
"2025","6210","1",
"2025","6224","9",
"2025","6478","5",
"2025","6491","8",
"2025","6651","0",
"2025","6757","1",
"2025","6822","3",
"2025","6854","9",
"2025","6869","7",
"2025","6938","5",
"2025","7021","6",
"2025","7227","1",
"2025","7245","0",
"2025","7277","0",
"2025","7369","1",
"2025","7393","6",
"2025","7404","0",
"2025","7414","4",
"2025","7447","1",
"2025","7458","0",
"2025","7491","8",
"2025","7555","1",
"2025","7712","2",
"2025","7737","1",
"2025","7794","2",
"2025","7810","1",
"2025","7943","6",
"2025","7978","7",
"2025","8055","3",
"2025","8169","8",
"2025","8206","6",
"2025","8372","2",
"2025","8415","6",
"2025","8560","0",
"2025","8642","4",
"2025","8647","8",
"2025","8832","0",
"2025","8874","1",
"2025","8898","4",
"2025","8946","9",
"2025","9255","4",
"2025","9302","5",
"2025","9308","7",
"2025","9407","1",
"2025","9536","7",
"2025","9603","8",
"2025","9720","7",
"2025","9759","8",
"2025","9771","7",
"2025","9815","5",
"2025","9924","4",
"2025","9933","4",
"2025","9985","7",
"2026","6585","5",
"2026","7170","1",
