"Campus","Discipline","Year","Undergraduate","Graduate",
"1","798498","1995","2","3",
"2","42","1992","4","2",
"3","35","2000","2","7",
"4","63","1992","6","2",
"5","80","1978","8","8",
"6","0","2023","5","8",
"7","8027","1997","1","9",
"8","281","2011","2","6",
"9","3352","1977","6","1",
"10","3297","2022","5","6",
"11","35007261","1985","9","3",
"12","55490424","2003","5","6",
"13","46","1999","9","1",
"14","57","2023","5","5",
"15","4267921","2000","2","4",
"16","83990","2023","6","7",
"17","55544917","1976","7","8",
"18","6286998","1978","5","4",
"19","922687964","1996","7","6",
"20","5","1972","5","9",
"21","25834237","2001","7","6",
"22","56","2009","6","6",
"23","9237","2019","9","9",
"24","99025289","2016","9","2",
"25","71836294","1983","3","7",
"26","798800178","1976","1","7",
"27","6","1988","8","9",
"28","858089325","1987","6","7",
"29","7693209","1995","2","6",
"30","45456009","1993","4","8",
"31","1928474","1996","3","5",
"32","3","2020","8","2",
"33","976068948","1984","8","6",
"34","8660908","2011","5","4",
"35","6","2012","2","9",
"36","90946497","2001","1","8",
"37","5224027","1978","1","1",
"38","279315","2013","9","3",
"39","65","1993","8","1",
"40","5127","1976","7","9",
"41","51345","2002","7","7",
"42","73","1971","7","6",
"43","9838","2019","9","4",
"44","67","1971","3","1",
"45","9243301","1993","1","5",
"46","0","2007","9","2",
"47","83367","1991","6","2",
"48","5049","2008","7","6",
"49","44","1983","7","6",
"50","9","1982","9","2",
"51","66017603","1976","8","5",
"52","0","1984","9","3",
"53","530131593","1972","2","8",
"54","9700","1993","5","6",
"55","617461","2012","3","5",
"56","6456","2002","1","1",
"57","86712727","1978","3","5",
"58","49012","1976","7","5",
"59","905730555","1998","7","5",
"60","63","1979","4","5",
"61","75677002","2021","2","5",
"62","0","1975","5","3",
"63","24","2016","6","5",
"64","303","1996","8","1",
"65","0","1995","2","6",
"66","4","2004","3","2",
"67","2440208","2009","6","2",
"68","58913904","2023","8","4",
"69","41065270","1982","5","1",
"70","497593","2006","7","1",
"71","400565","2025","6","6",
"72","5649","1992","8","2",
"73","66512","2019","5","3",
"74","7594","1971","1","1",
"75","585406","1986","1","9",
"76","42","1973","5","4",
"77","70","2006","6","2",
"78","0","1996","1","2",
"79","8486","1976","1","3",
"80","10225948","1975","4","2",
"81","190662784","1980","7","5",
"82","0","2013","4","7",
"83","1676506","2012","3","1",
"84","989952129","1989","3","6",
"85","0","1974","8","1",
"86","500532","1979","7","5",
"87","761359","2024","5","4",
"88","8371","2013","9","6",
"89","1575","1984","8","7",
"90","820781","1979","9","7",
"91","0","1996","6","5",
"92","6","2001","8","2",
"93","68","1985","4","8",
"94","455667","1998","1","4",
"95","896","1982","7","6",
"96","5","1989","6","2",
"97","4","2019","9","6",
"98","263","1993","2","3",
"99","5","1973","1","1",
"100","634722","1974","3","4",
"101","3077","1986","6","5",
"102","960","2005","4","2",
"103","28972445","2009","1","9",
"104","617","1970","8","6",
"105","881","2016","6","2",
"106","79845642","2020","4","4",
"107","0","2003","6","2",
"108","665929","1999","1","6",
"109","8199101","1986","8","3",
"110","1999800","2024","1","8",
"111","93818929","1997","7","3",
"112","2591252","1994","9","6",
"113","195","1976","8","1",
"114","235","1999","3","6",
"115","649316","1995","1","2",
"116","572170502","1988","8","8",
"117","7","1995","1","1",
"118","5157024","2017","2","9",
"119","3241","2023","9","8",
"120","3946","1971","5","3",
"121","791","1972","4","7",
"122","44841","2007","3","7",
"123","90730","2009","8","7",
"124","0","1982","6","1",
"125","90077","2022","8","1",
"126","0","2001","3","3",
"127","172960","2019","5","4",
"128","975053087","2020","2","1",
"129","16173","2014","8","3",
"130","0","1983","3","5",
"131","5774","2020","4","3",
"132","86","1983","6","8",
"133","2666007","1985","5","3",
"134","63308","2001","7","4",
"135","5","1987","1","3",
"136","4165841","2022","1","8",
"137","3","2025","5","9",
"138","237377464","1990","6","9",
"139","13206","2005","8","5",
"140","0","1986","5","7",
"141","73774146","2010","7","5",
"142","8","2015","9","9",
"143","2836447","1996","7","2",
"144","54","2013","4","2",
"145","6449706","1991","2","5",
"146","8816","1995","3","1",
"147","546","2022","2","9",
"148","57463410","1986","8","2",
"149","0","2005","8","6",
"150","5","1976","5","7",
"151","372412936","1991","2","5",
"152","27483","1983","5","3",
"153","7","2019","9","4",
"154","0","1995","8","1",
"155","33","1999","2","8",
"156","84120","1983","2","1",
"157","8","1986","5","4",
"158","638","1979","8","8",
"159","86","2025","1","1",
"160","4","2007","4","1",
"161","796302888","1984","1","1",
"162","0","1987","8","6",
"163","524","2019","4","4",
"164","914089942","1983","1","1",
"165","701496283","1985","8","3",
"166","9142","1970","6","1",
"167","5534078","2008","3","3",
"168","20","1996","3","6",
"169","2523089","1972","1","1",
"170","7746180","2007","4","9",
"171","421","1997","9","7",
"172","36954877","1988","4","9",
"173","1434","2022","5","2",
"174","83","2025","9","3",
"175","274467226","1976","2","6",
"176","0","1995","4","1",
"177","0","2022","2","4",
"178","146","2011","6","4",
"179","61444539","1998","1","4",
"180","52875","1989","3","8",
"181","3084311","1986","4","2",
"182","29853","1971","8","9",
"183","607805612","1997","2","8",
"184","8397","2013","4","3",
"185","2","1996","8","7",
"186","0","2013","7","5",
"187","291917","2020","7","1",
"188","24305596","1974","8","2",
"189","44286","2021","8","5",
"190","3799304","1992","2","9",
"191","0","1974","4","2",
"192","933793","2008","2","5",
"193","252910275","2025","5","3",
"194","1901","2009","3","5",
"195","9462","1973","7","3",
"196","1","2009","6","8",
"197","8135116","1982","1","2",
"198","3046","1979","8","7",
"199","2037158","1979","8","6",
"200","26050","2023","9","7",
"201","35149","1977","4","1",
"202","399","1984","8","9",
"203","999680159","2016","2","1",
"204","16","1989","9","2",
"205","303640077","2024","9","9",
"206","442686165","2012","2","8",
"207","54872453","1998","3","3",
"208","614654","1986","8","5",
"209","890","1984","3","5",
"210","39389837","1977","3","8",
"211","88","2006","7","3",
"212","982864713","2017","5","7",
"213","6662866","2023","9","1",
"214","0","1982","4","3",
"215","99850537","2017","2","9",
"216","1603686","2012","3","7",
"217","884143954","2003","5","2",
"218","15496","2023","3","8",
"219","5895","2005","5","7",
"220","725","1988","5","2",
"221","36326","1971","1","5",
"222","20714","1970","1","1",
"223","27787","1984","9","8",
"224","43193081","2011","8","1",
"225","402004261","2023","3","5",
"226","5892","2000","3","5",
"227","53","1971","4","5",
"228","5","2025","7","1",
"229","989055","2020","1","5",
"230","702","2016","7","5",
"231","946944576","1981","6","5",
"232","5242","1983","9","5",
"233","869","1980","9","5",
"234","79801344","1976","3","6",
"235","662685314","1978","7","5",
"236","51449","1996","8","5",
"237","75","1983","1","7",
"238","56876","1979","8","2",
"239","8977134","1996","5","6",
"240","8","2013","3","2",
"241","85","2016","2","9",
"242","234320","1972","8","7",
"243","24","1991","1","3",
"244","85223598","2020","8","1",
"245","859174","2017","4","9",
"246","717","1981","7","1",
"247","578660","1996","7","7",
"248","680","1982","8","6",
"249","227585","1973","5","1",
"250","576046","2014","4","8",
"251","54","1973","9","2",
"252","162","1999","3","6",
"253","590940240","1977","5","1",
"254","0","2009","5","2",
"255","60","2006","9","4",
"256","1365139","1970","6","3",
"257","9245247","2025","8","1",
"258","1","2009","2","6",
"259","71089236","1975","8","3",
"260","0","2019","1","2",
"261","5787","1972","7","7",
"262","96","2019","8","5",
"263","0","2007","6","5",
"264","89085","1989","2","9",
"265","332257671","1984","6","3",
"266","64","2009","6","6",
"267","4","1983","9","3",
"268","34480758","1988","2","1",
"269","858","2020","1","5",
"270","1332046","2007","6","3",
"271","964205","2003","5","7",
"272","538810","1970","2","6",
"273","41363794","2024","8","9",
"274","630448808","1972","8","5",
"275","476","2017","5","8",
"276","4","1994","1","6",
"277","114461","1999","6","5",
"278","596559","1975","8","9",
"279","31799928","1998","8","7",
"280","6608","1998","5","1",
"281","9","1994","8","3",
"282","4802","1995","8","1",
"283","4712","1975","4","9",
"284","820248193","2025","1","4",
"285","72","1991","3","7",
"286","365962","1978","8","1",
"287","0","1976","6","4",
"288","0","1996","6","6",
"289","4438","1976","3","4",
"290","8238","1974","7","3",
"291","2829414","2003","2","1",
"292","620316185","1989","8","5",
"293","0","2000","2","5",
"294","0","2020","9","3",
"295","4","2008","4","4",
"296","1","1977","2","9",
"297","2974","1996","1","8",
"298","440421","1992","1","9",
"299","437","2000","3","3",
"300","17122424","2024","5","6",
"301","528175","1983","3","5",
"302","3","1990","5","6",
"303","407","1988","5","7",
"304","1996","2022","4","8",
"305","77392","1982","6","7",
"306","0","2022","4","1",
"307","48832488","1974","4","3",
"308","6069050","1999","8","2",
"309","2166439","2018","3","4",
"310","4249019","2014","6","1",
"311","99457","2003","9","2",
"312","38","2006","7","1",
"313","3086317","1996","1","5",
"314","0","1984","1","9",
"315","6406","2005","6","9",
"316","53520317","1976","3","3",
"317","20","2002","5","9",
"318","702723","1978","6","9",
"319","0","1984","2","9",
"320","2","2012","4","2",
"321","4","1980","7","3",
"322","6250","2012","1","9",
"323","49","1970","3","1",
"324","77248","2008","8","6",
"325","985896","1972","9","2",
"326","418","2009","2","4",
"327","857289","2025","1","9",
"328","851496551","1980","3","4",
"329","88","2014","2","8",
"330","3599938","1997","2","9",
"331","4","2011","8","4",
"332","0","1971","1","2",
"333","42","1985","1","6",
"334","18936","2004","5","5",
"335","29734","2004","6","4",
"336","60288709","2011","8","1",
"337","6318025","1977","8","8",
"338","5","2024","2","6",
"339","233","2015","2","5",
"340","44","1985","7","8",
"341","917622","1985","4","8",
"342","375897782","1976","9","3",
"343","629314404","2009","8","1",
"344","3776","1981","7","4",
"345","0","2011","1","2",
"346","718359036","1978","1","5",
"347","99","1977","9","2",
"348","91672","1995","2","8",
"349","9405","2009","6","6",
"350","486317290","2014","9","4",
"351","3286","2006","6","8",
"352","8853","1984","4","2",
"353","96","1990","3","6",
"354","9305361","1979","5","6",
"355","9580","1984","5","8",
"356","7180238","1987","8","5",
"357","386926369","1979","8","7",
"358","9","1984","9","6",
"359","645124","1996","6","5",
"360","5831","2012","2","5",
"361","400490350","1981","5","1",
"362","0","2010","3","4",
"363","81","1986","4","6",
"364","1671","1972","1","1",
"365","9118","1987","4","9",
"366","2","1992","1","2",
"367","298699710","2021","1","9",
"368","92806263","2011","4","2",
"369","69218","2003","8","6",
"370","35913600","1974","2","5",
"371","13894613","2021","1","3",
"372","900","2011","6","7",
"373","210","1983","3","2",
"374","594","1999","2","3",
"375","869","1993","5","8",
"376","633766","1976","1","9",
"377","24086","1974","4","7",
"378","65968","2013","6","2",
"379","718697","2005","6","7",
"380","2652","2012","1","3",
"381","5092","1990","2","2",
"382","948176","1985","5","6",
"383","0","2008","7","1",
"384","70","1984","7","9",
"385","647026","1980","2","5",
"386","0","2019","4","6",
"387","61949388","1982","8","4",
"388","726821","2024","9","3",
"389","25942463","1978","6","2",
"390","45287","2010","3","1",
"391","565","1973","6","7",
"392","2","1977","3","3",
"393","35432","2005","1","3",
"394","92419","1977","2","4",
"395","791","1984","2","8",
"396","62267578","1988","4","1",
"397","10963","2007","9","3",
"398","85","1971","9","4",
"399","576022","2010","4","6",
"400","984544","1984","5","1",
"401","187208","1978","6","1",
"402","639896952","1995","8","6",
"403","89204579","1999","4","3",
"404","45","2013","7","8",
"405","0","2012","3","5",
"406","17902","2025","6","8",
"407","9","1995","9","2",
"408","0","2005","8","7",
"409","91","1990","8","2",
"410","784332","2009","8","1",
"411","34770009","2020","1","8",
"412","2","2014","6","2",
"413","2","1983","5","5",
"414","0","1977","2","1",
"415","65834057","2021","6","4",
"416","0","1980","7","5",
"417","90","1980","4","6",
"418","9480032","2017","9","3",
"419","32728828","1992","1","1",
"420","719511172","2001","6","3",
"421","0","1973","5","9",
"422","83180348","1975","5","5",
"423","82103","1993","2","9",
"424","36997775","2019","7","4",
"425","1351705","2023","7","7",
"426","426632","1988","9","8",
"427","5614","2020","8","4",
"428","99858","1999","1","3",
"429","81261725","1987","8","3",
"430","187","1995","4","7",
"431","6","1997","6","2",
"432","5617851","2022","4","9",
"433","8386304","2004","9","5",
"434","2884","2008","8","3",
"435","852790","1988","6","5",
"436","0","1987","6","6",
"437","326874","1970","4","1",
"438","65","1989","8","9",
"439","57","1973","6","1",
"440","479308","1995","8","6",
"441","0","1997","8","5",
"442","3350748","1970","1","5",
"443","13532","1984","1","8",
"444","3514393","1997","3","3",
"445","664","1986","7","6",
"446","873801","1988","3","3",
"447","917392","2001","1","3",
"448","441440441","1989","6","4",
"449","8721","1998","2","8",
"450","7886237","1997","7","3",
"451","7300","1978","1","7",
"452","8","1989","7","6",
"453","16375148","2021","7","1",
"454","2683","1979","1","1",
"455","808","1994","2","7",
"456","64","1993","8","5",
"457","590488894","1975","4","6",
"458","463","1980","7","6",
"459","2520","1971","4","7",
"460","0","2020","8","9",
"461","146","2003","3","2",
"462","78993387","1998","7","4",
"463","9995","2004","6","3",
"464","65","2008","5","5",
"465","76","2002","5","6",
"466","89790","2012","3","2",
"467","0","2023","9","6",
"468","45","2017","6","6",
"469","946144317","1971","4","3",
"470","974177899","2022","6","8",
"471","0","1993","5","8",
"472","6565","2009","3","2",
"473","6753529","2003","4","4",
"474","57","1999","3","3",
"475","115012","2003","9","9",
"476","38848","2020","9","7",
"477","5","1993","8","8",
"478","7995","2015","5","7",
"479","46","2016","5","9",
"480","0","2025","7","2",
"481","762","1986","5","9",
"482","2938","2018","8","2",
"483","791","2022","9","1",
"484","2565","1970","3","6",
"485","7","2001","5","6",
"486","562","1973","2","7",
"487","4368420","2013","7","6",
"488","81819","1984","8","2",
"489","0","1990","6","3",
"490","97","2024","2","4",
"491","8","2013","8","3",
"492","985197176","2005","8","4",
"493","0","1985","8","2",
"494","220929660","2010","6","9",
"495","0","2020","5","4",
"496","72736866","1995","3","1",
"497","9","1970","4","4",
"498","657590","1979","8","6",
"499","0","2025","3","6",
"500","806769738","1974","7","2",
"501","920","2025","8","9",
"502","0","1992","5","3",
"503","96496096","2020","7","7",
"504","17084","1981","7","5",
"505","296653","2021","7","6",
"506","901917","2003","5","1",
"507","831","2011","8","2",
"508","8","2022","4","6",
"509","3199","1977","9","2",
"510","3","1993","7","7",
"511","388332768","2015","8","3",
"512","0","2018","6","5",
"513","0","1999","8","5",
"514","512982","2009","6","5",
"515","8","2007","3","2",
"516","79340801","1971","8","6",
"517","2","1990","5","7",
"518","330","1999","9","8",
"519","660193","1990","4","2",
"520","4993570","1988","3","6",
"521","5","2007","3","9",
"522","3259","1980","1","2",
"523","23135","2020","6","4",
"524","702207","2023","8","2",
"525","5","1983","6","9",
"526","2581305","1997","1","1",
"527","0","1982","4","6",
"528","5062","2008","9","8",
"529","6988711","2025","6","9",
"530","0","2007","1","3",
"531","0","1976","2","4",
"532","230","2023","4","2",
"533","2832","1981","8","4",
"534","3747","1994","9","7",
"535","450","2003","2","9",
"536","808685207","1971","9","9",
"537","683060","1984","3","8",
"538","404500","2010","2","5",
"539","0","2019","7","8",
"540","0","2004","1","4",
"541","705629","2009","4","1",
"542","986","2013","8","5",
"543","6329","2014","6","9",
"544","11775","1980","1","7",
"545","6094","2024","7","2",
"546","854","1986","6","5",
"547","0","2005","3","8",
"548","737165","1974","9","5",
"549","84","2007","9","7",
"550","615","1995","5","3",
"551","4","1977","4","3",
"552","3866371","1995","4","9",
"553","98098545","1986","7","5",
"554","613","2009","8","2",
"555","5","1998","2","6",
"556","1532994","2008","5","3",
"557","2","1991","2","8",
"558","76","1993","8","9",
"559","957558711","1984","3","2",
"560","729522","1977","6","8",
"561","23","1977","4","3",
"562","160290","2014","7","7",
"563","172505","2024","7","3",
"564","1910","2012","4","8",
"565","66383","2001","6","3",
"566","7","2017","3","2",
"567","6","1995","1","9",
"568","88131853","2000","7","2",
"569","172740","2000","3","1",
"570","574126","2015","9","6",
"571","75895538","1996","6","2",
"572","2093042","2022","9","4",
"573","34","1976","5","5",
"574","9746","2017","6","6",
"575","0","2003","9","6",
"576","6","2004","5","1",
"577","0","1970","7","9",
"578","702","1984","9","7",
"579","43531","1989","1","2",
"580","363","1981","7","6",
"581","19974","2014","9","8",
"582","94285234","2008","5","2",
"583","7","1971","5","1",
"584","943","2003","3","7",
"585","348","2009","6","4",
"586","92","2025","8","2",
"587","588","2025","5","9",
"588","4","2000","5","9",
"589","0","2024","8","7",
"590","15913","2021","8","8",
"591","2","2019","1","3",
"592","60616","1988","8","4",
"593","95399","2001","3","6",
"594","38531472","1981","3","9",
"595","2","1971","1","8",
"596","2817860","1981","1","3",
"597","4568135","2015","6","6",
"598","9","2010","4","3",
"599","8","1986","3","4",
"600","0","2010","1","9",
"601","59","1978","2","9",
"602","449760778","2023","2","6",
"603","84491","1991","2","2",
"604","73444","2003","7","8",
"605","0","1996","8","8",
"606","394922595","2001","1","5",
"607","0","2025","2","9",
"608","502286230","1992","4","3",
"609","68674061","2023","8","7",
"610","73016554","1999","9","7",
"611","53","2017","3","3",
"612","0","2005","1","4",
"613","26752","2017","9","1",
"614","18","1989","3","2",
"615","23855167","1984","2","4",
"616","4","1971","8","5",
"617","44717","1985","1","8",
"618","9","2008","3","7",
"619","32","1972","9","7",
"620","468859","2022","6","3",
"621","22322747","1989","9","1",
"622","0","1989","1","3",
"623","6523","2000","9","4",
"624","62","1976","3","6",
"625","0","1994","5","6",
"626","6206","1987","2","2",
"627","9734096","1996","1","5",
"628","44","2001","9","7",
"629","0","2006","3","8",
"630","122","1986","2","3",
"631","9581697","1989","4","4",
"632","0","1985","4","3",
"633","3169","2011","5","3",
"634","72","1976","4","8",
"635","3523772","2014","9","9",
"636","13","2013","9","8",
"637","2897723","1974","9","8",
"638","6","1976","5","8",
"639","82187551","2008","2","4",
"640","5529","2022","6","5",
"641","127913719","1992","8","1",
"642","0","1979","5","3",
"643","950186459","1977","1","7",
"644","0","1970","9","3",
"645","31","2003","6","7",
"646","2152572","1991","7","9",
"647","84555","2011","6","2",
"648","32","2009","6","7",
"649","25","2014","6","6",
"650","816","2012","8","7",
"651","107085842","1981","1","7",
"652","4932377","2005","5","4",
"653","8549","1977","3","2",
"654","999763","2014","6","7",
"655","512521410","1983","9","7",
"656","0","2008","8","2",
"657","6138","1980","5","9",
"658","352397799","2021","4","9",
"659","5462","1990","3","1",
"660","3","2011","2","1",
"661","203807","2006","3","3",
"662","15436","1992","3","4",
"663","44145498","1996","9","3",
"664","322680471","1976","4","4",
"665","54","2010","5","2",
"666","77","2009","5","9",
"667","56559469","2003","3","5",
"668","9165","1971","3","2",
"669","816814","1981","1","7",
"670","114","2006","2","4",
"671","0","2004","2","1",
"672","9135","2019","4","2",
"673","31699868","1986","2","3",
"674","152673","2010","7","2",
"675","135","1973","9","2",
"676","1179","1985","2","1",
"677","5787067","2000","9","5",
"678","85962","2008","6","3",
"679","96684","2021","1","2",
"680","5335","1995","3","8",
"681","98","1979","9","7",
"682","101736","1976","4","9",
"683","7","2014","8","4",
"684","156695","2005","9","3",
"685","36014","1989","1","5",
"686","0","2023","2","3",
"687","86379114","1974","1","5",
"688","0","2021","4","7",
"689","307576477","1980","2","2",
"690","62880547","2015","3","8",
"691","2699841","1978","2","7",
"692","0","2006","9","1",
"693","172055843","2009","9","8",
"694","92","2016","6","1",
"695","87627010","1978","3","3",
"696","900164947","2015","9","2",
"697","26156046","1986","3","7",
"698","0","1986","9","2",
"699","6339","1994","6","8",
"700","88321112","1978","9","9",
"701","3501493","1978","7","3",
"702","628853617","1978","3","2",
"703","13","2015","6","9",
"704","87","1974","7","4",
"705","694088724","1996","3","3",
"706","648517","2001","8","5",
"707","9126","2001","8","1",
"708","4","1985","9","9",
"709","766406","2006","8","2",
"710","553","1973","8","9",
"711","9","1992","5","9",
"712","70634","2012","7","9",
"713","79","1995","5","3",
"714","0","2012","6","3",
"715","1624042","1979","4","1",
"716","961033492","1979","7","4",
"717","457","1977","9","6",
"718","25","2012","6","8",
"719","46","1994","6","5",
"720","229462","1993","1","2",
"721","48","2008","6","9",
"722","240912","2021","5","7",
"723","6","1989","3","2",
"724","0","1986","8","7",
"725","5554","1993","4","3",
"726","3","1978","8","9",
"727","0","2009","3","9",
"728","8","1979","3","9",
"729","955518154","2018","1","1",
"730","465","2018","7","3",
"731","19483","2023","5","9",
"732","3","1970","5","6",
"733","314336","1979","4","9",
"734","647","1975","9","3",
"735","7417852","2023","7","5",
"736","43","1977","7","1",
"737","6","1980","6","7",
"738","8575031","2014","7","6",
"739","663132","1998","3","9",
"740","1","1975","5","8",
"741","1983","1992","4","4",
"742","17","1972","7","3",
"743","90217","2001","2","3",
"744","0","2015","7","1",
"745","29","2010","2","5",
"746","0","1970","7","9",
"747","0","1992","7","3",
"748","91962","1986","8","6",
"749","6153364","1999","7","2",
"750","9200061","1976","2","7",
"751","1621746","2007","8","6",
"752","62","1974","9","8",
"753","14697234","1975","9","5",
"754","0","1979","2","3",
"755","73406447","1981","5","7",
"756","512423","1973","5","7",
"757","21","2000","9","8",
"758","5243","2011","3","8",
"759","0","2005","4","6",
"760","55575403","1970","2","2",
"761","45","1979","4","7",
"762","3459413","2017","6","6",
"763","3","2016","9","7",
"764","94367","2012","2","4",
"765","6390","1977","5","5",
"766","82005","1990","6","4",
"767","455","1983","4","7",
"768","0","1973","4","2",
"769","7740","1989","4","4",
"770","6242772","1984","1","3",
"771","3","1997","9","2",
"772","7","1986","6","4",
"773","9569295","1982","7","2",
"774","9297848","1996","9","4",
"775","57740566","1984","3","1",
"776","29606","1978","2","8",
"777","37","1980","5","3",
"778","5295","1995","2","8",
"779","936","1997","7","8",
"780","97767","1976","9","8",
"781","257","2015","4","6",
"782","20045","2001","1","5",
"783","828","2013","9","2",
"784","242","2009","6","1",
"785","4777016","1974","5","2",
"786","3843","1976","9","4",
"787","973465","1986","1","9",
"788","52754","1976","6","9",
"789","6475699","2010","2","6",
"790","8374","1996","2","2",
"791","1","1997","1","7",
"792","888781","1997","3","5",
"793","9218","1989","9","3",
"794","64892040","1983","1","6",
"795","424946","1984","6","7",
"796","786735143","2019","2","4",
"797","106","2023","8","9",
"798","1348468","1992","7","6",
"799","482766","2004","7","4",
"800","93","2007","8","6",
"801","579778070","2007","6","2",
"802","0","2023","5","6",
"803","94665824","2020","8","3",
"804","74723","1977","4","5",
"805","29577022","1991","9","1",
"806","887030","2012","8","6",
"807","965887569","2003","7","8",
"808","38","1998","7","4",
"809","0","2025","8","1",
"810","0","1972","6","4",
"811","27","1979","1","8",
"812","8034411","2024","7","4",
"813","62","1987","9","1",
"814","67","2016","4","9",
"815","179009001","2015","6","2",
"816","172843","1987","1","1",
"817","418190","2025","8","8",
"818","0","1971","6","8",
"819","2958512","1987","4","7",
"820","0","2012","2","8",
"821","0","1987","1","4",
"822","986503","1979","7","3",
"823","702106","2025","8","9",
"824","59","2011","3","9",
"825","568","1987","9","2",
"826","6463603","2025","8","6",
"827","321562831","1983","7","6",
"828","0","2017","5","3",
"829","842","1993","8","6",
"830","79459","1984","7","1",
"831","40808","2003","4","9",
"832","7834","1974","1","9",
"833","4258","2025","4","9",
"834","8605","2016","9","4",
"835","7","1973","7","9",
"836","6315","2007","1","4",
"837","907","1988","4","5",
"838","168727641","2016","2","4",
"839","6025","1999","6","9",
"840","8308294","1982","9","2",
"841","73","2013","1","8",
"842","136","1975","8","7",
"843","772927701","2025","7","9",
"844","88792","1976","4","9",
"845","42279","1995","1","1",
"846","6721759","2013","4","5",
"847","501","1980","6","3",
"848","88221","2013","4","2",
"849","707465","2007","4","2",
"850","8498842","1971","2","3",
"851","15","2012","1","3",
"852","2","1992","2","8",
"853","0","2010","5","1",
"854","468963340","2003","8","3",
"855","872910390","1987","1","7",
"856","1678","1973","7","5",
"857","402672","1994","9","7",
"858","83","2013","6","7",
"859","24","1989","7","1",
"860","96560346","1972","6","1",
"861","3859","2020","4","9",
"862","77832","1970","6","9",
"863","1","1996","9","7",
"864","13","1974","5","9",
"865","2","2011","9","1",
"866","9","1981","9","4",
"867","1078","2021","9","8",
"868","832662445","2014","4","3",
"869","8745391","1976","7","8",
"870","84637468","1971","9","9",
"871","91","2021","5","9",
"872","85833","1993","6","7",
"873","23014","2001","3","7",
"874","579381614","2015","8","6",
"875","3711","2005","7","2",
"876","83866","2012","4","4",
"877","51182484","1983","6","9",
"878","0","2021","2","7",
"879","270","1974","1","3",
"880","12354","2003","6","8",
"881","34","2016","2","6",
"882","654875","2019","9","8",
"883","23987","2019","3","7",
"884","0","2019","4","3",
"885","288","1985","9","8",
"886","55327","1977","3","6",
"887","58884377","1985","9","8",
"888","8792083","1990","4","5",
"889","6211987","2003","3","2",
"890","616","2008","2","6",
"891","64079","2001","4","1",
"892","75","2009","2","7",
"893","9036794","1995","7","3",
"894","0","1989","3","3",
"895","669591","2015","6","7",
"896","113871","2023","9","5",
"897","2054","1987","8","6",
"898","2284688","2020","3","4",
"899","703397","2023","2","8",
"900","0","2016","7","1",
"901","12445528","1979","3","2",
"902","4","1984","7","8",
"903","0","1994","6","7",
"904","676937368","1990","6","2",
"905","2299","2020","3","8",
"906","533983461","1985","7","9",
"907","88016","2005","9","4",
"908","41669","2007","8","3",
"909","91","2018","2","7",
"910","1","1984","7","2",
"911","8542","1977","9","4",
"912","52175","1997","5","5",
"913","5650995","2019","8","5",
"914","20908","2007","7","1",
"915","5356337","1979","3","8",
"916","804809","2019","8","4",
"917","83952","2005","9","7",
"918","77","1998","1","4",
"919","0","1993","4","3",
"920","401775","2004","5","7",
"921","9","2017","8","3",
"922","567101","2016","6","6",
"923","119728","1996","1","7",
"924","82610155","1989","2","2",
"925","101372083","2014","8","3",
"926","7238","1979","8","9",
"927","0","2002","4","7",
"928","2615","1981","7","9",
"929","927","1979","5","7",
"930","65","1972","6","2",
"931","1","2006","4","1",
"932","26927","2002","6","7",
"933","58299","1995","5","7",
"934","38320502","2010","1","6",
"935","8","1982","5","1",
"936","292584","2004","7","9",
"937","25","2002","5","4",
"938","557","1999","9","8",
"939","4243","1983","6","1",
"940","71284","2019","6","5",
"941","66353","1995","8","8",
"942","7","2022","7","5",
"943","24","2021","6","5",
"944","0","2002","9","9",
"945","619175","1981","8","1",
"946","6398","1976","4","4",
"947","130499140","2013","5","2",
"948","7051403","2023","5","8",
"949","43","1980","1","6",
"950","54178776","1990","7","5",
"951","1243413","1984","2","2",
"952","19","1977","2","7",
"953","439394","1990","5","8",
"954","503044021","2013","8","6",
"955","283361","2019","8","2",
"956","24","2007","5","2",
"957","20","1972","7","6",
"958","4878","1978","7","2",
"959","86","2023","4","5",
"960","118317","2018","3","2",
"961","60342","1981","3","7",
"962","3","1992","7","6",
"963","4817","1997","2","7",
"964","3","2023","9","2",
"965","4474036","2024","4","5",
"966","65681999","1981","5","1",
"967","38107","1981","7","4",
"968","3","1971","9","6",
"969","0","1994","7","4",
"970","35","1994","5","1",
"971","768274","2020","7","2",
"972","0","1976","5","4",
"973","7806721","2001","3","9",
"974","43891","1999","6","7",
"975","82","2025","6","3",
"976","3","1973","5","5",
"977","86098014","1978","4","4",
"978","310","1997","4","6",
"979","9610","1985","6","9",
"980","56","1990","3","4",
"981","6","1971","8","8",
"982","78","1997","7","8",
"983","78","1973","5","3",
"984","117","2018","9","3",
"985","835127066","2009","3","4",
"986","68","1998","8","9",
"987","175844512","1972","9","1",
"988","791541","1975","3","2",
"989","8704","2019","1","4",
"990","4551","1984","7","7",
"991","0","2003","4","2",
"992","0","2022","8","1",
"993","1","2016","7","2",
"994","69","1971","7","2",
"995","25028339","1985","9","9",
"996","970771","2022","8","6",
"997","711502","1974","7","9",
"998","987080681","1991","7","7",
"999","6915658","2013","8","7",
"1000","5090572","1978","4","1",
"1001","0","2017","4","1",
"1002","29893","1973","6","1",
"1003","51920712","2003","7","6",
"1004","67028","1981","3","1",
"1005","41586811","2023","6","2",
"1006","855","2021","8","6",
"1007","100","1998","5","9",
"1008","30","1976","7","2",
"1009","285","1989","8","3",
"1010","10068005","1979","7","2",
"1011","0","2021","1","8",
"1012","2904173","2024","9","9",
"1013","0","1997","9","7",
"1014","93461434","1973","9","4",
"1015","677578083","1997","2","5",
"1016","175491","2014","2","4",
"1017","4155332","2006","9","7",
"1018","78","2006","8","9",
"1019","44","1979","7","6",
"1020","0","2003","8","2",
"1021","879","2020","5","1",
"1022","5882","1996","3","8",
"1023","974","2019","3","3",
"1024","471","1982","9","1",
"1025","0","2012","2","1",
"1026","559941","1991","5","3",
"1027","184","2024","9","3",
"1028","46250","2020","6","2",
"1029","681578","2023","3","2",
"1030","223131","2006","9","7",
"1031","92","1996","7","3",
"1032","59","2001","8","9",
"1033","220190958","2005","7","9",
"1034","105961","1977","1","4",
"1035","446707","2001","5","4",
"1036","1031347","1983","9","7",
"1037","138","1983","1","6",
"1038","41077","1976","3","1",
"1039","6","2011","9","6",
"1040","2611502","2006","7","2",
"1041","14676165","1984","9","8",
"1042","924067874","1982","8","2",
"1043","648421","1994","9","2",
"1044","53","2006","8","7",
"1045","2842520","1989","8","5",
"1046","6","1985","1","2",
"1047","5570","2010","6","5",
"1048","3","1970","1","8",
"1049","24","2015","1","7",
"1050","341","1974","5","8",
"1051","61698222","1976","4","2",
"1052","304178","2021","8","5",
"1053","92640","1972","8","7",
"1054","309","2021","4","3",
"1055","0","1993","9","2",
"1056","589","2009","5","1",
"1057","2","2024","5","6",
"1058","6994136","1989","7","7",
"1059","284","2005","7","2",
"1060","502","1971","2","8",
"1061","7403","1979","2","2",
"1062","699","2009","5","1",
"1063","42024","1988","9","5",
"1064","940655","2000","7","9",
"1065","0","1995","8","8",
"1066","9435349","1978","8","2",
"1067","0","1993","5","2",
"1068","3579","2024","1","9",
"1069","9835","1988","7","2",
"1070","11081","2022","4","4",
"1071","6","1998","1","2",
"1072","26","2006","9","6",
"1073","338","2005","3","4",
"1074","500340","1987","2","9",
"1075","852","2004","4","1",
"1076","434","2024","1","1",
"1077","32795113","2025","2","4",
"1078","345262","2005","4","8",
"1079","33591200","2014","5","6",
"1080","37075388","1984","7","7",
"1081","86435243","1997","6","1",
"1082","3278","2000","4","6",
"1083","4918","1992","1","7",
"1084","3429158","2017","2","2",
"1085","71271","2008","9","7",
"1086","471766233","2002","9","5",
"1087","608","1992","3","6",
"1088","120","2002","3","5",
"1089","0","1992","7","7",
"1090","91929","2004","2","7",
"1091","613940883","2020","2","7",
"1092","42347187","1971","4","1",
"1093","0","1975","9","8",
"1094","0","2013","1","4",
"1095","5","1992","5","8",
"1096","763155094","1970","9","6",
"1097","861137552","1982","4","5",
"1098","3746","1997","1","8",
"1099","6","1975","6","7",
"1100","42","1979","8","6",
"1101","38192","2004","1","7",
"1102","55282","2004","3","6",
"1103","234","2021","1","5",
"1104","0","1980","9","3",
"1105","612","1996","5","8",
"1106","5340951","1974","5","7",
"1107","7","2007","5","4",
"1108","87865","2018","7","3",
"1109","37","1988","1","2",
"1110","3","1981","5","6",
"1111","83","1991","2","1",
"1112","5910","2007","3","1",
"1113","22103","2018","2","5",
"1114","0","1983","8","3",
"1115","476","1986","6","1",
"1116","41","1995","8","9",
"1117","8866","2014","2","2",
"1118","46909255","2001","5","4",
"1119","5","1983","7","6",
"1120","8","1978","8","6",
"1121","801","2006","1","3",
"1122","846495660","2010","4","5",
"1123","2097978","1989","1","9",
"1124","811970397","1984","4","1",
"1125","271","2024","9","9",
"1126","842556","2011","4","1",
"1127","346901830","2007","8","9",
"1128","247","2013","9","5",
"1129","308723029","2023","9","1",
"1130","3893","2005","8","4",
"1131","5514","1984","9","3",
"1132","20377936","1978","1","2",
"1133","69","2001","2","4",
"1134","882609","1973","2","6",
"1135","446","2017","2","5",
"1136","7","2003","8","8",
"1137","0","2004","9","4",
"1138","94002","2025","2","7",
"1139","916169","2024","5","5",
"1140","0","1970","4","6",
"1141","0","1999","5","2",
"1142","90353614","2005","7","8",
"1143","0","1988","5","5",
"1144","0","1989","5","2",
"1145","895477236","2004","5","4",
"1146","80565859","2019","6","4",
"1147","947789","1983","5","8",
"1148","18907","2002","1","2",
"1149","36","1987","6","9",
"1150","76","1983","1","5",
"1151","0","2009","3","5",
"1152","1383","1984","5","5",
"1153","3","2018","2","6",
"1154","35178","2011","2","3",
"1155","0","2002","3","5",
"1156","9","1972","2","6",
"1157","57589749","2022","8","1",
"1158","15978","1977","7","1",
"1159","737","1972","5","5",
"1160","4038591","2023","6","1",
"1161","697","2011","7","2",
"1162","9694","2018","6","3",
"1163","57969009","1972","1","7",
"1164","711898","2015","5","5",
"1165","94","2001","2","7",
"1166","6579409","1980","6","2",
"1167","5","1998","7","5",
"1168","7514759","2025","9","5",
"1169","1198","2017","6","2",
"1170","9654","1989","1","1",
"1171","37534972","1978","1","1",
"1172","5818","1974","7","6",
"1173","30365811","1986","5","1",
"1174","53","1970","1","9",
"1175","55315118","2022","4","9",
"1176","0","2018","9","5",
"1177","875","1975","4","7",
"1178","5700264","1985","6","2",
"1179","35319","2008","3","9",
"1180","69478130","1972","1","8",
"1181","2566177","1987","2","7",
"1182","6","2016","7","8",
"1183","886","1987","5","2",
"1184","95094","2014","4","9",
"1185","21307319","2009","2","8",
"1186","2057","2007","3","3",
"1187","0","2011","5","9",
"1188","518075594","2009","4","9",
"1189","22453594","1971","6","6",
"1190","533267330","1991","9","4",
"1191","267457","2022","9","9",
"1192","6386296","1971","9","1",
"1193","40028943","2011","2","5",
"1194","193","1998","4","2",
"1195","65973470","1980","3","6",
"1196","32797116","1992","8","6",
"1197","5787","1977","1","6",
"1198","53","1997","2","3",
"1199","6","1983","6","5",
"1200","0","2025","8","2",
"1201","834380760","2005","6","6",
"1202","1","2023","5","2",
"1203","2200","1973","7","3",
"1204","0","1975","2","6",
"1205","7500988","2012","2","4",
"1206","9243637","1990","3","1",
"1207","48","1990","8","4",
"1208","0","2014","3","6",
"1209","880866","2009","5","3",
"1210","71","1975","2","6",
"1211","24015963","2006","5","3",
"1212","223149","1972","8","3",
"1213","71558","2025","8","1",
"1214","96308950","1974","2","1",
"1215","199416","1992","5","3",
"1216","79438815","1970","8","7",
"1217","5","2016","5","2",
"1218","236604447","2015","6","5",
"1219","90","1983","3","4",
"1220","2339","2000","2","1",
"1221","5","1970","4","1",
"1222","392","1976","4","1",
"1223","18","1977","2","1",
"1224","46","1989","3","5",
"1225","475","1982","2","2",
"1226","5","1981","8","6",
"1227","0","1973","4","8",
"1228","0","1997","7","1",
"1229","817985","2003","5","4",
"1230","74500686","2008","9","7",
"1231","82815","1986","5","2",
"1232","681","1992","9","4",
"1233","42295","1992","3","6",
"1234","0","2002","8","2",
"1235","825323","2009","6","9",
"1236","0","1978","2","4",
"1237","227246320","2014","5","1",
"1238","78216655","2014","6","8",
"1239","5892813","2015","9","6",
"1240","25225188","2010","7","1",
"1241","57","1998","2","3",
"1242","684648","2008","7","7",
"1243","194","2023","5","6",
"1244","439578","1987","4","2",
"1245","842765921","1982","2","6",
"1246","96","1973","2","4",
"1247","504845513","1978","3","7",
"1248","2588240","2025","9","7",
"1249","0","2016","4","1",
"1250","349","2022","1","1",
"1251","384821","1977","1","4",
"1252","970090","2009","9","3",
"1253","62","1977","4","5",
"1254","9349625","2008","1","8",
"1255","30106","2024","5","1",
"1256","0","1980","6","3",
"1257","61776094","2013","8","7",
"1258","78984","1990","6","3",
"1259","6934","2009","8","4",
"1260","0","1999","1","7",
"1261","49693434","2002","6","7",
"1262","7704","2018","8","8",
"1263","4501268","1982","4","9",
"1264","6001","2015","2","8",
"1265","56","1986","3","8",
"1266","252","1978","3","5",
"1267","17922153","1999","6","1",
"1268","17","2025","1","2",
"1269","556347","1989","6","5",
"1270","0","2024","8","6",
"1271","58","2015","4","6",
"1272","66084009","2002","7","7",
"1273","76339872","2010","4","6",
"1274","819845","1997","2","3",
"1275","310338746","1981","7","8",
"1276","4361","1978","5","9",
"1277","25241","1984","9","3",
"1278","574872766","1988","5","1",
"1279","324908","2000","6","7",
"1280","94201086","2001","2","2",
"1281","2347","2009","2","3",
"1282","581","1995","3","1",
"1283","28074","1983","6","5",
"1284","4476","2012","8","6",
"1285","44571","2016","1","2",
"1286","611709051","1970","5","8",
"1287","0","2011","7","5",
"1288","308801347","2017","4","4",
"1289","6400077","2002","9","9",
"1290","0","1985","9","8",
"1291","623","2008","7","2",
"1292","954","2014","8","5",
"1293","933","2002","5","6",
"1294","86","1983","2","3",
"1295","36335284","2007","8","1",
"1296","4684610","2007","7","9",
"1297","18","1981","7","7",
"1298","0","2011","8","7",
"1299","35","1986","8","4",
"1300","0","1997","2","9",
"1301","1505136","2013","1","7",
"1302","372","2008","8","1",
"1303","608","1990","5","9",
"1304","0","2020","4","9",
"1305","6745","1999","4","1",
"1306","65636","2006","4","3",
"1307","0","1971","1","6",
"1308","22348","1989","5","2",
"1309","432019046","2007","2","3",
"1310","62","1972","9","4",
"1311","1","2008","7","7",
"1312","78","2023","5","5",
"1313","9205","2017","6","5",
"1314","465488234","1995","1","5",
"1315","7160500","1980","1","5",
"1316","68662624","1988","8","8",
"1317","972","1992","9","3",
"1318","33136130","1975","7","1",
"1319","27","1970","6","4",
"1320","369792","2024","8","9",
"1321","128220","1982","7","1",
"1322","0","1997","4","4",
"1323","7","2022","8","3",
"1324","7175410","1985","9","4",
"1325","302","1982","4","8",
"1326","2","1996","8","3",
"1327","1803948","2006","5","2",
"1328","2444631","2018","4","1",
"1329","14","2016","5","7",
"1330","1805662","1980","8","2",
"1331","122711464","2020","9","2",
"1332","8179","2004","3","1",
"1333","2714","2005","6","8",
"1334","941659","1975","6","2",
"1335","79","2014","4","9",
"1336","6","2009","7","8",
"1337","93148290","1985","9","1",
"1338","910376","2000","2","7",
"1339","503","1995","1","1",
"1340","1393","2002","7","2",
"1341","63470","2006","8","6",
"1342","444","1981","9","8",
"1343","6","2021","9","3",
"1344","33784855","1995","2","4",
"1345","32308000","2007","2","3",
"1346","325164681","1978","1","5",
"1347","7714884","1977","1","5",
"1348","924654","1970","1","3",
"1349","15900651","2000","2","3",
"1350","4481588","1993","9","5",
"1351","193275653","2009","7","8",
"1352","86","1974","5","2",
"1353","57","1973","4","7",
"1354","29665","2001","4","7",
"1355","19360","1987","4","3",
"1356","29","2002","9","9",
"1357","243528868","2022","6","1",
"1358","468456374","2023","9","8",
"1359","783","1972","1","2",
"1360","15563","2016","6","4",
"1361","449964758","1975","5","7",
"1362","1948","1987","9","3",
"1363","644417","1997","3","6",
"1364","36","1982","2","4",
"1365","40803228","2015","2","4",
"1366","72","1983","5","3",
"1367","24701","1985","2","7",
"1368","53141971","1998","5","9",
"1369","209877","1977","8","7",
"1370","0","1990","3","2",
"1371","463095","2019","3","5",
"1372","4953470","1980","4","7",
"1373","96230","2020","3","7",
"1374","2","1978","9","7",
"1375","2529","1999","3","4",
"1376","447","1979","4","3",
"1377","0","2008","5","9",
"1378","0","1980","7","6",
"1379","9477862","1974","9","4",
"1380","41","1991","5","7",
"1381","6965001","2021","3","4",
"1382","1051040","2015","4","8",
"1383","0","2008","3","2",
"1384","794","2024","4","6",
"1385","93","1977","1","6",
"1386","269752","2013","8","4",
"1387","7636","1993","1","5",
"1388","5","1997","3","4",
"1389","83219","2010","8","3",
"1390","97540","2018","6","1",
"1391","754783869","2014","4","3",
"1392","408833260","2019","8","6",
"1393","962783","1975","6","5",
"1394","664336","2005","6","5",
"1395","364","1987","2","5",
"1396","934","1996","7","2",
"1397","0","2004","5","9",
"1398","4986","1980","9","5",
"1399","3774","1992","9","6",
"1400","0","1997","8","9",
"1401","8","2018","3","6",
"1402","5","1992","8","1",
"1403","4844","2001","9","8",
"1404","1731","2005","3","8",
"1405","797495","2025","3","5",
"1406","61482","1997","1","4",
"1407","199","2022","2","3",
"1408","4","2023","9","7",
"1409","58","1972","8","9",
"1410","1745989","2000","8","1",
"1411","692895624","1991","6","9",
"1412","0","1994","5","4",
"1413","97114726","1975","3","7",
"1414","51","1980","9","8",
"1415","54","1974","1","4",
"1416","9588112","1978","5","9",
"1417","0","1998","6","7",
"1418","1","1987","7","7",
"1419","0","2018","3","2",
"1420","5572","2021","5","6",
"1421","44557","1998","3","8",
"1422","163915","1977","9","3",
"1423","78957","2003","7","5",
"1424","3238","2023","9","9",
"1425","6138","1971","4","7",
"1426","6","1973","4","4",
"1427","0","1989","3","3",
"1428","90","1971","8","4",
"1429","492945","1986","6","2",
"1430","0","2023","2","2",
"1431","65765134","2017","5","2",
"1432","918024967","1995","3","9",
"1433","4967645","1998","4","1",
"1434","58","2011","5","9",
"1435","16065812","2018","9","4",
"1436","0","1998","4","6",
"1437","86","1971","4","1",
"1438","308042","2019","2","8",
"1439","498","2011","7","6",
"1440","915825053","1991","5","3",
"1441","177276882","1995","6","1",
"1442","0","1971","3","9",
"1443","259","2023","6","2",
"1444","95","2002","4","1",
"1445","78195","1987","1","3",
"1446","90","2006","2","7",
"1447","28","1975","3","3",
"1448","572502","2009","6","3",
"1449","841804","2004","9","3",
"1450","83083","1991","2","9",
"1451","995633765","1989","2","4",
"1452","7","1996","7","2",
"1453","93205772","1975","9","7",
"1454","5889039","2005","8","1",
"1455","77","1990","5","6",
"1456","346","1994","3","3",
"1457","558583335","2014","2","5",
"1458","26","1987","6","5",
"1459","172273506","2005","4","5",
"1460","413","2022","7","5",
"1461","87993353","2010","3","1",
"1462","1840786","2017","9","2",
"1463","38951","1983","7","7",
"1464","162024827","1993","3","7",
"1465","63535","1974","6","2",
"1466","414626972","2017","2","4",
"1467","0","2014","7","5",
"1468","726687","2022","4","9",
"1469","92705799","2003","2","4",
"1470","3446896","2004","3","2",
"1471","0","2018","1","8",
"1472","6932","1971","9","4",
"1473","1440","1985","1","5",
"1474","4517453","2004","8","5",
"1475","5323238","2017","8","7",
"1476","20","1987","3","8",
"1477","6611","2022","3","2",
"1478","8620","2012","8","5",
"1479","569301029","2021","3","2",
"1480","0","2009","2","1",
"1481","66","2015","2","7",
"1482","22669","2008","3","6",
"1483","8537168","1986","5","9",
"1484","23","1980","9","1",
"1485","4","1975","4","4",
"1486","491232","2017","4","8",
"1487","568536","2017","5","9",
"1488","410070","2017","9","1",
"1489","611503","1992","5","8",
"1490","5422","2023","6","6",
"1491","433148","1975","3","3",
"1492","589890","1974","7","6",
"1493","4363","2018","4","8",
"1494","59398","2012","1","7",
"1495","9101494","2000","8","2",
"1496","443","1999","1","3",
"1497","85986","1989","6","3",
"1498","793185271","2021","7","7",
"1499","2056279","1983","1","4",
"1500","760620734","1992","1","6",
"1501","42406","1990","1","3",
"1502","448","2010","1","4",
"1503","1","2016","2","2",
"1504","422282","2021","2","7",
"1505","0","1987","9","4",
"1506","547132","1972","6","7",
"1507","9754","1999","3","9",
"1508","2","1986","6","4",
"1509","96","2021","6","1",
"1510","34513775","1994","5","4",
"1511","109121","2006","5","6",
"1512","4","2025","3","6",
"1513","370735169","1981","2","6",
"1514","4999","2004","7","5",
"1515","4582","1999","2","4",
"1516","58","2005","5","6",
"1517","1958701","1996","7","6",
"1518","5","1995","4","7",
"1519","458","1979","1","6",
"1520","4","2008","4","3",
"1521","6","2008","7","6",
"1522","0","2007","8","8",
"1523","21680","2023","1","1",
"1524","0","1972","3","9",
"1525","46744","1971","3","3",
"1526","70294","2001","4","7",
"1527","1","1998","3","2",
"1528","7584006","1972","7","3",
"1529","6520878","1988","1","1",
"1530","4800","2014","1","5",
"1531","1805410","2012","1","8",
"1532","42146","1978","6","3",
"1533","2224650","2024","9","5",
"1534","29464923","1995","2","7",
"1535","15","1972","8","9",
"1536","0","1999","2","8",
"1537","5","1980","2","8",
"1538","9954","1977","4","2",
"1539","81","2001","9","4",
"1540","420991","2009","9","5",
"1541","5","1986","8","5",
"1542","9610","2025","3","3",
"1543","619169985","2017","5","5",
"1544","17689","2019","6","4",
"1545","5998789","1982","3","5",
"1546","8591875","2016","1","6",
"1547","1","2005","9","7",
"1548","54","1982","1","3",
"1549","6748092","2009","8","1",
"1550","2689535","2006","5","4",
"1551","0","1976","5","5",
"1552","53790","1999","7","4",
"1553","731497","2007","2","3",
"1554","8488","1989","1","1",
"1555","672780508","2006","8","5",
"1556","7505718","2020","7","6",
"1557","0","2015","8","2",
"1558","78","1977","5","6",
"1559","45","2020","2","1",
"1560","0","2023","3","8",
"1561","0","1977","4","2",
"1562","3","2016","5","2",
"1563","34969162","1972","9","7",
"1564","582","1997","5","3",
"1565","92126776","1980","8","3",
"1566","42","2006","8","5",
"1567","75212189","2025","4","2",
"1568","57942684","2012","4","1",
"1569","7","1971","2","7",
"1570","35332","2010","6","3",
"1571","6","1991","7","4",
"1572","574","1976","7","6",
"1573","0","2024","3","3",
"1574","6206834","2004","7","5",
"1575","0","2021","1","8",
"1576","445","2011","3","6",
"1577","448108759","1971","6","2",
"1578","0","1985","3","7",
"1579","0","1973","7","9",
"1580","83058","1971","5","4",
"1581","92","1993","9","9",
"1582","7","1986","4","5",
"1583","579","2008","8","4",
"1584","141218740","1983","5","4",
"1585","1707","2002","3","3",
"1586","185","1991","1","8",
"1587","7","1992","2","7",
"1588","64447899","2011","5","3",
"1589","202","1970","1","3",
"1590","2","2018","9","1",
"1591","4605494","1997","2","6",
"1592","6459251","1983","6","4",
"1593","12","1983","8","4",
"1594","341879","2023","8","6",
"1595","444838744","1983","1","2",
"1596","8754311","2009","5","3",
"1597","3","1992","1","3",
"1598","44282","2014","1","6",
"1599","21","2015","4","6",
"1600","34103051","2019","7","8",
"1601","5127952","2002","4","2",
"1602","753300","2013","8","6",
"1603","1094932","1983","4","1",
"1604","4","2007","7","9",
"1605","122077762","1978","1","1",
"1606","7799","1993","7","5",
"1607","9078605","2024","8","1",
"1608","825023978","1982","2","9",
"1609","79","2013","8","1",
"1610","279556","1978","6","1",
"1611","15450","2003","8","2",
"1612","5404","2019","2","1",
"1613","0","1990","5","8",
"1614","6031","1977","5","4",
"1615","119","1984","4","4",
"1616","7128329","1989","8","4",
"1617","2234","2017","5","8",
"1618","0","1971","2","8",
"1619","476","1980","8","9",
"1620","99867","2014","2","5",
"1621","5","1991","5","9",
"1622","50965","1999","6","9",
"1623","8296753","1983","1","8",
"1624","505","1979","5","9",
"1625","609997","1982","2","3",
"1626","64","2010","4","9",
"1627","0","1977","9","9",
"1628","124682","1974","3","3",
"1629","65","1989","6","3",
"1630","359850","2019","7","7",
"1631","0","1985","6","9",
"1632","2392","1990","4","7",
"1633","9892","2023","8","4",
"1634","0","1992","6","4",
"1635","0","1987","3","4",
"1636","3445134","1995","2","1",
"1637","654","1988","2","3",
"1638","0","1984","1","9",
"1639","318747","1993","7","7",
"1640","0","1986","4","1",
"1641","0","2003","4","9",
"1642","0","1975","1","5",
"1643","94190208","1996","2","8",
"1644","0","1991","9","8",
"1645","0","2004","8","1",
"1646","6136","1979","5","9",
"1647","789424","1977","6","7",
"1648","783158","1978","9","1",
"1649","28559","2008","2","6",
"1650","41163413","2024","3","8",
"1651","993","1975","6","1",
"1652","3794108","1977","3","1",
"1653","77","1992","3","2",
"1654","0","1984","1","4",
"1655","289174822","1970","6","8",
"1656","1","1997","2","8",
"1657","571661541","2014","8","2",
"1658","6879849","1993","5","5",
"1659","4227781","1983","7","6",
"1660","86192","2017","5","2",
"1661","923","1983","5","6",
"1662","86","2018","5","8",
"1663","0","2009","7","8",
"1664","600","1992","8","9",
"1665","6","1998","2","3",
"1666","8","2011","2","9",
"1667","0","1992","2","1",
"1668","595151621","2016","7","6",
"1669","3684","2021","1","3",
"1670","7453780","1978","6","4",
"1671","707","2004","9","5",
"1672","7","2011","7","1",
"1673","849","2005","6","6",
"1674","31383721","2024","4","7",
"1675","82940","1984","6","4",
"1676","575760","2014","9","7",
"1677","93","1984","1","3",
"1678","29700330","2002","6","9",
"1679","2879102","1993","2","8",
"1680","425753789","2007","5","6",
"1681","773299424","2015","9","6",
"1682","7","2000","1","8",
"1683","68","2023","9","3",
"1684","34656431","2010","1","8",
"1685","22663915","1973","8","5",
"1686","0","1993","6","1",
"1687","3","2000","5","5",
"1688","927053087","1995","6","2",
"1689","591","2024","9","9",
"1690","0","1983","4","3",
"1691","61353342","1997","3","2",
"1692","24209","2021","4","5",
"1693","9840","1972","6","3",
"1694","3846","1977","2","6",
"1695","0","2021","5","8",
"1696","6116","2021","8","9",
"1697","76678070","1973","1","5",
"1698","239","2016","6","5",
"1699","281076043","1975","6","6",
"1700","9","1979","5","1",
"1701","0","1971","3","2",
"1702","17","1977","2","3",
"1703","1243","2001","7","1",
"1704","482662306","1992","6","7",
"1705","183311105","1978","7","8",
"1706","367375","2006","8","1",
"1707","84","1974","5","4",
"1708","904","2002","5","3",
"1709","0","1985","9","7",
"1710","1846","1971","1","2",
"1711","18","1985","8","3",
"1712","24","2016","3","2",
"1713","282","2022","6","2",
"1714","554","2005","9","4",
"1715","2960017","1974","9","1",
"1716","48","2026","9","2",
"1717","7589989","2022","7","6",
"1718","0","2010","1","9",
"1719","70441","1988","6","1",
"1720","447198156","2023","8","4",
"1721","0","2008","4","1",
"1722","56","2019","1","8",
"1723","270152210","2024","2","1",
"1724","45272","1986","4","7",
"1725","679267267","2018","8","5",
"1726","471125","2018","3","8",
"1727","52","1991","3","9",
"1728","471461162","1989","6","2",
"1729","861583","1975","2","5",
"1730","19632","2001","1","6",
"1731","975802","2021","1","7",
"1732","334","1996","5","5",
"1733","3030","2011","5","1",
"1734","0","1999","8","6",
"1735","166046329","1980","5","9",
"1736","55600","2023","4","4",
"1737","47471445","1972","7","5",
"1738","15","1977","5","8",
"1739","29382","2021","4","4",
"1740","66985","2025","8","2",
"1741","92","2007","6","9",
"1742","2","1996","9","1",
"1743","51867","1984","8","3",
"1744","997145039","2013","1","6",
"1745","442851108","2019","9","3",
"1746","430268","2014","4","8",
"1747","691168818","1977","3","7",
"1748","3650384","2020","9","9",
"1749","1501978","1981","7","9",
"1750","39105","2013","1","9",
"1751","20","1971","6","9",
"1752","335237","2004","8","3",
"1753","45","1985","5","8",
"1754","98650","1989","4","7",
"1755","0","1985","9","7",
"1756","895212615","1983","9","3",
"1757","7414","2020","1","2",
"1758","0","2020","2","5",
"1759","73774478","1986","8","8",
"1760","0","1986","9","2",
"1761","6","1991","2","4",
"1762","28980","1993","5","1",
"1763","6","1997","6","7",
"1764","296663","2007","3","9",
"1765","7904","2008","4","3",
"1766","277","1986","5","3",
"1767","5567","2007","6","5",
"1768","43","1988","2","6",
"1769","9091","2010","7","6",
"1770","65","1999","2","5",
"1771","859","1985","7","5",
"1772","613","2025","2","5",
"1773","261127673","2016","4","3",
"1774","48415056","1989","8","8",
"1775","554","1996","7","7",
"1776","150528","1999","2","4",
"1777","0","1996","5","1",
"1778","9","1990","7","3",
"1779","643779","1983","9","4",
"1780","83677","2003","7","8",
"1781","6053321","2018","2","6",
"1782","9181813","2000","7","3",
"1783","244247235","1978","6","2",
"1784","4","1998","6","8",
"1785","0","1972","2","5",
"1786","805280170","1994","1","8",
"1787","0","2011","3","9",
"1788","181377837","2001","9","1",
"1789","887908","1999","4","7",
"1790","99816740","1989","1","4",
"1791","35","2017","5","1",
"1792","6674","2009","5","2",
"1793","913439486","2002","7","5",
"1794","0","1984","2","3",
"1795","71","1993","6","1",
"1796","0","2011","8","2",
"1797","7200654","1987","1","1",
"1798","326","1996","3","6",
"1799","49","2013","9","6",
"1800","962","2011","5","4",
"1801","51","1991","1","7",
"1802","0","2007","1","6",
"1803","27874529","1983","9","1",
"1804","0","1987","3","6",
"1805","0","1989","7","7",
"1806","19988","1993","1","1",
"1807","940","2007","7","5",
"1808","12","2003","9","7",
"1809","759981","1981","1","1",
"1810","2574","1989","8","4",
"1811","4","2017","5","4",
"1812","82393369","2016","2","9",
"1813","90","1991","5","3",
"1814","7","1982","7","3",
"1815","4991405","1981","4","5",
"1816","988203363","1984","4","7",
"1817","958","1994","9","4",
"1818","389697","2001","6","5",
"1819","346","2002","1","6",
"1820","625","1971","5","2",
"1821","59488","2007","4","9",
"1822","21543","1989","7","4",
"1823","8286","1989","3","3",
"1824","89926","2025","8","6",
"1825","885350","1981","8","8",
"1826","78455440","1994","2","7",
"1827","93","1972","1","2",
"1828","0","2022","1","6",
"1829","4830","1989","2","2",
"1830","3","2015","7","7",
"1831","20921","1995","5","3",
"1832","0","2008","6","9",
"1833","70435829","1979","8","8",
"1834","89595033","2025","8","2",
"1835","938906","2022","2","2",
"1836","2","2006","4","1",
"1837","8","2021","1","4",
"1838","911124199","2013","8","5",
"1839","5406635","1985","1","6",
"1840","851581","1983","4","3",
"1841","0","1986","8","5",
"1842","0","1987","6","7",
"1843","1","2010","1","6",
"1844","90079","2026","9","5",
"1845","676761265","2007","9","3",
"1846","24871807","1975","5","8",
"1847","1923756","2025","5","3",
"1848","5","2007","8","4",
"1849","713260","1983","4","6",
"1850","80220","2005","4","1",
"1851","994837","1977","8","2",
"1852","351","1978","3","3",
"1853","4","1980","2","6",
"1854","11504","1980","1","9",
"1855","3259","2023","9","7",
"1856","0","2011","7","8",
"1857","3537471","2021","5","9",
"1858","20968","1977","1","8",
"1859","35164797","2011","6","4",
"1860","239","1986","6","2",
"1861","99722","2016","1","5",
"1862","34","1988","3","4",
"1863","12514","1992","4","1",
"1864","123","1998","1","1",
"1865","766508118","2016","1","1",
"1866","91","2020","1","4",
"1867","576","1976","2","5",
"1868","331367","1974","1","1",
"1869","3564","1998","9","1",
"1870","191847","2005","4","8",
"1871","2202788","2014","8","2",
"1872","338640329","2001","3","8",
"1873","5401968","2003","9","7",
"1874","47353","1985","3","8",
"1875","88","1995","3","7",
"1876","3182028","2019","7","2",
"1877","44333","2017","9","8",
"1878","38","1992","3","6",
"1879","1812950","2004","1","4",
"1880","6024286","1987","9","3",
"1881","6010205","1996","4","8",
"1882","867603","1974","1","8",
"1883","0","2017","5","1",
"1884","734","2019","5","7",
"1885","53","1976","6","6",
"1886","267637","2023","9","5",
"1887","8233","1971","1","2",
"1888","155085","2014","7","7",
"1889","55","2019","7","7",
"1890","3","1977","1","7",
"1891","401957","1982","9","9",
"1892","298855","1995","9","4",
"1893","7","1976","2","9",
"1894","968","1987","1","5",
"1895","4792338","2019","2","5",
"1896","7","1977","5","8",
"1897","3","1988","2","6",
"1898","9258776","1986","8","7",
"1899","0","1994","6","4",
"1900","0","2018","2","2",
"1901","38081","2019","3","3",
"1902","916710","1995","8","2",
"1903","903379175","1981","7","9",
"1904","199","2022","3","2",
"1905","6","2000","9","7",
"1906","81958","2026","9","2",
"1907","48059357","2019","5","5",
"1908","2557218","1999","3","3",
"1909","2303921","2011","3","9",
"1910","850224","2008","9","1",
"1911","682168","1984","8","8",
"1912","872467","1970","8","5",
"1913","3208264","2001","6","8",
"1914","79","2015","9","6",
"1915","3","2015","6","6",
"1916","0","2025","7","6",
"1917","2559","1991","4","2",
"1918","3754","2010","4","9",
"1919","2","1993","9","6",
"1920","85029","2002","1","1",
"1921","9","2008","3","6",
"1922","810522","2025","1","6",
"1923","17906276","2021","7","2",
"1924","53273","1980","2","9",
"1925","4859434","1977","1","2",
"1926","3774","1987","3","3",
"1927","60256","2016","2","3",
"1928","0","2000","2","9",
"1929","62538","2012","9","7",
"1930","91703","1991","9","1",
"1931","0","2005","9","1",
"1932","47776","2001","6","3",
"1933","112920","1982","9","2",
"1934","693128","1981","4","2",
"1935","956","1982","2","6",
"1936","629550247","2011","3","5",
"1937","90462","1971","7","3",
"1938","66","1991","6","4",
"1939","1295866","2023","4","1",
"1940","532141","2010","8","7",
"1941","764108151","1995","3","4",
"1942","45","2014","3","1",
"1943","3055051","1975","6","9",
"1944","48732044","2000","3","5",
"1945","555033","2024","4","6",
"1946","9836261","1977","9","3",
"1947","2","1992","7","7",
"1948","7","1980","1","5",
"1949","50252","1999","1","5",
"1950","35063266","2018","8","6",
"1951","86","1987","3","2",
"1952","0","1997","6","9",
"1953","947","1989","7","1",
"1954","2813973","1983","5","6",
"1955","197096","1998","9","4",
"1956","61876","2016","6","8",
"1957","634","1985","5","7",
"1958","450931","1999","2","8",
"1959","642032661","2000","4","4",
"1960","61565","2004","9","9",
"1961","490590609","1999","2","8",
"1962","76020","2013","3","3",
"1963","610064","2009","7","7",
"1964","8366","2016","4","7",
"1965","30","1981","6","5",
"1966","638","2001","8","9",
"1967","0","2008","8","9",
"1968","32","1982","6","9",
"1969","9975","1972","5","8",
"1970","4754271","2018","6","2",
"1971","22516720","1981","5","6",
"1972","70783930","1985","5","2",
"1973","2658","1982","8","9",
"1974","30","1981","4","1",
"1975","55644756","2008","8","3",
"1976","276481","1970","4","1",
"1977","263575238","2001","8","4",
"1978","8879798","1991","9","5",
"1979","3392","2025","7","8",
"1980","52197","2010","2","6",
"1981","5","1976","4","9",
"1982","5","2024","4","5",
"1983","0","1994","3","8",
"1984","86","1997","7","5",
"1985","13754","1992","7","1",
"1986","478773290","1980","2","6",
"1987","0","2001","7","7",
"1988","5314341","2006","8","2",
"1989","4623808","2007","3","2",
"1990","68554661","1983","7","2",
"1991","44664","2003","9","2",
"1992","46","1987","2","6",
"1993","56444853","1981","6","8",
"1994","269","1984","1","5",
"1995","543061842","2006","2","4",
"1996","6681249","2019","1","8",
"1997","415938306","1972","5","7",
"1998","665944","1975","9","8",
"1999","943787589","1970","8","7",
"2000","0","1973","8","5",
"2001","8","2006","1","1",
"2002","45","1991","8","6",
"2003","13","2017","6","7",
"2004","16","2005","2","5",
"2005","48902878","2001","1","9",
"2006","360","1982","4","7",
"2007","6554","2012","8","4",
"2008","1","1988","1","5",
"2009","4","2010","4","9",
"2010","899257742","1990","9","7",
"2011","0","1982","8","4",
"2012","58659038","2000","1","3",
"2013","5070","2017","1","9",
"2014","55548","2004","1","5",
"2015","17210280","2019","7","1",
"2016","190262","2017","1","3",
"2017","47","1989","3","7",
"2018","8749192","2014","4","3",
"2019","6","1994","9","8",
"2020","5302","2023","4","7",
"2021","56544","1991","7","9",
"2022","1248","1988","8","7",
"2023","0","1999","1","6",
"2024","4","2022","1","2",
"2025","967","2007","2","6",
"2026","4504","2025","7","9",
"2027","863152824","1995","8","2",
"2028","0","1995","1","2",
"2029","1735","2003","2","2",
"2030","4250390","2015","7","9",
"2031","42","1991","6","6",
"2032","13","1992","2","2",
"2033","191","2024","5","3",
"2034","15745","1972","4","3",
"2035","61","1996","6","5",
"2036","3","1976","1","9",
"2037","0","1978","6","8",
"2038","196964","2004","5","6",
"2039","616","1991","9","5",
"2040","47","1992","2","2",
"2041","0","1986","2","6",
"2042","893570","2010","3","8",
"2043","1384510","2022","9","4",
"2044","8","2000","5","3",
"2045","9677233","1992","4","5",
"2046","0","1976","8","6",
"2047","11968","2020","2","9",
"2048","48","1989","5","8",
"2049","9","2012","5","4",
"2050","818","2002","2","9",
"2051","97","2013","5","5",
"2052","0","1976","6","1",
"2053","30652436","1972","8","1",
"2054","522","1993","9","6",
"2055","63134","1984","3","7",
"2056","94563","2020","8","1",
"2057","565136242","2005","1","2",
"2058","35","2003","6","6",
"2059","89627009","2007","7","5",
"2060","12","1976","9","1",
"2061","908580034","1973","6","1",
"2062","99607","2008","2","5",
"2063","78","1974","7","3",
"2064","463694","1999","6","9",
"2065","93439","1978","5","3",
"2066","942118386","2013","6","1",
"2067","18174","1980","1","4",
"2068","401965676","1984","1","8",
"2069","9778","2024","2","7",
"2070","0","1989","8","8",
"2071","9185","1995","7","6",
"2072","9453","2001","2","3",
"2073","0","2010","7","9",
"2074","49745","1994","3","4",
"2075","90","2021","4","3",
"2076","7","2012","1","6",
"2077","121523211","2014","5","6",
"2078","673020144","1997","6","9",
"2079","571","2010","3","2",
"2080","299459364","2010","4","9",
"2081","546","2004","1","5",
"2082","303","2004","9","2",
"2083","80735669","2016","3","2",
"2084","97460960","1980","1","9",
"2085","19","2012","3","3",
"2086","83","1979","4","3",
"2087","6386","2017","1","3",
"2088","3","2025","9","3",
"2089","925207417","2021","1","2",
"2090","5204669","1993","1","1",
"2091","62863","2010","6","3",
"2092","2297","2010","6","7",
"2093","4183575","1973","5","4",
"2094","48024655","1984","5","4",
"2095","9","2008","6","1",
"2096","989632","1990","4","4",
"2097","33","2000","7","3",
"2098","0","1984","8","2",
"2099","716","2015","3","5",
"2100","59","1974","3","8",
"2101","8675","2001","5","1",
"2102","4837414","2012","4","9",
"2103","74","1996","1","2",
"2104","0","1982","7","6",
"2105","0","1979","5","5",
"2106","44256","2011","4","2",
"2107","13","2019","9","8",
"2108","3143","1976","6","3",
"2109","8294369","2000","4","9",
"2110","91","2009","2","5",
"2111","223077","1975","4","5",
"2112","11","2020","8","9",
"2113","4781","2016","3","4",
"2114","6452","2013","2","2",
"2115","952","2014","1","5",
"2116","5622","2017","4","1",
"2117","1147052","2002","1","2",
"2118","7","1981","7","2",
"2119","733540471","1986","4","8",
"2120","85597330","1987","6","7",
"2121","649442720","1979","7","1",
"2122","6816630","1987","3","2",
"2123","27","2004","7","9",
"2124","703380107","2007","5","3",
"2125","3185","2009","5","3",
"2126","9","1982","9","9",
"2127","988485159","1976","5","5",
"2128","80","1990","6","6",
"2129","961","1998","2","3",
"2130","269","1983","5","5",
"2131","25523","1991","5","4",
"2132","652031596","1984","6","8",
"2133","3217804","1992","9","9",
"2134","403792542","1986","1","8",
"2135","88","1988","5","4",
"2136","93938","1987","7","7",
"2137","5462","2015","7","7",
"2138","739440","1979","6","7",
"2139","83","1978","8","7",
"2140","53648181","1978","1","4",
"2141","2047864","1993","3","5",
"2142","1","1991","1","9",
"2143","56245","1980","7","5",
"2144","1637310","2023","5","6",
"2145","348030","1979","9","2",
"2146","948045746","1981","5","5",
"2147","95374","2010","2","3",
"2148","946320634","1981","7","4",
"2149","635","1991","4","5",
"2150","0","1999","6","3",
"2151","3","1975","2","6",
"2152","325","2023","4","2",
"2153","240898","1982","9","4",
"2154","79920","1985","8","6",
"2155","6421500","2004","4","2",
"2156","27","1997","4","4",
"2157","897","1974","5","1",
"2158","220933511","1991","4","1",
"2159","5","1999","9","9",
"2160","806","2022","5","2",
"2161","9","2012","8","9",
"2162","4521","2007","1","9",
"2163","797854052","1972","7","4",
"2164","38","2012","3","8",
"2165","77390614","2001","3","2",
"2166","6521","1970","3","5",
"2167","428","2024","5","2",
"2168","98609","2011","5","5",
"2169","43535","2020","4","5",
"2170","572022713","1990","4","5",
"2171","637482063","2009","1","8",
"2172","85027761","1970","4","4",
"2173","593","2024","9","4",
"2174","11","2002","5","5",
"2175","953652072","1971","6","4",
"2176","32216317","1973","4","5",
"2177","837","2001","8","2",
"2178","42399633","1988","5","6",
"2179","6927168","1970","2","3",
"2180","0","2013","8","5",
"2181","4","1974","1","3",
"2182","321034842","2016","2","5",
"2183","691749","2009","3","3",
"2184","0","1995","3","9",
"2185","0","2006","4","8",
"2186","96","2001","8","6",
"2187","23610307","2005","6","1",
"2188","680","1970","6","8",
"2189","2","1985","4","3",
"2190","0","2018","9","8",
"2191","420717099","1990","3","1",
"2192","345","1989","5","2",
"2193","4","1978","3","3",
"2194","59013","1971","7","7",
"2195","16761884","1982","2","2",
"2196","6","1993","6","9",
"2197","68123112","1991","4","8",
"2198","18228","2016","2","1",
"2199","97274381","1988","4","9",
"2200","3","1978","5","7",
"2201","37","1972","2","2",
"2202","5094368","1989","4","6",
"2203","87127763","2004","3","9",
"2204","99249","2002","4","6",
"2205","1825703","2025","1","6",
"2206","865229651","2013","9","3",
"2207","1","1993","3","3",
"2208","4872136","1981","6","9",
"2209","94","1983","8","1",
"2210","76","2016","6","3",
"2211","589948","2001","1","4",
"2212","0","2024","5","3",
"2213","0","2020","3","5",
"2214","278","1990","5","8",
"2215","702074","2020","6","4",
"2216","31","1989","6","8",
"2217","419","1991","2","8",
"2218","852869890","1981","1","3",
"2219","8204","1993","4","7",
"2220","3272049","2016","9","5",
"2221","66008422","1974","3","5",
"2222","66","1990","6","5",
"2223","970","1995","1","5",
"2224","0","1979","6","8",
"2225","653","2014","8","4",
"2226","93","2020","3","6",
"2227","4883814","1999","6","2",
"2228","922784544","2021","8","9",
"2229","7995","1971","5","4",
"2230","4875646","1986","8","2",
"2231","7802","2005","5","5",
"2232","3449","1990","7","1",
"2233","2488","1970","8","5",
"2234","4674","1994","3","3",
"2235","737448893","1995","5","8",
"2236","6420","2008","3","2",
"2237","492431","2025","6","4",
"2238","379","1977","6","3",
"2239","0","2004","7","7",
"2240","403202","1997","4","5",
"2241","531","2023","2","5",
"2242","43984","1983","8","4",
"2243","326","2018","5","1",
"2244","418219","1984","5","4",
"2245","64","1985","8","2",
"2246","4","2011","5","4",
"2247","2874","1976","2","9",
"2248","17185987","2001","9","9",
"2249","76","2008","7","8",
"2250","1783838","2025","1","5",
"2251","394726645","2024","7","6",
"2252","690","1986","6","8",
"2253","68","2001","2","9",
"2254","3192","1987","3","9",
"2255","721536815","1994","7","1",
"2256","571008","1998","1","1",
"2257","45","2014","7","4",
"2258","805","2024","9","6",
"2259","0","1971","5","1",
"2260","333","1980","2","3",
"2261","8911","2022","2","6",
"2262","9933974","2000","4","2",
"2263","75832975","2003","2","6",
"2264","526895990","2017","9","9",
"2265","178886","1994","7","2",
"2266","1930669","2023","6","4",
"2267","708038214","2012","5","1",
"2268","6266","1977","5","5",
"2269","712","2019","9","2",
"2270","1616","1993","1","9",
"2271","2","2021","4","6",
"2272","677995718","1970","9","5",
"2273","0","1992","7","3",
"2274","218","1996","2","7",
"2275","8634425","1980","3","5",
"2276","5144822","2013","8","4",
"2277","479","1985","6","9",
"2278","0","2022","9","7",
"2279","52428","1986","9","8",
"2280","8964","1987","8","3",
"2281","8","1993","3","6",
"2282","51","1972","4","4",
"2283","79045180","1987","2","3",
"2284","25","2014","7","5",
"2285","69","2009","3","4",
"2286","15","2006","8","7",
"2287","2907","2000","9","7",
"2288","826","2022","5","5",
"2289","548447","2014","5","7",
"2290","49","1978","7","8",
"2291","48","2020","5","3",
"2292","86","2022","8","7",
"2293","6643400","2011","9","8",
"2294","77836","2012","7","1",
"2295","8766","2011","4","9",
"2296","0","1995","6","2",
"2297","1339","1972","6","1",
"2298","0","2003","2","4",
"2299","0","2012","5","4",
"2300","768","2019","5","8",
"2301","314913864","1982","9","4",
"2302","689844","1981","5","6",
"2303","565994","1976","2","2",
"2304","219309","1979","6","5",
"2305","33","1976","8","6",
"2306","669165","1974","2","9",
"2307","788093534","1974","6","4",
"2308","6","1987","9","3",
"2309","4731969","2005","4","3",
"2310","40506574","2001","8","1",
"2311","4251","2003","9","6",
"2312","3","2021","6","3",
"2313","32577515","1974","6","9",
"2314","5788741","2020","9","4",
"2315","73454526","1982","3","7",
"2316","9963","1978","1","9",
"2317","0","2020","3","7",
"2318","7570649","1986","3","5",
"2319","448026","1988","2","7",
"2320","0","2001","3","8",
"2321","1","1993","8","8",
"2322","6977468","1982","3","4",
"2323","6324","1986","6","8",
"2324","153","1976","9","5",
"2325","3865156","1978","2","1",
"2326","261832","1991","1","4",
"2327","3756953","1980","2","4",
"2328","0","2010","4","5",
"2329","4302874","1970","2","4",
"2330","69925766","2023","1","6",
"2331","8156","1978","8","2",
"2332","46226090","1995","6","8",
"2333","954","1974","1","4",
"2334","2091048","1972","8","7",
"2335","575001","1972","9","2",
"2336","840651643","2001","1","6",
"2337","22172","1989","9","6",
"2338","49208","2011","7","5",
"2339","4932","1983","8","6",
"2340","7128","2009","1","5",
"2341","25452614","2015","3","1",
"2342","33541933","1991","4","4",
"2343","12708640","1985","7","4",
"2344","2","1999","2","7",
"2345","80","1991","7","1",
"2346","83607400","2002","1","2",
"2347","931241","2003","7","6",
"2348","65","1984","4","3",
"2349","510400588","2002","2","3",
"2350","247","2014","2","6",
"2351","877","1993","6","8",
"2352","8998","2024","6","3",
"2353","1627","2010","4","4",
"2354","70779","1976","8","6",
"2355","2903706","1991","3","2",
"2356","3893","2002","2","9",
"2357","80041310","2023","7","1",
"2358","0","1983","5","5",
"2359","24020477","1995","8","9",
"2360","0","2024","4","4",
"2361","539","2021","5","4",
"2362","29757","2016","6","9",
"2363","448559224","1977","2","9",
"2364","52780109","2022","2","7",
"2365","32343353","2013","2","6",
"2366","892526","1984","1","3",
"2367","7080148","1982","6","7",
"2368","1822675","1979","5","2",
"2369","0","1996","1","9",
"2370","611","2011","3","5",
"2371","7171417","1971","4","7",
"2372","82348","2000","4","2",
"2373","7","1989","3","8",
"2374","925404","2013","4","6",
"2375","344","1980","3","9",
"2376","989999","1997","9","4",
"2377","17770129","1983","6","1",
"2378","16958018","1986","6","2",
"2379","49","2018","9","7",
"2380","87","1989","7","2",
"2381","6","2018","8","8",
"2382","407807603","1996","9","1",
"2383","164110656","1980","6","9",
"2384","2","1985","8","1",
"2385","3","1980","1","6",
"2386","641707","2013","9","5",
"2387","75","2024","4","4",
"2388","650","1971","6","2",
"2389","0","2003","5","7",
"2390","536","1980","6","4",
"2391","0","1999","3","7",
"2392","811558954","2018","6","6",
"2393","7213","2002","1","1",
"2394","1165","2011","2","9",
"2395","657628850","1992","6","2",
"2396","953032","1973","3","7",
"2397","1991","1971","4","2",
"2398","703678905","2002","3","5",
"2399","2321","2002","5","8",
"2400","709","1987","5","7",
"2401","8943","1991","3","3",
"2402","49","1987","4","2",
"2403","541785","2011","8","4",
"2404","81","1980","4","2",
"2405","0","2020","7","8",
"2406","482477","1985","6","4",
"2407","38840","1998","5","8",
"2408","96","1972","5","8",
"2409","281","1992","8","3",
"2410","3547","1976","9","6",
"2411","4226815","2024","2","4",
"2412","68","1999","8","4",
"2413","93796","1973","6","5",
"2414","3730709","1988","9","5",
"2415","64934003","2014","3","1",
"2416","934673673","2004","5","2",
"2417","22301956","2014","1","2",
"2418","221539","2001","3","2",
"2419","88190","2001","9","5",
"2420","96831","2013","5","5",
"2421","9","1992","8","3",
"2422","8870","1976","5","7",
"2423","9631252","2013","7","5",
"2424","623","1995","1","1",
"2425","0","2010","2","7",
"2426","428768","2023","9","3",
"2427","6967","1978","2","2",
"2428","5","1982","3","8",
"2429","43","1974","2","7",
"2430","50","2024","3","1",
"2431","90","2001","2","5",
"2432","0","1997","5","8",
"2433","963150360","1975","8","2",
"2434","7387674","1994","4","5",
"2435","49820","1976","3","9",
"2436","76","1989","6","2",
"2437","571478","1999","3","1",
"2438","0","2008","1","7",
"2439","4042912","1980","3","7",
"2440","69719367","2002","3","1",
"2441","3","1993","2","7",
"2442","25848","2021","7","7",
"2443","75992","1970","4","8",
"2444","0","1980","9","2",
"2445","7116092","1972","3","2",
"2446","923385446","2006","7","6",
"2447","529","2003","6","4",
"2448","1930743","1979","3","4",
"2449","731707","1979","1","8",
"2450","9952","1992","3","8",
"2451","0","1973","4","1",
"2452","22396","1996","5","2",
"2453","40357206","1996","7","3",
"2454","1666","1976","4","8",
"2455","0","2010","9","5",
"2456","4305","1990","8","4",
"2457","817934746","1993","2","4",
"2458","840232","2017","3","3",
"2459","0","1976","1","4",
"2460","3192","2023","7","4",
"2461","72873","2013","3","3",
"2462","18091","1997","5","4",
"2463","773316","1986","7","7",
"2464","879967162","2008","2","7",
"2465","4","2023","3","7",
"2466","1","2007","4","1",
"2467","884","2021","2","5",
"2468","0","2006","9","4",
"2469","2","1980","7","9",
"2470","7","2018","7","6",
"2471","99994788","1995","8","9",
"2472","8546486","1994","1","6",
"2473","9","1975","8","5",
"2474","680750","2003","5","7",
"2475","9979","2022","5","9",
"2476","9","2004","9","8",
"2477","78104276","1998","3","7",
"2478","15547423","2013","4","6",
"2479","6","1992","6","2",
"2480","0","1973","9","4",
"2481","613166","1995","9","2",
"2482","1","1980","2","7",
"2483","12","2019","3","6",
"2484","4972510","1997","1","5",
"2485","9","2008","4","4",
"2486","200834","2002","8","9",
"2487","97705838","2019","6","6",
"2488","3","2022","6","8",
"2489","510815","1991","3","2",
"2490","45643","2012","1","9",
"2491","7","1996","4","4",
"2492","125655627","1992","8","1",
"2493","285389","2016","4","3",
"2494","2840922","2003","1","5",
"2495","1905","2013","1","1",
"2496","3323","1998","9","6",
"2497","949733843","1978","6","9",
"2498","58292796","1970","3","2",
"2499","149182","2015","6","6",
"2500","622","2008","8","9",
"2501","2105","2023","9","5",
"2502","6222","2018","5","1",
"2503","54651","2009","9","4",
"2504","55590134","2012","1","9",
"2505","17","2020","4","8",
"2506","33","2000","1","2",
"2507","879","1971","7","6",
"2508","553465548","2013","7","9",
"2509","0","2017","2","3",
"2510","851864","1972","3","3",
"2511","50","1985","2","8",
"2512","46303","2009","5","2",
"2513","7","2017","8","5",
"2514","88758944","2024","7","6",
"2515","222030456","1988","7","1",
"2516","0","2024","4","2",
"2517","0","2005","4","2",
"2518","8248349","1984","6","5",
"2519","76008","2000","5","2",
"2520","507835389","1970","9","4",
"2521","909028244","2025","2","3",
"2522","6","1978","9","9",
"2523","3144239","2001","1","7",
"2524","429997","1996","8","8",
"2525","35731","1994","5","6",
"2526","484215","1993","3","5",
"2527","41","1978","9","8",
"2528","852567520","1993","1","9",
"2529","353090","2004","9","8",
"2530","1","1983","7","8",
"2531","6","2001","2","4",
"2532","12","1998","6","5",
"2533","572299","1987","9","7",
"2534","71685117","1998","1","2",
"2535","80","2013","5","5",
"2536","7691","2024","6","7",
"2537","6","1984","1","8",
"2538","6","2012","5","4",
"2539","105279","2012","2","5",
"2540","123","2006","8","5",
"2541","21525","1990","4","2",
"2542","12","2011","2","1",
"2543","0","1992","5","4",
"2544","0","1975","5","9",
"2545","7627222","1988","9","3",
"2546","2","1975","8","2",
"2547","9064","1973","9","7",
"2548","90","2025","7","3",
"2549","0","1980","2","9",
"2550","5085","2014","3","8",
"2551","80","1978","5","2",
"2552","34892","1991","6","8",
"2553","900519","1976","7","4",
"2554","578066","1973","8","9",
"2555","0","1985","9","3",
"2556","5","1993","7","4",
"2557","849595709","2003","4","6",
"2558","5269949","1998","5","9",
"2559","15496","1978","5","2",
"2560","516922615","2011","8","1",
"2561","667","1990","2","8",
"2562","82","2024","1","1",
"2563","0","1996","6","5",
"2564","645284958","2018","6","5",
"2565","500848945","2009","7","9",
"2566","3871509","1993","6","6",
"2567","145640","2016","2","1",
"2568","450941","2019","1","8",
"2569","78188","1987","3","6",
"2570","3","1977","8","3",
"2571","6","2003","8","1",
"2572","0","2010","4","8",
"2573","7909","2004","4","6",
"2574","7","1972","4","5",
"2575","3439532","1982","3","3",
"2576","99","2005","6","8",
"2577","5","1985","8","5",
"2578","4926648","2023","2","4",
"2579","998837","2013","6","5",
"2580","9058","2016","6","8",
"2581","0","2016","8","1",
"2582","3062262","1996","7","5",
"2583","30430","2023","8","7",
"2584","250","1984","6","8",
"2585","5889","1992","2","9",
"2586","185","2004","7","9",
"2587","90","2020","6","5",
"2588","533","1991","2","2",
"2589","810","1987","4","8",
"2590","211991513","2010","1","1",
"2591","86","2012","8","2",
"2592","7583774","1979","1","3",
"2593","0","2016","7","4",
"2594","376","1972","9","3",
"2595","8711","1971","4","3",
"2596","1447","2021","4","7",
"2597","77400","1997","7","3",
"2598","448761985","1979","4","8",
"2599","60791","2005","8","7",
"2600","7350","2009","8","9",
"2601","2","1973","1","4",
"2602","71","1983","4","3",
"2603","4369","2000","8","9",
"2604","417711","1991","8","9",
"2605","1955","1993","8","9",
"2606","680807","1987","7","1",
"2607","9","1996","3","6",
"2608","498683","2001","3","8",
"2609","71261227","2016","9","1",
"2610","63","2024","2","1",
"2611","3523","1995","3","6",
"2612","1431319","1970","5","5",
"2613","690937517","1988","8","2",
"2614","99117925","2019","2","9",
"2615","379","1975","8","3",
"2616","689986923","2003","4","1",
"2617","562","1981","1","9",
"2618","77","1979","3","2",
"2619","28545","1979","4","1",
"2620","86611086","2006","6","7",
"2621","3","2024","9","2",
"2622","65349","1972","8","4",
"2623","6","2016","5","1",
"2624","35","1970","6","4",
"2625","853","1986","4","5",
"2626","9","2016","4","9",
"2627","65082","1978","6","8",
"2628","67463043","1994","2","2",
"2629","219392","1975","5","3",
"2630","598749823","2018","6","2",
"2631","60780373","2022","8","1",
"2632","81745544","1987","8","2",
"2633","99638440","2022","7","6",
"2634","0","1995","4","8",
"2635","282313","2010","1","8",
"2636","9575235","1987","9","4",
"2637","0","1980","6","8",
"2638","49","1978","5","7",
"2639","23466977","2013","7","6",
"2640","482759877","1977","2","6",
"2641","905","2004","4","1",
"2642","29","2007","4","1",
"2643","2122","1981","9","4",
"2644","696554","1995","6","9",
"2645","4612914","1978","7","3",
"2646","56","2003","9","7",
"2647","89","1996","4","5",
"2648","165","2005","2","3",
"2649","174892","1981","9","2",
"2650","3","1995","5","6",
"2651","1","2021","5","1",
"2652","1121","1987","9","3",
"2653","35633429","1982","1","9",
"2654","38456","2001","5","4",
"2655","30042361","1998","7","2",
"2656","0","2019","9","5",
"2657","766","2011","5","5",
"2658","2551","1997","3","6",
"2659","0","1993","5","9",
"2660","0","1978","8","6",
"2661","149071","1979","7","6",
"2662","5879","1999","3","1",
"2663","461","2020","3","6",
"2664","75","1998","9","8",
"2665","47144","1998","7","1",
"2666","4","1980","2","2",
"2667","977639","1974","8","8",
"2668","956975","2023","7","5",
"2669","64810","1975","8","5",
"2670","731839","2022","1","5",
"2671","153","2016","3","7",
"2672","1","1971","8","3",
"2673","44908","2014","6","3",
"2674","84","1976","6","1",
"2675","78","1997","7","5",
"2676","462648","2024","6","3",
"2677","4","1993","2","4",
"2678","973","1977","2","9",
"2679","0","2003","2","9",
"2680","524","1998","4","4",
"2681","48450","1970","1","2",
"2682","2982045","1991","2","8",
"2683","909398","2019","8","5",
"2684","112497","2008","6","5",
"2685","61","2023","9","8",
"2686","44277940","2021","7","7",
"2687","0","2009","9","7",
"2688","10293","1982","2","1",
"2689","0","1984","2","1",
"2690","88828973","2020","3","5",
"2691","6","2018","4","3",
"2692","31411","1990","6","7",
"2693","38373540","1997","3","2",
"2694","1","1970","4","3",
"2695","534","1984","3","5",
"2696","0","2008","3","9",
"2697","616927242","1984","1","6",
"2698","85","2017","5","1",
"2699","987365309","1977","4","8",
"2700","703883","2001","8","1",
"2701","1967","1979","3","7",
"2702","8","2001","6","4",
"2703","87234361","2015","5","6",
"2704","0","1997","8","5",
"2705","0","2016","6","4",
"2706","493","1977","2","6",
"2707","905","1986","7","4",
"2708","673973","2020","4","2",
"2709","1","1993","4","4",
"2710","749419967","1975","8","5",
"2711","883","1986","6","3",
"2712","2","1999","8","6",
"2713","0","1977","6","3",
"2714","650209","1970","5","7",
"2715","665087","2010","2","1",
"2716","0","1983","6","3",
"2717","56865","1975","5","9",
"2718","7","1989","1","3",
"2719","0","1985","3","7",
"2720","24906919","1992","1","2",
"2721","0","1970","1","5",
"2722","0","1999","3","3",
"2723","590","1992","9","9",
"2724","1054","1995","5","8",
"2725","46273523","2014","6","2",
"2726","8912","1999","3","8",
"2727","9571","1983","5","1",
"2728","9699408","2008","3","7",
"2729","9055","1987","2","6",
"2730","5870799","1989","5","9",
"2731","329848","2017","1","8",
"2732","3","1977","2","4",
"2733","92263653","2007","1","9",
"2734","582","1981","1","8",
"2735","0","2017","5","8",
"2736","42339182","1970","7","6",
"2737","7","2004","5","3",
"2738","4","2014","4","4",
"2739","6074","2019","8","6",
"2740","126387802","2013","7","3",
"2741","184953036","2000","6","7",
"2742","8715387","2002","2","4",
"2743","2209","1994","6","2",
"2744","8491","1978","8","2",
"2745","714","1999","3","3",
"2746","2467","1985","1","3",
"2747","212753442","1980","7","4",
"2748","565782733","1993","8","8",
"2749","78","2012","6","4",
"2750","51905306","2023","2","7",
"2751","16617031","1994","2","2",
"2752","99","2013","1","2",
"2753","768377471","2009","4","9",
"2754","21157362","1991","3","5",
"2755","8932936","1979","4","7",
"2756","965878935","1989","3","2",
"2757","40619","1998","5","4",
"2758","98","1996","3","6",
"2759","138","1991","9","9",
"2760","52","1995","5","5",
"2761","26","2001","3","5",
"2762","3","2020","6","6",
"2763","0","1992","4","1",
"2764","772150070","1975","9","6",
"2765","520","2016","1","9",
"2766","96","1981","9","7",
"2767","5342","1975","9","9",
"2768","520941","1983","2","1",
"2769","5","1990","5","5",
"2770","571","1995","8","4",
"2771","4648","1972","8","1",
"2772","3","1975","4","9",
"2773","9442","2002","9","8",
"2774","58442732","2016","4","2",
"2775","72084","2011","4","9",
"2776","1587298","2023","9","5",
"2777","7580","2017","6","2",
"2778","77747941","1984","3","5",
"2779","0","1996","6","2",
"2780","108706","2023","4","2",
"2781","392","1995","9","1",
"2782","722585","1974","4","2",
"2783","140210","2010","7","2",
"2784","9347176","1984","3","6",
"2785","7760","1980","7","7",
"2786","385","2001","3","5",
"2787","467511172","2023","1","6",
"2788","70480","1996","3","2",
"2789","6858","2010","7","8",
"2790","397096","2007","9","1",
"2791","41790","2005","3","8",
"2792","592","1994","9","5",
"2793","33","2008","9","4",
"2794","324","1988","2","3",
"2795","29089","2006","6","4",
"2796","14836045","2010","6","2",
"2797","68","1993","8","4",
"2798","115","1999","2","8",
"2799","880861055","1978","1","2",
"2800","26","1992","5","1",
"2801","6","2011","4","2",
"2802","1562103","1993","4","3",
"2803","0","2009","7","8",
"2804","4","1979","9","1",
"2805","304458","1990","6","5",
"2806","3218480","2007","1","7",
"2807","5506891","2013","9","6",
"2808","5081738","2000","9","7",
"2809","9839368","1982","3","2",
"2810","173656972","2006","2","2",
"2811","76182","1984","6","5",
"2812","0","1993","8","3",
"2813","4014","2012","4","2",
"2814","319608","2015","4","9",
"2815","0","2023","5","6",
"2816","86976260","1993","3","3",
"2817","3690320","1998","5","6",
"2818","6440561","2020","1","3",
"2819","9226","1977","3","7",
"2820","656625","2006","3","7",
"2821","0","2003","2","9",
"2822","0","2001","5","4",
"2823","4731","2016","2","9",
"2824","930406593","1985","6","3",
"2825","1827645","2016","2","4",
"2826","0","1988","6","5",
"2827","70316","2001","2","4",
"2828","2224","2003","9","1",
"2829","9533","1989","7","8",
"2830","0","2016","7","7",
"2831","95","1970","6","8",
"2832","955212","1980","9","5",
"2833","7962","1979","5","2",
"2834","448660174","2015","1","7",
"2835","274703","2020","6","5",
"2836","45672","1995","5","4",
"2837","0","2024","6","1",
"2838","48","2014","9","6",
"2839","144","1987","6","9",
"2840","55778499","1975","2","6",
"2841","8356","2015","2","8",
"2842","0","1996","5","7",
"2843","2","1992","3","7",
"2844","79559","1997","6","1",
"2845","40","1972","3","8",
"2846","88","1980","7","4",
"2847","7928444","2007","2","8",
"2848","45","1979","7","3",
"2849","5911782","2022","5","3",
"2850","7551","1999","5","6",
"2851","0","1996","7","7",
"2852","331740","2009","9","4",
"2853","5282","1987","5","4",
"2854","49066102","1977","4","2",
"2855","52603372","2025","7","3",
"2856","682056","1988","9","7",
"2857","0","2005","5","7",
"2858","6038","2007","1","9",
"2859","0","1971","5","3",
"2860","107","2024","6","8",
"2861","36641222","2024","5","4",
"2862","964","1998","8","1",
"2863","38","2002","2","3",
"2864","496496639","1970","7","9",
"2865","208647","2021","6","2",
"2866","4","1997","5","7",
"2867","99446024","1985","7","6",
"2868","5059","2002","4","9",
"2869","5","2021","6","3",
"2870","0","2006","4","1",
"2871","2310","1988","5","9",
"2872","18270","1991","7","2",
"2873","66034973","1972","6","5",
"2874","90","2005","5","1",
"2875","53770365","1978","1","2",
"2876","387479","1981","3","9",
"2877","1945","2016","6","2",
"2878","19005","1976","3","6",
"2879","5750264","1994","9","2",
"2880","68391","2010","8","1",
"2881","3018","1981","4","2",
"2882","4889255","1981","1","4",
"2883","37484","2018","6","2",
"2884","756","1993","3","9",
"2885","925857198","2000","9","1",
"2886","585351417","1986","7","3",
"2887","5696","2012","1","4",
"2888","29","2011","4","4",
"2889","7959","2005","4","3",
"2890","704452147","1985","7","2",
"2891","828","2007","3","2",
"2892","2849773","1990","8","4",
"2893","386","2000","4","2",
"2894","8","1989","2","4",
"2895","40278955","1990","2","4",
"2896","54627","1988","7","2",
"2897","7248","2019","7","1",
"2898","0","2003","9","1",
"2899","34","1991","6","5",
"2900","8334","1998","4","6",
"2901","5773744","1980","1","4",
"2902","1902","2016","8","3",
"2903","35844","1971","2","5",
"2904","336647","1984","9","2",
"2905","0","2001","9","2",
"2906","191024","2015","7","9",
"2907","622","2013","2","5",
"2908","436","1972","8","7",
"2909","86194","2024","5","5",
"2910","7914","1997","9","5",
"2911","360439919","1971","4","2",
"2912","4","1971","3","6",
"2913","6699131","1993","8","6",
"2914","32936","2009","2","7",
"2915","858465","1984","7","1",
"2916","993314","2001","5","3",
"2917","2976","1996","9","6",
"2918","40","1975","8","4",
"2919","1596","2009","5","3",
"2920","0","1984","2","9",
"2921","92852","1997","3","9",
"2922","151009388","1984","4","3",
"2923","239459100","2010","4","1",
"2924","967","1996","3","4",
"2925","822787622","2017","7","2",
"2926","56749002","1996","7","4",
"2927","5115842","2006","6","3",
"2928","246609","1982","2","2",
"2929","29073","1984","2","6",
"2930","7","2008","7","6",
"2931","2440062","2024","6","7",
"2932","9802823","1982","8","8",
"2933","7","2000","4","3",
"2934","34209991","1987","8","8",
"2935","4","2002","6","5",
"2936","1513","2018","5","5",
"2937","8","1985","5","1",
"2938","3","2000","4","2",
"2939","7289737","2008","6","1",
"2940","0","1995","5","2",
"2941","923272155","1990","7","5",
"2942","76719","1988","2","2",
"2943","6","1981","8","3",
"2944","550808943","2016","2","6",
"2945","93","2009","3","4",
"2946","24","2017","5","4",
"2947","256","2011","6","9",
"2948","59999","1986","5","1",
"2949","498697","2012","3","5",
"2950","34","1988","6","1",
"2951","3083","2022","3","5",
"2952","360076","2002","3","3",
"2953","8","1996","5","8",
"2954","31","1994","6","2",
"2955","977019","2016","2","3",
"2956","92","1977","4","4",
"2957","6539768","2021","2","2",
"2958","3636818","1986","4","4",
"2959","4","1971","5","9",
"2960","0","1970","3","7",
"2961","4555","1994","9","9",
"2962","177683","1996","7","2",
"2963","730","1996","4","3",
"2964","67905643","1990","2","7",
"2965","790676","2015","3","1",
"2966","689871","2007","5","3",
"2967","218853","1971","6","9",
"2968","1748","1972","8","9",
"2969","55550327","1975","9","7",
"2970","2420658","2020","9","8",
"2971","363167637","1982","7","9",
"2972","28","1980","5","4",
"2973","5492","1983","8","5",
"2974","9734","2019","3","1",
"2975","3","1974","9","2",
"2976","429147","2014","2","3",
"2977","589","2001","9","4",
"2978","91133","1989","3","5",
"2979","0","1978","9","7",
"2980","0","1984","5","6",
"2981","2","1991","3","8",
"2982","20779190","1994","5","2",
"2983","21286598","1985","8","6",
"2984","399110109","1982","7","2",
"2985","163","1984","5","3",
"2986","8632774","1973","3","1",
"2987","70","1984","4","6",
"2988","651918","1976","8","9",
"2989","88","1987","3","7",
"2990","6383","2025","4","6",
"2991","2215950","2010","6","3",
"2992","202","2000","2","2",
"2993","2359165","1971","1","7",
"2994","2668","2014","9","3",
"2995","50347","1983","7","9",
"2996","5","1983","9","4",
"2997","585618","1983","5","9",
"2998","181","2008","5","5",
"2999","473792","1988","8","5",
"3000","41564104","1978","2","2",
"3001","296526166","1979","7","5",
"3002","6246955","1987","5","2",
"3003","757312852","2018","1","5",
"3004","648408200","2001","3","5",
"3005","116484870","2017","7","8",
"3006","25","2002","1","1",
"3007","21706123","1998","8","1",
"3008","8","2015","6","4",
"3009","209317722","2007","5","2",
"3010","73863","1989","7","1",
"3011","868604","1983","9","2",
"3012","5","1984","2","9",
"3013","47030813","1990","6","9",
"3014","9685042","1996","6","9",
"3015","0","2001","1","9",
"3016","484","2017","5","9",
"3017","8519","2005","2","8",
"3018","0","1977","1","9",
"3019","13260261","1990","3","5",
"3020","371224","2008","8","4",
"3021","61290192","2011","9","6",
"3022","1","1992","6","6",
"3023","5","1987","6","6",
"3024","988","1983","4","9",
"3025","7915","1994","9","9",
"3026","71072","1992","1","9",
"3027","4","1983","7","6",
"3028","44","1983","3","2",
"3029","32","2005","6","4",
"3030","53657918","2005","4","7",
"3031","7644","2012","3","9",
"3032","851","2024","9","2",
"3033","809190","1996","7","2",
"3034","3078698","2022","7","6",
"3035","9","2021","3","5",
"3036","5","2016","5","2",
"3037","0","2000","9","5",
"3038","767","1975","3","2",
"3039","0","1980","3","7",
"3040","187","1986","6","7",
"3041","1","1985","6","2",
"3042","71180","2019","1","5",
"3043","0","1971","5","8",
"3044","364634","2014","8","3",
"3045","8","2009","3","5",
"3046","4367468","2012","4","2",
"3047","446","1978","1","1",
"3048","85465626","2022","6","5",
"3049","361","1981","4","3",
"3050","528782208","2003","4","2",
"3051","10876","1981","5","3",
"3052","0","1997","5","9",
"3053","5","2010","5","2",
"3054","558","2024","7","4",
"3055","7762212","1975","1","7",
"3056","0","1975","4","2",
"3057","6919238","2002","6","9",
"3058","27489","1977","1","1",
"3059","502514583","2022","5","6",
"3060","6020","2019","4","7",
"3061","189","2016","5","9",
"3062","73020844","2007","3","3",
"3063","705752","1973","8","9",
"3064","435","2014","5","9",
"3065","0","2024","3","1",
"3066","253023038","2020","6","1",
"3067","552789055","1987","1","4",
"3068","0","2025","2","7",
"3069","31109304","1974","7","7",
"3070","18","1994","3","8",
"3071","232636819","1973","8","3",
"3072","3874","2018","8","3",
"3073","1854557","1986","8","7",
"3074","58820","2012","9","3",
"3075","907","2015","1","4",
"3076","0","2011","5","2",
"3077","1636538","1981","5","9",
"3078","0","2007","9","1",
"3079","659687087","1976","5","1",
"3080","410","1972","7","3",
"3081","49674226","2008","4","6",
"3082","743252170","2019","9","5",
"3083","76872897","1985","2","6",
"3084","0","1980","6","8",
"3085","8615","1993","2","4",
"3086","656571","1974","4","1",
"3087","22405230","1970","2","7",
"3088","944769","1979","5","2",
"3089","913","1976","3","6",
"3090","539","2014","4","2",
"3091","0","1979","2","5",
"3092","8098","1990","1","2",
"3093","731498636","2021","6","2",
"3094","7","2005","2","6",
"3095","9394","2012","5","9",
"3096","52","1974","7","9",
"3097","8","2017","5","2",
"3098","781","1985","1","3",
"3099","0","2016","5","4",
"3100","7718","1984","3","9",
"3101","59","1971","7","5",
"3102","67","2000","4","2",
"3103","9705","1987","4","6",
"3104","7041667","2017","8","9",
"3105","1769387","1970","7","5",
"3106","46","1972","7","6",
"3107","5222","1980","7","7",
"3108","226472","1999","1","1",
"3109","74190","1995","9","2",
"3110","348991","2020","2","3",
"3111","714","2001","6","2",
"3112","0","1989","4","8",
"3113","5","1971","1","3",
"3114","64310731","2003","6","4",
"3115","67658","1987","2","9",
"3116","6776","1996","7","9",
"3117","79","1980","4","2",
"3118","8","1995","1","4",
"3119","57618666","1975","4","3",
"3120","863720","1972","6","3",
"3121","5336911","1980","6","1",
"3122","60025476","1970","7","3",
"3123","34689774","2022","2","6",
"3124","325450234","1995","3","4",
"3125","140226","2002","3","4",
"3126","177952","1999","1","9",
"3127","757184532","2025","1","1",
"3128","8411","2008","4","3",
"3129","0","2014","1","5",
"3130","0","2021","9","5",
"3131","9180597","2004","8","4",
"3132","1873","2001","3","4",
"3133","2112999","2014","6","4",
"3134","7576943","2003","6","6",
"3135","635037","2000","5","7",
"3136","184194","1988","4","1",
"3137","843156","1983","5","8",
"3138","55798","2016","7","9",
"3139","92226694","2011","8","6",
"3140","644360928","1995","7","6",
"3141","8690441","1993","2","4",
"3142","0","2013","2","3",
"3143","6","2009","1","7",
"3144","1242698","2020","9","9",
"3145","1064","1977","5","2",
"3146","0","2023","4","7",
"3147","69","2008","7","6",
"3148","72520","2011","5","4",
"3149","192","1997","9","7",
"3150","46584","1984","5","4",
"3151","443","1973","3","3",
"3152","17126","1976","4","9",
"3153","540032","1986","9","2",
"3154","1425154","2004","9","4",
"3155","0","1970","6","6",
"3156","76","1992","7","6",
"3157","39099","2023","3","7",
"3158","25431707","1972","1","1",
"3159","5506601","1995","3","2",
"3160","974234101","1985","2","7",
"3161","603233884","1981","4","1",
"3162","424146977","1981","4","9",
"3163","27428048","2011","3","6",
"3164","132","2011","5","9",
"3165","79753","1997","2","1",
"3166","1","1971","1","3",
"3167","773","1995","6","9",
"3168","33000","2023","1","3",
"3169","890478868","1995","5","8",
"3170","20","1994","4","1",
"3171","54383265","1986","5","9",
"3172","70978672","2007","3","7",
"3173","0","2004","4","2",
"3174","817924","2009","2","4",
"3175","1","1992","5","7",
"3176","6745412","1973","8","2",
"3177","4142","2003","8","5",
"3178","0","2005","6","6",
"3179","82045","1974","1","5",
"3180","779879","1991","3","6",
"3181","27909535","2009","6","2",
"3182","6075","1975","7","5",
"3183","20965450","1972","8","3",
"3184","0","1980","1","2",
"3185","0","2001","3","1",
"3186","546610","2004","9","7",
"3187","2627661","2023","1","8",
"3188","8513058","1992","7","8",
"3189","8391","2004","4","1",
"3190","4","2015","5","8",
"3191","597","2011","3","6",
"3192","9598034","1998","3","6",
"3193","222","1998","6","4",
"3194","155","2007","1","9",
"3195","4672","2000","4","9",
"3196","5237215","1998","6","8",
"3197","60","1985","1","3",
"3198","39","2003","7","5",
"3199","5846","2016","9","1",
"3200","152","1971","2","8",
"3201","934920","1995","8","4",
"3202","7176472","2012","7","7",
"3203","88225","2000","2","5",
"3204","72","1999","6","7",
"3205","65305963","2015","6","6",
"3206","86592","1996","7","4",
"3207","919000","1980","5","7",
"3208","59408","2004","4","6",
"3209","1244","2007","1","9",
"3210","636526","2012","1","6",
"3211","4","2013","7","9",
"3212","75666","1983","2","4",
"3213","9","2016","2","6",
"3214","9080315","2002","6","9",
"3215","382","2009","1","3",
"3216","7874","1989","7","7",
"3217","7783","2003","2","5",
"3218","0","2022","2","1",
"3219","979844","1995","2","2",
"3220","6611","1977","8","3",
"3221","96122","1987","5","6",
"3222","981","2006","9","4",
"3223","815","1985","6","7",
"3224","0","1970","4","3",
"3225","33229212","2019","6","4",
"3226","4077","2023","5","9",
"3227","56817767","2022","8","9",
"3228","9390963","1990","7","9",
"3229","83","1976","4","9",
"3230","38","1990","8","1",
"3231","0","2023","4","9",
"3232","43741259","2011","6","2",
"3233","956","1974","4","6",
"3234","669910083","2023","6","3",
"3235","4","2024","1","9",
"3236","6","2025","5","1",
"3237","8544","2006","2","4",
"3238","0","1987","9","1",
"3239","49","2014","3","5",
"3240","2445554","2018","2","3",
"3241","963356611","1980","1","6",
"3242","311805907","1989","6","5",
"3243","10300","1999","4","2",
"3244","855","2002","7","6",
"3245","949","2016","2","3",
"3246","518761","1983","7","8",
"3247","372","1987","4","8",
"3248","7463104","1981","4","6",
"3249","0","1987","4","9",
"3250","70934651","1998","7","2",
"3251","76612907","1988","8","9",
"3252","662197396","1984","2","6",
"3253","45","1981","4","5",
"3254","3","2004","9","4",
"3255","43","1976","7","4",
"3256","0","2018","4","4",
"3257","0","1986","6","8",
"3258","59","2021","4","8",
"3259","1792","2024","6","4",
"3260","97488","2008","8","2",
"3261","4585","1978","9","7",
"3262","376052","1970","1","7",
"3263","621871675","2008","6","8",
"3264","26294098","1974","9","1",
"3265","802767874","2003","4","1",
"3266","703","1970","1","9",
"3267","81778547","1992","5","5",
"3268","5","2011","9","1",
"3269","70347","1980","6","4",
"3270","38","1996","9","9",
"3271","5","1977","9","2",
"3272","15087","2011","3","8",
"3273","68847662","2025","1","6",
"3274","310085","1994","7","3",
"3275","9621","1992","1","5",
"3276","4","1972","3","4",
"3277","33","1985","3","9",
"3278","804313","2009","8","5",
"3279","77","1983","9","5",
"3280","963032","1993","5","1",
"3281","9997576","2004","1","9",
"3282","0","1971","3","9",
"3283","4698328","1985","8","3",
"3284","27550","2014","6","7",
"3285","61521490","2015","8","7",
"3286","3287","1989","8","7",
"3287","83","2022","2","7",
"3288","821873673","1984","5","7",
"3289","0","1980","2","7",
"3290","8","2020","1","1",
"3291","745205","2018","3","3",
"3292","8","2000","6","4",
"3293","412","1994","6","6",
"3294","60835","1985","9","6",
"3295","538","1990","2","9",
"3296","952","2015","9","7",
"3297","1","1977","8","5",
"3298","75","1994","8","8",
"3299","727","2000","7","2",
"3300","0","1992","4","4",
"3301","10","2014","8","6",
"3302","703","2007","2","7",
"3303","84200","2001","3","5",
"3304","1895","1998","9","7",
"3305","0","1981","6","8",
"3306","27","1998","2","6",
"3307","1","2000","8","8",
"3308","131808","1975","4","8",
"3309","61","2008","6","4",
"3310","21297068","2000","6","9",
"3311","392193713","2006","2","4",
"3312","161","2001","5","5",
"3313","0","2008","2","8",
"3314","6361","2008","5","5",
"3315","0","2021","8","1",
"3316","6799038","1998","8","1",
"3317","26","2009","5","2",
"3318","1648234","2001","1","3",
"3319","36","1989","7","7",
"3320","605602","2019","5","7",
"3321","40434408","2003","2","7",
"3322","382","1996","3","8",
"3323","93","1978","8","9",
"3324","642989","2023","9","1",
"3325","2872","2008","3","5",
"3326","0","1998","9","8",
"3327","789756","2014","2","2",
"3328","975","2001","7","9",
"3329","4601","1992","4","7",
"3330","861290724","2006","9","3",
"3331","690079","1990","8","2",
"3332","8381","1990","9","1",
"3333","95068","2023","2","8",
"3334","199","1973","1","7",
"3335","9107","1993","7","6",
"3336","42","2025","8","6",
"3337","0","2007","7","1",
"3338","752339","1998","3","4",
"3339","53651","2008","5","3",
"3340","0","2004","1","9",
"3341","2","2010","1","8",
"3342","6036","2023","8","8",
"3343","30","2024","7","3",
"3344","22","2008","8","2",
"3345","185656754","2007","1","4",
"3346","8718","1997","7","1",
"3347","98131","1994","1","4",
"3348","0","1980","1","7",
"3349","5338","1991","8","3",
"3350","6071","1997","6","6",
"3351","45585","2025","1","2",
"3352","0","1998","7","1",
"3353","911","2018","6","5",
"3354","0","1972","5","6",
"3355","24549976","2019","4","7",
"3356","9886932","2023","1","3",
"3357","61","1979","2","1",
"3358","37","2024","2","8",
"3359","7","2007","7","3",
"3360","133895","2003","5","1",
"3361","1468","1997","6","7",
"3362","0","1984","9","1",
"3363","274","1975","9","1",
"3364","9005421","1996","4","6",
"3365","0","2005","8","7",
"3366","202355959","1970","6","1",
"3367","306180","1979","4","4",
"3368","4141132","2002","3","3",
"3369","1","2024","5","9",
"3370","95900","1989","4","1",
"3371","6248","1975","5","7",
"3372","47","2017","7","3",
"3373","8","2007","1","8",
"3374","316920","2018","3","4",
"3375","6790427","1978","9","8",
"3376","6","2004","6","7",
"3377","0","2007","8","6",
"3378","981","2007","6","3",
"3379","38089","1993","2","2",
"3380","343688911","1980","6","6",
"3381","11222","2013","2","8",
"3382","420134","1993","9","5",
"3383","495","1993","7","8",
"3384","9367","1998","8","1",
"3385","1691589","1996","9","9",
"3386","2","1984","9","5",
"3387","41541783","2025","1","6",
"3388","0","1995","1","6",
"3389","6","2003","8","4",
"3390","84300","1989","7","8",
"3391","0","2010","2","6",
"3392","16884","2016","5","9",
"3393","0","2023","4","5",
"3394","9","2008","1","5",
"3395","623743","2013","1","9",
"3396","940785","2016","6","7",
"3397","102","1976","5","2",
"3398","21","1970","8","8",
"3399","595","1998","6","2",
"3400","2","2013","4","8",
"3401","29251","1994","5","9",
"3402","8027940","2014","2","6",
"3403","7","1974","9","1",
"3404","2579","2020","6","5",
"3405","227553","2024","8","9",
"3406","994","1996","2","2",
"3407","681995","1982","4","3",
"3408","86806821","1988","8","6",
"3409","80","2021","4","9",
"3410","1","2000","9","7",
"3411","8565386","1990","7","7",
"3412","55557575","1983","1","1",
"3413","96467681","1976","6","8",
"3414","9381","2009","8","7",
"3415","3410","2022","8","5",
"3416","94","1983","6","4",
"3417","613216","1982","6","3",
"3418","775004","1979","2","6",
"3419","0","1988","6","3",
"3420","92778","1977","3","4",
"3421","646840241","1984","4","2",
"3422","698","2019","5","7",
"3423","518307","2012","5","2",
"3424","7864816","1976","5","2",
"3425","1078665","1984","5","4",
"3426","0","1985","1","6",
"3427","8579778","1985","6","2",
"3428","294456378","1974","9","9",
"3429","154","2006","9","6",
"3430","79877448","2007","8","9",
"3431","692584","2018","6","4",
"3432","0","1970","5","8",
"3433","7239961","1973","9","6",
"3434","864352674","2023","9","5",
"3435","50703","1998","5","8",
"3436","1916","2000","2","1",
"3437","79595","2009","4","1",
"3438","7036574","1986","2","5",
"3439","913723579","1991","1","2",
"3440","5722542","1995","5","6",
"3441","9455556","1998","1","4",
"3442","64","1987","4","1",
"3443","996","1988","9","6",
"3444","891","2006","8","9",
"3445","0","1988","3","4",
"3446","692751","1988","4","1",
"3447","809","1999","9","8",
"3448","118842","1995","5","6",
"3449","8287861","1971","4","7",
"3450","10","1983","6","6",
"3451","36337","1982","6","1",
"3452","476943620","1992","3","9",
"3453","5190","1977","8","9",
"3454","827554","1975","4","5",
"3455","2317087","1991","9","1",
"3456","54797133","1973","1","8",
"3457","0","1974","5","3",
"3458","57471","2002","3","7",
"3459","709013","1988","6","7",
"3460","290448","2024","7","9",
"3461","9","2000","3","6",
"3462","0","1975","5","7",
"3463","708106480","1996","2","9",
"3464","419677675","2017","5","5",
"3465","508449406","2020","4","5",
"3466","7387","1970","5","8",
"3467","154","2024","5","1",
"3468","562","2010","1","6",
"3469","57869","2001","3","2",
"3470","376724572","2004","5","4",
"3471","120366403","2004","5","1",
"3472","724273262","2009","1","3",
"3473","0","2002","3","4",
"3474","8210590","1984","9","3",
"3475","346","1970","1","7",
"3476","248131","2009","5","1",
"3477","5569","2022","5","3",
"3478","2","1991","2","8",
"3479","76569366","2013","2","6",
"3480","74","2006","4","4",
"3481","5","2009","7","5",
"3482","6556890","1988","7","4",
"3483","0","1995","3","5",
"3484","2","2018","6","3",
"3485","0","2003","1","3",
"3486","76298655","1979","7","3",
"3487","27180472","2002","5","3",
"3488","6335","1978","1","2",
"3489","77027","1975","6","2",
"3490","29352","2003","2","4",
"3491","7","2013","7","3",
"3492","6303","1980","9","1",
"3493","518","1990","4","6",
"3494","3690977","2016","9","3",
"3495","6117","2022","8","8",
"3496","528","1991","5","4",
"3497","94","2020","6","5",
"3498","935166","1973","5","5",
"3499","342048","1973","1","2",
"3500","376861743","2006","4","7",
"3501","0","2010","2","9",
"3502","33804031","1987","5","9",
"3503","178156","2005","7","4",
"3504","0","1994","5","7",
"3505","773646","1976","4","4",
"3506","64207198","1993","1","9",
"3507","5","1998","7","5",
"3508","39067511","1982","1","7",
"3509","661783435","1976","9","4",
"3510","8731930","2018","2","8",
"3511","631308926","1994","9","9",
"3512","4620","2009","7","6",
"3513","266913","2013","2","4",
"3514","84038508","1978","3","3",
"3515","9813","2012","9","7",
"3516","22649143","2010","1","6",
"3517","8166691","1973","2","4",
"3518","44623","1990","4","6",
"3519","863313","2006","6","9",
"3520","89874393","1982","7","6",
"3521","956","1973","7","2",
"3522","4","2002","4","4",
"3523","15523560","1972","7","3",
"3524","25607","1991","4","3",
"3525","0","2005","3","7",
"3526","85","2016","4","8",
"3527","4341862","1980","9","1",
"3528","582292","2025","1","6",
"3529","5260","2019","7","8",
"3530","16","1991","6","2",
"3531","0","2010","6","6",
"3532","0","2010","4","6",
"3533","73334976","2016","1","3",
"3534","1357","1984","7","6",
"3535","6","1972","3","5",
"3536","0","1986","9","7",
"3537","1576844","2004","7","3",
"3538","7670194","2022","8","6",
"3539","846341","2008","6","6",
"3540","16311","1976","4","9",
"3541","94","2025","8","9",
"3542","979","2007","8","2",
"3543","77535","2005","9","3",
"3544","0","2013","9","1",
"3545","0","1990","8","8",
"3546","86247","1974","9","4",
"3547","0","1971","2","5",
"3548","504","1976","7","1",
"3549","11360813","1990","7","5",
"3550","0","2015","4","6",
"3551","2768","1982","9","7",
"3552","206261","1982","7","4",
"3553","6","1997","1","2",
"3554","0","1984","1","9",
"3555","5","1984","8","6",
"3556","4343","2020","4","6",
"3557","81990","2002","2","2",
"3558","4925","1978","6","1",
"3559","73","2013","9","8",
"3560","80053481","2021","2","6",
"3561","252","1992","8","8",
"3562","900905","2013","6","4",
"3563","0","1979","4","7",
"3564","62535","2010","5","1",
"3565","29","2022","8","2",
"3566","875984","1986","6","1",
"3567","580","1985","8","4",
"3568","9155087","2022","6","7",
"3569","0","1999","2","2",
"3570","9853","1985","2","5",
"3571","275","2010","1","5",
"3572","86393","1972","5","6",
"3573","1929","1988","6","9",
"3574","620464429","2000","5","5",
"3575","3468","1988","5","9",
"3576","4624972","2010","6","7",
"3577","561","2014","4","1",
"3578","0","1980","7","2",
"3579","0","1994","7","8",
"3580","8790","1983","5","2",
"3581","7192496","1991","2","1",
"3582","795167745","2013","6","7",
"3583","69434710","2012","3","6",
"3584","0","1979","3","3",
"3585","0","2000","5","8",
"3586","423310","1983","7","9",
"3587","2","2004","7","3",
"3588","8340","1977","6","9",
"3589","5252044","1979","1","8",
"3590","4772051","1986","1","5",
"3591","3397667","1990","4","2",
"3592","382870","2020","2","9",
"3593","876","2003","9","2",
"3594","642","2008","3","7",
"3595","188","1993","7","1",
"3596","83928","2016","4","8",
"3597","7727","2015","5","4",
"3598","568066","2025","5","9",
"3599","25","1979","4","4",
"3600","379","2024","9","4",
"3601","138235186","1997","6","6",
"3602","45509","1999","1","1",
"3603","58","1993","6","3",
"3604","786048","1979","6","6",
"3605","462","2024","4","6",
"3606","47424","1975","2","3",
"3607","3","2014","4","5",
"3608","5","2000","8","1",
"3609","36330411","1992","6","3",
"3610","0","2000","7","4",
"3611","6366","1991","2","3",
"3612","0","1980","5","4",
"3613","1361795","2024","9","7",
"3614","0","2012","6","6",
"3615","60501","1989","2","8",
"3616","99253404","2023","7","1",
"3617","5","2016","1","4",
"3618","17874","1973","4","4",
"3619","601","1996","3","4",
"3620","213","1981","3","9",
"3621","4","1994","7","2",
"3622","97352536","2003","6","6",
"3623","62","2022","1","8",
"3624","47","2021","8","4",
"3625","2387","2005","7","5",
"3626","9","2008","8","5",
"3627","0","1991","9","6",
"3628","775901856","1985","6","8",
"3629","636","1982","9","4",
"3630","0","1976","7","7",
"3631","7490","2023","6","5",
"3632","0","1997","1","5",
"3633","9996","1998","5","2",
"3634","4232","2009","9","6",
"3635","2","1994","8","3",
"3636","31098944","1994","8","5",
"3637","2507098","1988","9","3",
"3638","88551","1978","4","3",
"3639","1969","1991","7","7",
"3640","0","1992","2","1",
"3641","18668846","1972","2","4",
"3642","4","1999","2","3",
"3643","95920912","1995","7","8",
"3644","0","1999","6","3",
"3645","31128","1974","4","2",
"3646","714686489","1974","4","3",
"3647","4157583","1976","7","2",
"3648","7109012","1970","7","9",
"3649","1584140","2003","2","6",
"3650","2457","2013","9","7",
"3651","7527845","2021","1","3",
"3652","43","1984","6","2",
"3653","797882857","1979","2","6",
"3654","0","2025","7","2",
"3655","0","2025","6","8",
"3656","907742","1985","6","4",
"3657","29954","2016","4","8",
"3658","184779713","1980","3","5",
"3659","9","2010","7","3",
"3660","11","1974","9","9",
"3661","957777","2021","8","9",
"3662","929939293","1984","3","8",
"3663","652618147","2019","9","5",
"3664","4035","2014","6","7",
"3665","162379129","2004","5","5",
"3666","7642932","2020","6","4",
"3667","23428","1978","7","6",
"3668","6328605","1992","7","6",
"3669","0","1998","8","2",
"3670","47771946","1984","9","1",
"3671","0","2014","5","9",
"3672","0","1996","7","2",
"3673","98166743","1978","1","4",
"3674","25","2006","9","4",
"3675","261883","2000","9","9",
"3676","295237","2017","6","7",
"3677","952459953","1991","6","2",
"3678","9","2013","9","3",
"3679","64488941","2009","7","6",
"3680","43645","1982","9","2",
"3681","97494","2020","9","4",
"3682","883164","1975","7","8",
"3683","93","2003","9","9",
"3684","0","1984","7","5",
"3685","37","2004","8","8",
"3686","159102525","1978","4","9",
"3687","515","2008","4","6",
"3688","832626367","1987","4","6",
"3689","310107031","2012","6","4",
"3690","0","1989","1","1",
"3691","131094735","2000","5","8",
"3692","54","2011","1","1",
"3693","6686","1992","5","2",
"3694","35","1998","6","1",
"3695","2246510","1991","9","6",
"3696","67299","2022","1","8",
"3697","44","2025","2","3",
"3698","845","2013","7","5",
"3699","8211","1983","7","3",
"3700","2","2019","6","1",
"3701","0","2025","2","2",
"3702","416276930","1999","1","1",
"3703","5","1995","7","4",
"3704","433029","2015","2","9",
"3705","9575517","2022","5","2",
"3706","455637590","1971","6","5",
"3707","5940865","1979","7","8",
"3708","360","1971","4","5",
"3709","8026","1992","5","5",
"3710","697303","2005","3","4",
"3711","73550704","2003","5","6",
"3712","5193","2001","3","4",
"3713","0","1989","8","8",
"3714","240505582","1999","9","9",
"3715","50","1985","7","3",
"3716","531900","1979","6","2",
"3717","48","1983","6","4",
"3718","405","1983","4","9",
"3719","3731","1996","8","1",
"3720","83239874","2005","9","2",
"3721","985581867","2019","8","3",
"3722","56502463","2006","1","6",
"3723","5706","2013","9","1",
"3724","30","1995","1","8",
"3725","15","2011","4","8",
"3726","80","1997","2","8",
"3727","76","1994","7","9",
"3728","839","2004","6","4",
"3729","0","2023","8","4",
"3730","364250","1994","3","5",
"3731","65039974","1988","8","5",
"3732","34","2023","4","7",
"3733","0","1972","5","9",
"3734","610828","1985","8","5",
"3735","6925","2013","2","8",
"3736","5093","2016","2","4",
"3737","61","2012","9","9",
"3738","74","1991","6","9",
"3739","997413","1973","4","9",
"3740","59866336","1986","2","8",
"3741","7771","2004","8","7",
"3742","8504","2017","2","9",
"3743","502903871","1974","7","9",
"3744","9698","2019","4","1",
"3745","237449103","1991","8","4",
"3746","1380","1974","7","3",
"3747","249642","2025","5","8",
"3748","66","2002","2","5",
"3749","350","2015","7","7",
"3750","528054","1990","3","4",
"3751","86991","1977","4","2",
"3752","367173","1998","9","2",
"3753","2","1978","8","8",
"3754","55879335","1974","2","8",
"3755","8600234","2001","8","6",
"3756","100700","1976","3","7",
"3757","17936","1985","8","8",
"3758","374659326","2025","1","9",
"3759","810","2021","7","8",
"3760","618917573","2014","6","9",
"3761","5560796","1988","6","6",
"3762","866","1987","9","2",
"3763","91","1970","7","4",
"3764","9368","1976","9","8",
"3765","0","1973","7","2",
"3766","207743825","2020","8","4",
"3767","4","2019","9","7",
"3768","45","2003","8","6",
"3769","937","1972","1","8",
"3770","321","1981","6","6",
"3771","85","1995","3","1",
"3772","87","1979","8","4",
"3773","398503464","1979","4","8",
"3774","32393331","2020","5","5",
"3775","2975438","2008","7","9",
"3776","715","2017","6","7",
"3777","2","2001","4","4",
"3778","1","1984","1","1",
"3779","8","2004","8","9",
"3780","639889833","1987","9","4",
"3781","605320","1989","3","1",
"3782","8613699","1981","5","9",
"3783","9196","1986","2","3",
"3784","4791013","1990","5","6",
"3785","775","1981","1","5",
"3786","83078","2003","1","5",
"3787","74","1988","3","9",
"3788","0","2019","8","1",
"3789","3871","1995","9","9",
"3790","35405579","1993","1","7",
"3791","376700","2014","4","9",
"3792","0","1980","8","1",
"3793","30","2016","4","7",
"3794","477792","1978","7","2",
"3795","66","2007","4","8",
"3796","39","2004","2","1",
"3797","73031","2020","2","1",
"3798","470792","1977","6","3",
"3799","386027566","1978","1","6",
"3800","7248009","2020","4","7",
"3801","335","1992","8","8",
"3802","3617426","2006","2","2",
"3803","78479","2011","9","2",
"3804","5137","2021","1","9",
"3805","0","2017","4","1",
"3806","401","1985","1","2",
"3807","9","2009","2","9",
"3808","5616811","1989","9","9",
"3809","85","1978","2","2",
"3810","8424783","2017","5","4",
"3811","12510","2005","9","5",
"3812","172644","1997","5","5",
"3813","479011136","2019","1","1",
"3814","85","2019","4","2",
"3815","24811","2000","5","5",
"3816","48734103","1978","1","4",
"3817","8077449","1995","9","6",
"3818","656","2007","5","3",
"3819","76","2020","5","2",
"3820","62122","2000","9","2",
"3821","4707","1977","1","7",
"3822","51506546","1999","5","9",
"3823","97810334","2024","4","1",
"3824","0","2011","7","7",
"3825","285412597","1986","6","1",
"3826","8","1981","2","2",
"3827","3","1990","3","2",
"3828","14943871","2006","2","4",
"3829","56","2008","5","6",
"3830","81677661","2000","6","3",
"3831","15418","2006","2","1",
"3832","979455","1975","8","5",
"3833","3","2017","5","5",
"3834","60108037","1978","9","2",
"3835","77","2017","3","6",
"3836","0","1970","8","1",
"3837","7721101","2014","7","3",
"3838","937787","2019","7","9",
"3839","0","1989","7","7",
"3840","93","2002","2","4",
"3841","119110","2006","2","3",
"3842","0","2006","9","9",
"3843","3","1974","8","1",
"3844","2167855","1978","7","7",
"3845","913448530","1992","3","1",
"3846","724785","1992","7","3",
"3847","3922","1995","8","7",
"3848","9275","1971","5","3",
"3849","912533360","1987","3","8",
"3850","778204","1999","4","2",
"3851","1","2020","5","6",
"3852","4780","2009","8","7",
"3853","5","1971","9","2",
"3854","635658383","1976","5","2",
"3855","22011","2012","5","9",
"3856","3533","1972","2","2",
"3857","202075","2024","7","1",
"3858","0","1988","6","1",
"3859","24022317","1999","9","4",
"3860","9156","1973","4","9",
"3861","1154678","2018","2","2",
"3862","79654","2008","5","9",
"3863","6352","2016","7","2",
"3864","696802144","2017","1","1",
"3865","0","1988","6","2",
"3866","963445879","2001","1","1",
"3867","97237942","1992","1","9",
"3868","64023","1978","6","5",
"3869","667844732","1991","2","1",
"3870","48127","1974","9","1",
"3871","559","1998","2","2",
"3872","57606933","1995","9","3",
"3873","5410744","1999","2","1",
"3874","498","2011","3","7",
"3875","803","2013","2","6",
"3876","839","2010","9","4",
"3877","0","2000","4","4",
"3878","7952","2010","2","6",
"3879","859","2000","9","4",
"3880","329890715","1989","4","9",
"3881","3","1981","1","3",
"3882","40903097","2014","4","3",
"3883","2","1997","4","3",
"3884","2","2000","5","8",
"3885","43","1993","6","7",
"3886","99232412","2014","3","4",
"3887","372458710","1981","8","7",
"3888","0","2003","5","5",
"3889","307049","2017","6","7",
"3890","224022862","1999","5","7",
"3891","5980824","2022","4","1",
"3892","2428","2012","9","9",
"3893","69","1977","3","9",
"3894","44458","1971","2","4",
"3895","9555018","1974","5","8",
"3896","691553","1994","6","6",
"3897","2","1997","8","6",
"3898","1","2025","8","3",
"3899","36","1983","4","5",
"3900","105855","2011","4","6",
"3901","2113","1981","1","5",
"3902","54878409","2005","5","2",
"3903","5903040","1982","5","6",
"3904","0","2016","2","6",
"3905","8793721","2016","9","7",
"3906","5366567","2012","1","6",
"3907","23940","1985","1","1",
"3908","40","1984","8","6",
"3909","9","2006","7","8",
"3910","990545","1998","6","8",
"3911","67728","1974","9","1",
"3912","37348","2014","6","8",
"3913","781","1974","8","7",
"3914","363","2019","5","9",
"3915","8401461","2024","2","9",
"3916","7","2024","6","7",
"3917","7","1981","8","4",
"3918","86","1979","9","5",
"3919","32818","1986","2","8",
"3920","5058264","1987","8","9",
"3921","121960","1973","4","3",
"3922","6117","1976","4","9",
"3923","99979","1971","8","3",
"3924","4","1992","8","3",
"3925","47651","1998","2","9",
"3926","85762","2010","9","1",
"3927","58394","2021","2","7",
"3928","721232151","2009","5","4",
"3929","6","2013","5","9",
"3930","0","2005","2","1",
"3931","859885719","1996","2","5",
"3932","686129","2006","1","7",
"3933","3211","2016","6","7",
"3934","14495","1992","6","9",
"3935","38082","1972","1","3",
"3936","659008041","2013","7","7",
"3937","23817575","2024","5","7",
"3938","58","2005","1","1",
"3939","0","2013","1","2",
"3940","94168","1999","7","8",
"3941","59322","1973","5","8",
"3942","857940318","1995","1","4",
"3943","50198","2008","3","2",
"3944","911347","1994","5","8",
"3945","20017373","2002","1","4",
"3946","2","1992","5","6",
"3947","5646","2016","1","1",
"3948","41036","1973","2","8",
"3949","0","1980","1","1",
"3950","94382","1979","4","8",
"3951","14","2025","7","5",
"3952","12462","1989","2","1",
"3953","0","2008","4","5",
"3954","89350","1973","5","5",
"3955","930","1975","5","3",
"3956","6","2004","3","2",
"3957","820137236","1981","3","9",
"3958","33472648","1987","1","2",
"3959","616372875","2024","4","5",
"3960","65","2012","8","6",
"3961","1133169","2021","7","8",
"3962","2","1988","8","9",
"3963","13453258","1983","3","5",
"3964","4","2000","4","7",
"3965","18","2010","4","3",
"3966","79","1977","6","8",
"3967","392","1974","2","4",
"3968","17932","1972","3","2",
"3969","3","1983","7","1",
"3970","6","2003","4","8",
"3971","0","1973","4","5",
"3972","4115460","1989","6","2",
"3973","37621","2020","1","4",
"3974","243","2004","2","2",
"3975","251388","1973","1","9",
"3976","426","2003","3","7",
"3977","259042","1999","4","7",
"3978","70507","1979","7","4",
"3979","926652424","2016","2","5",
"3980","4753","2024","9","3",
"3981","8895","2014","3","5",
"3982","27056","2015","5","9",
"3983","6362180","2002","6","9",
"3984","624324","2021","4","7",
"3985","42834469","1979","3","4",
"3986","10","2024","4","6",
"3987","1981353","1984","9","6",
"3988","1","2011","6","6",
"3989","5503","1978","4","7",
"3990","0","2009","7","7",
"3991","5302282","2001","1","6",
"3992","49","1994","7","8",
"3993","3601846","1971","8","8",
"3994","7","1984","4","4",
"3995","83","1982","6","9",
"3996","0","1999","5","4",
"3997","86","1973","7","6",
"3998","413","2007","8","6",
"3999","9","2024","3","2",
"4000","1","1980","4","5",
"4001","53112","2021","6","3",
"4002","916970","1987","7","3",
"4003","11","2001","6","7",
"4004","55","2021","7","6",
"4005","780067388","1994","9","4",
"4006","8703","2011","2","9",
"4007","9","2000","7","3",
"4008","0","1994","8","4",
"4009","25236141","1984","6","7",
"4010","3","1970","7","6",
"4011","33924","2019","3","1",
"4012","5864345","2009","9","7",
"4013","284367","1998","4","6",
"4014","94469817","2014","5","2",
"4015","11","2003","7","9",
"4016","27","1996","9","1",
"4017","7036","1988","4","4",
"4018","313183","2005","1","1",
"4019","573","1990","4","8",
"4020","0","1980","9","7",
"4021","4881","2014","3","4",
"4022","78","2021","2","6",
"4023","6466457","1997","9","6",
"4024","727556682","2021","7","8",
"4025","3","1982","8","9",
"4026","61709","2014","1","6",
"4027","723117","1999","9","7",
"4028","23479","2020","9","1",
"4029","89","1986","6","5",
"4030","1764","1987","6","6",
"4031","695","1991","9","4",
"4032","3","1990","5","8",
"4033","493811","2011","8","9",
"4034","56740","1978","5","3",
"4035","756535","2019","1","3",
"4036","9","1993","8","5",
"4037","50","2004","7","3",
"4038","65","2003","7","8",
"4039","9","1973","6","3",
"4040","0","1994","6","8",
"4041","9","1980","4","2",
"4042","54016246","1972","9","6",
"4043","0","1972","4","6",
"4044","155","1995","9","6",
"4045","9529559","1989","1","2",
"4046","65","1994","6","6",
"4047","232305","1970","4","3",
"4048","3099158","1982","1","9",
"4049","869614290","2005","5","7",
"4050","76043","2003","6","1",
"4051","485","2004","9","3",
"4052","540550402","1987","2","5",
"4053","657001","2012","3","6",
"4054","327717335","1993","9","7",
"4055","302","2022","9","9",
"4056","684094","1998","4","4",
"4057","0","1995","5","3",
"4058","6223745","2019","9","7",
"4059","19084494","2001","8","9",
"4060","3289236","1983","7","6",
"4061","0","1977","8","5",
"4062","7667","1971","3","9",
"4063","343","1987","5","9",
"4064","53","1981","7","1",
"4065","1","2014","4","6",
"4066","272","2018","9","4",
"4067","3","2007","9","3",
"4068","42108596","2021","2","4",
"4069","14","1973","2","4",
"4070","92831","1984","1","6",
"4071","3","2013","6","2",
"4072","67170","1990","2","3",
"4073","6545467","1999","9","1",
"4074","489","1984","2","9",
"4075","8864","1990","5","1",
"4076","2578","2012","1","5",
"4077","0","2005","6","3",
"4078","995996","2019","7","2",
"4079","85","2024","1","2",
"4080","645","2016","2","7",
"4081","92797","1976","1","7",
"4082","51","2025","5","6",
"4083","6140462","1994","4","7",
"4084","962657","1991","1","8",
"4085","0","2014","5","5",
"4086","58009503","1989","4","2",
"4087","64074","1997","5","2",
"4088","13342176","1970","2","9",
"4089","4","2015","4","6",
"4090","17845996","2019","3","6",
"4091","53964734","2015","1","6",
"4092","423796","2024","7","1",
"4093","399","1988","4","3",
"4094","974683231","1980","8","9",
"4095","47897525","1997","1","7",
"4096","388127615","2009","5","8",
"4097","6242824","1993","9","4",
"4098","354507","2022","7","3",
"4099","379","1982","8","8",
"4100","113480215","2008","5","1",
"4101","73789859","1974","6","8",
"4102","74241465","1988","5","1",
"4103","72883326","2010","6","3",
"4104","4519384","1973","4","1",
"4105","97992341","2021","2","3",
"4106","2","2012","3","9",
"4107","9927798","1976","4","6",
"4108","0","1993","8","1",
"4109","865445","2010","2","8",
"4110","4","2001","5","9",
"4111","198","1983","5","7",
"4112","7612","2017","8","8",
"4113","91488034","1985","2","8",
"4114","853756","1970","2","5",
"4115","1962","1992","9","9",
"4116","4931","1977","3","5",
"4117","352","1984","6","5",
"4118","0","1977","6","3",
"4119","836161","1984","7","2",
"4120","89","2013","8","9",
"4121","52599","1978","9","4",
"4122","771539","1987","6","4",
"4123","353907","2011","3","8",
"4124","76013","2008","1","5",
"4125","9361","2019","4","4",
"4126","62099","2016","5","5",
"4127","21389379","2001","6","9",
"4128","51405133","2023","4","2",
"4129","307","1973","2","2",
"4130","1718","1995","6","2",
"4131","937","1972","2","2",
"4132","66344221","2009","3","7",
"4133","24930","1970","6","7",
"4134","321019062","2024","4","8",
"4135","86874514","1978","5","3",
"4136","35","1988","6","6",
"4137","67920","1970","1","6",
"4138","6","1972","9","4",
"4139","27","1999","5","5",
"4140","51636297","1979","9","5",
"4141","1306493","2000","4","3",
"4142","42899","1997","1","9",
"4143","65041","1973","3","7",
"4144","381050785","2015","9","6",
"4145","3756450","2001","7","4",
"4146","17097198","2014","9","6",
"4147","473225","1983","1","8",
"4148","5537","1978","4","2",
"4149","59295","1972","7","3",
"4150","0","1972","7","6",
"4151","555","1978","1","7",
"4152","7993","1980","5","8",
"4153","4","2020","6","9",
"4154","8406","2014","6","8",
"4155","3966847","2018","8","5",
"4156","756","1979","7","3",
"4157","0","1982","6","2",
"4158","368","2017","3","2",
"4159","555","1980","8","9",
"4160","0","1985","4","3",
"4161","68794657","1993","1","3",
"4162","2","2022","7","1",
"4163","73518613","2017","7","8",
"4164","5319765","1971","6","7",
"4165","0","1992","7","3",
"4166","955558919","2015","7","5",
"4167","407971242","2020","3","3",
"4168","7","1981","1","2",
"4169","0","2025","3","4",
"4170","946861","1987","4","3",
"4171","296894","2022","6","6",
"4172","9415","1988","7","9",
"4173","8","2022","3","5",
"4174","77","2011","6","8",
"4175","87","2016","5","1",
"4176","5874","1999","3","5",
"4177","89","2000","3","7",
"4178","3963","1999","4","5",
"4179","73691796","2015","1","5",
"4180","336770296","2013","1","9",
"4181","133","1985","8","3",
"4182","70","2006","3","6",
"4183","52","2015","7","4",
"4184","0","1990","5","1",
"4185","678","2020","1","4",
"4186","263100","1976","2","9",
"4187","63594","1998","1","1",
"4188","9087","2020","2","6",
"4189","79","1992","9","9",
"4190","0","2002","4","9",
"4191","443950859","1990","5","4",
"4192","0","1995","1","7",
"4193","134577377","1972","5","9",
"4194","8","1988","8","9",
"4195","4931807","2008","8","1",
"4196","4120","1991","1","8",
"4197","2105652","2000","8","4",
"4198","69849135","2005","4","2",
"4199","4771","2023","9","1",
"4200","20687393","1982","7","7",
"4201","0","1981","5","7",
"4202","0","2016","7","1",
"4203","359383493","2002","8","7",
"4204","17864661","1981","6","1",
"4205","0","1986","5","1",
"4206","0","2001","8","6",
"4207","562","1996","3","2",
"4208","54899","2014","5","3",
"4209","1","2021","6","4",
"4210","4150","1987","7","7",
"4211","62775","1983","9","7",
"4212","4136944","1997","7","1",
"4213","69","2022","7","4",
"4214","4","2009","9","9",
"4215","99","1989","4","6",
"4216","5377","2013","5","4",
"4217","732054985","1990","2","4",
"4218","715493","1981","3","5",
"4219","0","2007","3","2",
"4220","107687","1973","2","5",
"4221","427775073","2017","7","1",
"4222","972","1989","4","1",
"4223","32897","1999","2","3",
"4224","9","1987","1","6",
"4225","8546931","1981","6","2",
"4226","340606","2024","2","6",
"4227","6","1983","8","1",
"4228","55","1997","4","3",
"4229","898467","1972","1","7",
"4230","614696691","2024","7","1",
"4231","345981280","1998","8","2",
"4232","11298","2016","9","5",
"4233","6163","2022","9","9",
"4234","28","1978","9","6",
"4235","1229","2003","4","8",
"4236","63877234","2012","2","1",
"4237","7073","2024","2","1",
"4238","22885193","1978","3","5",
"4239","6587","2020","6","6",
"4240","92","2013","9","2",
"4241","14","1982","1","3",
"4242","45","2025","1","4",
"4243","378483627","1995","8","3",
"4244","39399","2020","4","1",
"4245","4205","1990","5","1",
"4246","8","2005","1","1",
"4247","8","1981","8","3",
"4248","46302442","2011","9","7",
"4249","396674","1994","8","7",
"4250","92076","2017","3","5",
"4251","10376","1979","4","2",
"4252","0","1990","1","9",
"4253","81","1993","8","2",
"4254","6219","2020","4","9",
"4255","0","2019","8","5",
"4256","47657","2020","5","2",
"4257","50","2003","2","7",
"4258","57352","1982","4","2",
"4259","666","2014","8","2",
"4260","93788360","1975","1","7",
"4261","4","2007","8","3",
"4262","3045138","2014","9","9",
"4263","1902944","1999","2","8",
"4264","3036409","1970","4","5",
"4265","9","1974","8","5",
"4266","0","1984","2","3",
"4267","7385","2011","3","8",
"4268","93109921","2016","8","8",
"4269","99514","1979","6","5",
"4270","901904","2008","5","2",
"4271","69319","1995","8","6",
"4272","3548","2024","5","4",
"4273","679216080","1992","7","2",
"4274","65740","1997","4","4",
"4275","4","1994","8","5",
"4276","45967","1988","1","9",
"4277","1905958","2020","3","3",
"4278","397267843","1974","3","2",
"4279","567","2022","9","7",
"4280","970613478","2007","2","9",
"4281","8","2003","1","4",
"4282","314212268","1985","7","5",
"4283","6","2011","5","2",
"4284","404135","2024","8","5",
"4285","2","1998","6","5",
"4286","583052","1992","3","3",
"4287","408860861","1994","1","4",
"4288","329","1991","2","1",
"4289","33733212","2009","5","8",
"4290","707246846","2012","5","9",
"4291","904807874","1990","1","7",
"4292","953044223","1972","8","5",
"4293","26037","1997","5","1",
"4294","4","2014","9","6",
"4295","26","2008","7","1",
"4296","25192","1970","2","1",
"4297","5488","2001","9","4",
"4298","0","1996","4","9",
"4299","84","2024","5","6",
"4300","2","2010","7","2",
"4301","29631","1974","1","4",
"4302","1","1988","6","2",
"4303","83406952","1985","6","6",
"4304","0","1997","3","9",
"4305","86","1985","7","4",
"4306","679250","2018","3","8",
"4307","575","2005","1","2",
"4308","2","1986","5","8",
"4309","204646264","2004","7","4",
"4310","0","1981","4","1",
"4311","64","2009","1","6",
"4312","188472552","1973","4","9",
"4313","37351644","1991","9","7",
"4314","0","2023","1","5",
"4315","7936460","1998","1","8",
"4316","2034879","2019","8","8",
"4317","1105296","2022","5","3",
"4318","1713844","1970","6","2",
"4319","950784","2017","4","1",
"4320","0","2022","8","9",
"4321","6152168","1986","2","6",
"4322","0","1977","6","1",
"4323","0","1979","3","6",
"4324","6","1978","2","6",
"4325","18","1993","8","6",
"4326","53896","1996","5","4",
"4327","507264","2004","5","9",
"4328","5","2016","1","6",
"4329","510","1990","9","2",
"4330","27210","2003","8","6",
"4331","7449","2015","1","6",
"4332","47","2011","1","6",
"4333","270169","1971","4","5",
"4334","0","2018","7","9",
"4335","15352738","1990","9","6",
"4336","230333962","2006","8","5",
"4337","572976231","1979","2","5",
"4338","89532","1996","3","8",
"4339","508615","2007","6","2",
"4340","9208","1971","9","2",
"4341","967260642","1974","7","6",
"4342","3003","2015","5","4",
"4343","4721780","1970","8","6",
"4344","69606927","2010","5","1",
"4345","37","1983","4","1",
"4346","590807243","1997","9","6",
"4347","62927209","1981","5","4",
"4348","2528","2018","9","1",
"4349","331039551","1973","5","9",
"4350","36","1991","7","5",
"4351","1","2004","2","6",
"4352","13386","1975","4","6",
"4353","2","2004","8","8",
"4354","857416","1973","6","4",
"4355","1","1995","1","4",
"4356","2813","1992","9","2",
"4357","58718577","1978","4","1",
"4358","71","2017","5","6",
"4359","744","2007","2","5",
"4360","606988","1993","1","8",
"4361","0","2002","5","4",
"4362","0","1998","4","7",
"4363","792490349","2015","6","3",
"4364","0","2023","7","1",
"4365","0","1983","8","6",
"4366","0","1998","1","7",
"4367","4876","1994","3","7",
"4368","1666","1990","4","3",
"4369","796842593","2020","2","2",
"4370","14796745","2004","8","8",
"4371","360880367","1982","3","8",
"4372","327","1995","3","2",
"4373","251248108","1978","7","8",
"4374","12600","1997","2","1",
"4375","8690","2009","1","1",
"4376","79","2002","9","2",
"4377","0","1992","5","8",
"4378","0","1987","5","9",
"4379","95","2003","1","6",
"4380","6570003","2008","2","3",
"4381","9","1990","2","3",
"4382","975134801","2012","9","5",
"4383","427884","1999","8","5",
"4384","7","2013","8","6",
"4385","8","1979","9","9",
"4386","294","1989","2","8",
"4387","13000","1991","7","9",
"4388","40727913","2005","7","6",
"4389","9407254","1977","6","1",
"4390","363","1986","3","1",
"4391","67878","1988","3","9",
"4392","38773","1980","5","8",
"4393","902","1970","2","6",
"4394","7839007","2015","7","1",
"4395","492169","1984","5","2",
"4396","0","1976","7","9",
"4397","5","1996","9","3",
"4398","915573","1975","3","5",
"4399","79","2000","5","4",
"4400","0","1985","7","8",
"4401","9335481","1984","5","7",
"4402","2","2025","6","3",
"4403","6162533","2025","2","6",
"4404","4824","2003","6","7",
"4405","773949","2014","1","3",
"4406","174434985","2000","7","5",
"4407","27537","1998","7","2",
"4408","34","1998","3","1",
"4409","18552952","2013","9","3",
"4410","918403805","1994","5","2",
"4411","844477261","1983","7","8",
"4412","8646428","1995","6","2",
"4413","2","2023","1","9",
"4414","0","2016","6","3",
"4415","0","1995","8","1",
"4416","444853","1988","2","9",
"4417","153265","2013","6","9",
"4418","6565","1978","7","4",
"4419","37","1988","5","7",
"4420","44360207","1971","3","4",
"4421","53173924","2000","1","1",
"4422","7","1995","5","9",
"4423","12","2006","7","6",
"4424","718","2007","5","5",
"4425","95460","2009","5","1",
"4426","0","2018","1","9",
"4427","8114932","1999","4","7",
"4428","36404","1971","5","6",
"4429","75","2019","4","1",
"4430","49729003","1999","8","7",
"4431","0","2006","6","9",
"4432","558161","2000","9","2",
"4433","1","1992","6","7",
"4434","864894","1974","6","8",
"4435","81","2015","8","2",
"4436","0","2001","2","5",
"4437","903838","2024","5","6",
"4438","82003","2003","2","3",
"4439","41781","1992","1","3",
"4440","110","1982","5","8",
"4441","21387417","1986","6","1",
"4442","1892963","1970","6","3",
"4443","43889","2006","5","2",
"4444","9970","1978","6","1",
"4445","174608445","2008","5","2",
"4446","8","1973","9","4",
"4447","962321","2024","1","9",
"4448","50071","2010","6","2",
"4449","33203","2011","2","1",
"4450","2032273","1990","8","9",
"4451","10","1998","8","2",
"4452","29297","2010","6","5",
"4453","14","2009","6","9",
"4454","340409010","1999","2","5",
"4455","545456","2016","5","5",
"4456","23","2013","1","6",
"4457","146152","1991","6","1",
"4458","8994409","1990","8","1",
"4459","4035663","2005","6","1",
"4460","16","2018","1","9",
"4461","255784","2005","6","6",
"4462","69471","2003","5","9",
"4463","6298336","1974","2","2",
"4464","4","2004","4","7",
"4465","3653","1989","9","8",
"4466","1515","1978","8","7",
"4467","299689","1974","7","8",
"4468","4","2002","9","5",
"4469","37340726","1994","7","2",
"4470","0","1970","2","5",
"4471","997","1972","7","4",
"4472","283345380","2013","9","1",
"4473","0","2018","2","6",
"4474","79","2013","5","3",
"4475","22018","2002","3","7",
"4476","99546","1984","2","6",
"4477","48526592","2009","6","4",
"4478","8257","2007","7","9",
"4479","5626953","1976","3","8",
"4480","144762547","2002","6","6",
"4481","81338","2002","5","4",
"4482","0","2016","3","9",
"4483","4","2016","4","1",
"4484","930302","2015","5","4",
"4485","5404","1974","5","9",
"4486","736762","1990","3","5",
"4487","8317150","1983","6","2",
"4488","70","1979","6","7",
"4489","61637258","2009","2","7",
"4490","74","1991","4","9",
"4491","99363","1982","4","9",
"4492","87","2019","6","4",
"4493","817","2007","1","5",
"4494","634757","1996","8","8",
"4495","468286","2007","4","4",
"4496","54","1989","1","9",
"4497","0","1993","1","6",
"4498","875","1985","5","8",
"4499","843688","2003","7","1",
"4500","0","1989","8","4",
"4501","629460","2011","1","6",
"4502","612769828","1985","5","9",
"4503","70057363","2002","5","6",
"4504","1109","1998","9","3",
"4505","1800","1973","7","1",
"4506","56450","1982","1","7",
"4507","7245","1979","6","9",
"4508","2249824","1997","8","1",
"4509","84","2007","8","6",
"4510","27102791","2018","4","6",
"4511","16531914","2000","9","7",
"4512","1995","2016","9","6",
"4513","62","1988","2","1",
"4514","321","2003","5","1",
"4515","57042","1989","6","5",
"4516","901","1971","2","3",
"4517","85","2001","2","4",
"4518","4123","1992","3","8",
"4519","3619037","2003","1","6",
"4520","423098","1970","1","9",
"4521","6","2013","7","1",
"4522","63829","1996","5","9",
"4523","0","1974","9","2",
"4524","76","1990","4","4",
"4525","0","1982","4","9",
"4526","39438","1977","4","2",
"4527","0","2008","3","3",
"4528","406855","1991","4","6",
"4529","39","2015","1","4",
"4530","790702939","2018","7","6",
"4531","3","1987","6","8",
"4532","0","2011","8","9",
"4533","9906","2007","1","4",
"4534","999","2013","7","1",
"4535","43460","2001","3","2",
"4536","55170","2011","6","2",
"4537","91691","2023","7","2",
"4538","3","2014","9","3",
"4539","0","1991","4","5",
"4540","156690537","2025","1","2",
"4541","0","1977","5","7",
"4542","82172","2022","1","6",
"4543","4191","1973","7","2",
"4544","644696","2000","7","7",
"4545","26455063","1994","2","2",
"4546","804","1989","8","6",
"4547","0","1977","2","9",
"4548","2291776","2006","7","4",
"4549","497","1992","8","4",
"4550","626068787","2007","2","7",
"4551","5436","1991","3","2",
"4552","1602049","1973","3","9",
"4553","81212868","1987","9","3",
"4554","0","2008","2","8",
"4555","424","1977","8","9",
"4556","32","2020","2","9",
"4557","3","1976","1","5",
"4558","26663993","1974","9","7",
"4559","690","1971","8","4",
"4560","56093","2025","8","5",
"4561","37763","2005","4","1",
"4562","4","2003","8","9",
"4563","1566","1977","5","6",
"4564","936","2018","7","5",
"4565","9126248","1978","2","9",
"4566","9","1973","6","8",
"4567","743773","1970","3","7",
"4568","0","2023","5","3",
"4569","79","1995","4","5",
"4570","97230049","2015","2","9",
"4571","6876644","1997","1","6",
"4572","68761568","1984","7","6",
"4573","3635076","2019","8","6",
"4574","9433510","1993","3","9",
"4575","2402","1973","4","6",
"4576","71","2006","9","3",
"4577","41258951","1985","5","6",
"4578","0","2018","1","6",
"4579","0","2025","2","2",
"4580","173","1995","7","7",
"4581","47107","1995","1","6",
"4582","69885","2014","7","9",
"4583","4622321","2005","2","4",
"4584","7135","1975","3","9",
"4585","12066","2008","7","2",
"4586","5035","1976","7","1",
"4587","0","2012","8","2",
"4588","25499460","2000","4","1",
"4589","418865","1976","3","2",
"4590","136787233","2008","3","9",
"4591","3","1992","5","5",
"4592","0","2017","4","8",
"4593","887","1999","3","5",
"4594","8276","2003","1","5",
"4595","4","2021","9","7",
"4596","31","1988","6","4",
"4597","1746","2017","4","3",
"4598","5257358","1993","4","5",
"4599","980238","1992","5","6",
"4600","48340976","2006","1","1",
"4601","48140","1977","3","8",
"4602","3","1992","9","2",
"4603","77","1980","7","8",
"4604","871435","1981","1","4",
"4605","84602615","1974","5","3",
"4606","1116629","2013","7","2",
"4607","28","1980","2","8",
"4608","0","1982","2","9",
"4609","2219266","1995","5","3",
"4610","590538330","2000","9","2",
"4611","49215561","2005","5","4",
"4612","1473382","2012","5","3",
"4613","1558063","2000","8","8",
"4614","23689031","1996","5","3",
"4615","4363646","1976","7","5",
"4616","5208","2018","6","4",
"4617","74","1988","8","5",
"4618","4370534","1971","5","8",
"4619","385686425","2025","6","7",
"4620","899516","2017","3","2",
"4621","320869","2002","6","2",
"4622","13","1992","5","6",
"4623","25213","2000","4","6",
"4624","54614755","2001","6","1",
"4625","0","1989","3","6",
"4626","994436","2013","9","4",
"4627","9332504","1970","9","2",
"4628","91678282","2017","7","5",
"4629","9","2003","2","6",
"4630","367043","1991","9","5",
"4631","0","1971","8","5",
"4632","667","1994","7","2",
"4633","0","1989","3","5",
"4634","61148","1973","7","4",
"4635","0","1997","5","9",
"4636","47","2024","8","8",
"4637","93461","1976","1","3",
"4638","34542","2003","6","7",
"4639","279","1972","1","2",
"4640","78464","1986","7","4",
"4641","96737","1993","4","2",
"4642","31439021","1981","3","3",
"4643","9625474","2014","2","3",
"4644","187598","2024","7","8",
"4645","13","2012","7","1",
"4646","4915976","1978","9","1",
"4647","654475837","1971","9","4",
"4648","1","1997","7","4",
"4649","278","1983","1","2",
"4650","53","2012","8","5",
"4651","268072","2014","1","3",
"4652","388","2017","2","1",
"4653","6299022","1987","9","7",
"4654","566784","2012","2","5",
"4655","1032","2007","6","2",
"4656","25","2021","9","5",
"4657","60122","2017","6","2",
"4658","55885","1979","3","4",
"4659","70","1977","1","5",
"4660","9114542","1989","8","1",
"4661","0","2012","1","2",
"4662","4","2001","2","2",
"4663","224","2015","2","8",
"4664","829677517","2023","7","4",
"4665","5","2022","5","6",
"4666","0","2022","9","2",
"4667","8","2022","4","1",
"4668","31998","2022","9","8",
"4669","47528064","1992","8","9",
"4670","3048819","1996","8","8",
"4671","0","2020","9","4",
"4672","8","2025","9","4",
"4673","32722112","1983","4","7",
"4674","41448037","1980","8","4",
"4675","44797","1973","7","7",
"4676","77468450","1974","3","3",
"4677","427339032","2012","2","4",
"4678","3131634","2017","5","7",
"4679","7903820","1989","4","2",
"4680","3","2014","2","2",
"4681","663756370","2001","8","7",
"4682","4","1991","5","7",
"4683","4447255","2020","4","8",
"4684","0","1985","1","9",
"4685","3480","2024","6","5",
"4686","27","1977","8","4",
"4687","6","1990","7","3",
"4688","993252","2008","3","8",
"4689","57166","2010","7","8",
"4690","790","2001","8","7",
"4691","353700714","1977","4","4",
"4692","35548","2000","7","3",
"4693","67","1997","8","9",
"4694","160","1993","6","1",
"4695","96670479","2002","1","6",
"4696","35","2024","9","1",
"4697","0","1981","7","4",
"4698","7986241","2021","6","7",
"4699","3","1997","4","8",
"4700","10","1985","5","5",
"4701","0","2020","6","9",
"4702","93719","1996","5","5",
"4703","0","2016","9","2",
"4704","43914948","1991","3","6",
"4705","94833","2018","7","5",
"4706","66047549","1972","7","9",
"4707","38265","1974","2","9",
"4708","4822","2004","8","6",
"4709","56","1974","8","4",
"4710","92247831","2017","2","1",
"4711","0","1981","9","4",
"4712","4031815","2003","6","2",
"4713","40054","1991","8","1",
"4714","610270341","1990","4","3",
"4715","3164","2018","7","3",
"4716","1777","1982","3","4",
"4717","657","2024","6","2",
"4718","8156138","1985","4","4",
"4719","136","2024","3","1",
"4720","5307685","2009","7","3",
"4721","808972","1981","2","3",
"4722","33358477","2021","3","6",
"4723","477360","2018","1","3",
"4724","0","2012","8","4",
"4725","24250559","2014","1","4",
"4726","776523","1973","7","8",
"4727","0","2025","8","4",
"4728","0","2003","2","6",
"4729","76937137","1980","1","1",
"4730","0","1977","8","6",
"4731","12204799","1990","3","9",
"4732","8","1993","1","8",
"4733","355692","1999","9","9",
"4734","39209709","1979","3","2",
"4735","59","2013","7","2",
"4736","86459","2016","2","8",
"4737","0","2024","1","2",
"4738","302372993","2013","4","9",
"4739","446","2000","1","9",
"4740","7","1997","5","2",
"4741","8335569","2014","5","4",
"4742","0","2018","7","8",
"4743","64319","2002","6","1",
"4744","166486","1973","5","8",
"4745","197122392","2000","6","3",
"4746","768","2004","1","5",
"4747","2601200","1984","9","6",
"4748","77","1988","9","2",
"4749","7967267","1978","8","3",
"4750","76","1972","8","6",
"4751","4068786","2009","2","3",
"4752","694","1971","6","8",
"4753","8431","2015","2","6",
"4754","96961","1989","8","9",
"4755","1414","2018","7","6",
"4756","526464","1974","4","9",
"4757","4","2004","7","9",
"4758","211","1978","9","8",
"4759","3471892","2020","1","7",
"4760","259677818","1993","7","5",
"4761","2098611","2014","7","8",
"4762","616","2004","9","9",
"4763","694044649","1972","1","6",
"4764","79480","2021","1","8",
"4765","40029075","2008","8","7",
"4766","32","1987","7","5",
"4767","52269947","1975","5","4",
"4768","56864923","1972","6","3",
"4769","0","1972","9","2",
"4770","674391","1996","1","3",
"4771","485","1980","3","2",
"4772","0","2016","9","8",
"4773","973288","1981","4","8",
"4774","0","2021","9","6",
"4775","9509","2003","5","5",
"4776","3792","1981","4","1",
"4777","62180","2002","4","6",
"4778","48851","2002","6","6",
"4779","146409917","2003","6","4",
"4780","88068292","1992","9","2",
"4781","963037","1977","9","2",
"4782","7","2024","2","2",
"4783","845417411","1970","8","9",
"4784","1871403","1977","8","1",
"4785","0","1972","7","9",
"4786","564471192","2004","8","8",
"4787","213847636","2020","7","8",
"4788","42","1971","9","1",
"4789","5458","2014","7","9",
"4790","0","2024","5","2",
"4791","0","1979","7","1",
"4792","7232293","2011","3","6",
"4793","1139200","2003","9","3",
"4794","69116","1995","2","8",
"4795","0","2018","3","4",
"4796","261031997","2013","9","7",
"4797","997","2015","9","7",
"4798","99231","2024","5","4",
"4799","776950","2007","3","9",
"4800","8544","2005","6","1",
"4801","2930843","1970","4","5",
"4802","248842","2001","6","6",
"4803","977","1981","6","4",
"4804","13322592","2008","7","2",
"4805","8","1996","6","4",
"4806","0","2025","2","1",
"4807","23491","2009","8","5",
"4808","4","1981","2","6",
"4809","41","2002","6","1",
"4810","2296","1981","8","5",
"4811","59905059","1984","4","9",
"4812","5943939","2025","7","4",
"4813","56572421","2025","7","1",
"4814","825000","1984","1","6",
"4815","71","1991","1","3",
"4816","998","2013","8","1",
"4817","0","2020","7","3",
"4818","673696460","1986","7","3",
"4819","806","1973","6","9",
"4820","327273","2011","2","8",
"4821","52366","2017","6","6",
"4822","619182441","2005","3","3",
"4823","9144685","2021","4","3",
"4824","99478172","1982","5","9",
"4825","1","1989","4","7",
"4826","723438","1982","5","7",
"4827","1507615","2011","6","2",
"4828","5057","1972","5","8",
"4829","669","1993","9","1",
"4830","5994","2017","8","9",
"4831","9919356","1977","1","3",
"4832","933886768","1990","8","5",
"4833","944","1996","1","7",
"4834","177","1996","3","5",
"4835","9473412","1999","4","6",
"4836","377204","2023","7","8",
"4837","738","1976","8","1",
"4838","0","2010","5","1",
"4839","0","1987","8","4",
"4840","85793536","1982","3","5",
"4841","87884532","2020","4","6",
"4842","0","1976","2","6",
"4843","3532","2022","3","3",
"4844","1809","1974","6","8",
"4845","576670087","1989","5","2",
"4846","0","1995","8","8",
"4847","24","2016","1","2",
"4848","668","2014","7","6",
"4849","39","1979","4","9",
"4850","90580","1986","3","9",
"4851","0","1980","5","9",
"4852","558","1978","8","1",
"4853","886170","2003","4","4",
"4854","932898369","1970","2","9",
"4855","4872","1972","7","4",
"4856","62669","2025","6","1",
"4857","5","1992","3","4",
"4858","36181","2000","5","9",
"4859","51","2021","5","2",
"4860","36442","2022","1","2",
"4861","279679","1980","3","2",
"4862","328","2021","6","8",
"4863","772","2002","7","8",
"4864","18342153","1977","5","4",
"4865","3553","1995","3","7",
"4866","8","1980","8","4",
"4867","1327722","2019","8","2",
"4868","0","2025","4","3",
"4869","9","2022","3","5",
"4870","81","1972","5","5",
"4871","4","2018","5","9",
"4872","0","1976","6","9",
"4873","383425","1971","3","1",
"4874","976","1977","2","6",
"4875","812651","2013","1","3",
"4876","63","1986","1","5",
"4877","508","1998","9","5",
"4878","34927","1986","6","8",
"4879","2259096","2018","3","7",
"4880","7133","1978","6","2",
"4881","835366","2000","8","6",
"4882","10757019","1981","3","1",
"4883","9984","2018","9","9",
"4884","83805","1992","2","2",
"4885","8597","2017","5","8",
"4886","531441580","2006","5","1",
"4887","83893534","1976","2","7",
"4888","753","1977","2","7",
"4889","77704949","2024","4","4",
"4890","0","2013","6","3",
"4891","5","2008","7","5",
"4892","7579","1970","7","5",
"4893","83496291","1989","6","6",
"4894","94818392","1973","2","5",
"4895","25505","1982","7","4",
"4896","56","2006","4","8",
"4897","735092","2005","2","9",
"4898","0","1984","2","1",
"4899","1185892","1985","8","6",
"4900","521","2025","6","9",
"4901","976","2002","3","6",
"4902","435068","2023","7","3",
"4903","626796","1993","9","9",
"4904","0","1972","3","9",
"4905","200310657","1983","4","6",
"4906","0","1998","7","8",
"4907","0","1984","8","8",
"4908","3075982","1989","2","9",
"4909","7666353","2017","2","1",
"4910","9325162","2002","4","6",
"4911","345215","2018","2","6",
"4912","76","2013","8","5",
"4913","69717","2024","1","8",
"4914","743","1983","2","2",
"4915","6150108","2006","7","8",
"4916","2111354","2007","7","5",
"4917","32","2009","9","6",
"4918","503913","2001","8","9",
"4919","279016910","2015","3","9",
"4920","909463","2008","9","9",
"4921","47","2022","3","3",
"4922","43717972","2022","7","2",
"4923","75","2003","4","6",
"4924","2475","2006","8","4",
"4925","598743","2019","9","6",
"4926","52509","2003","8","1",
"4927","87212748","2017","9","4",
"4928","74459259","2019","8","7",
"4929","3066305","1979","9","9",
"4930","265916","1986","9","2",
"4931","38743","1980","9","5",
"4932","653","1977","7","9",
"4933","4","2010","8","3",
"4934","0","1979","1","6",
"4935","57036323","2002","1","2",
"4936","5026558","2007","8","9",
"4937","95447329","2021","7","3",
"4938","69","1977","3","2",
"4939","1606585","2001","1","1",
"4940","1","2005","6","8",
"4941","15","1980","5","6",
"4942","292","1991","1","1",
"4943","5","1978","2","3",
"4944","529524","1974","7","1",
"4945","18640382","1972","9","9",
"4946","132757272","2003","3","3",
"4947","0","1972","7","3",
"4948","71396","2016","6","6",
"4949","1","1986","3","7",
"4950","802","1987","7","9",
"4951","48693","1985","5","3",
"4952","0","1983","4","8",
"4953","7686718","2005","6","7",
"4954","7322080","1978","6","6",
"4955","435","2007","5","7",
"4956","17","1983","2","2",
"4957","79895650","2021","7","4",
"4958","922463254","2014","4","7",
"4959","44","2013","9","3",
"4960","2026490","1997","9","8",
"4961","276052","1995","9","5",
"4962","1597","2020","5","5",
"4963","9297","2001","5","6",
"4964","42298","1970","1","1",
"4965","61","1976","9","9",
"4966","822029","1972","2","4",
"4967","200","1973","8","4",
"4968","372","1977","7","3",
"4969","2","2011","9","3",
"4970","9","1970","3","3",
"4971","2","1999","5","3",
"4972","7669","2019","5","9",
"4973","668449530","2003","1","2",
"4974","406149620","1975","5","4",
"4975","95425056","1977","6","4",
"4976","3138","2019","6","2",
"4977","908","2023","8","6",
"4978","723","1972","1","1",
"4979","861671357","1972","9","8",
"4980","917596241","1976","8","5",
"4981","3","2020","9","2",
"4982","43014","1997","1","1",
"4983","8367","1996","5","2",
"4984","464387","1985","1","7",
"4985","67","1973","2","9",
"4986","2018","2018","6","3",
"4987","81891","1971","7","1",
"4988","411897","1981","3","6",
"4989","7","2007","2","5",
"4990","74400","1985","4","4",
"4991","9583883","2004","1","5",
"4992","3087","1976","7","2",
"4993","36760","2015","3","6",
"4994","301","2015","7","8",
"4995","3","1982","5","1",
"4996","573","2015","4","3",
"4997","884543","2013","3","5",
"4998","1515","2001","3","2",
"4999","926478","1979","2","5",
"5000","54973976","1985","8","6",
"5001","8310","1997","7","6",
"5002","27","1983","7","4",
"5003","305450","1995","4","3",
"5004","147","2008","5","4",
"5005","68635","2003","7","4",
"5006","0","2020","7","4",
"5007","7","1998","6","9",
"5008","407152705","2017","1","7",
"5009","7024071","2017","1","9",
"5010","25972407","1982","4","8",
"5011","40","1973","8","5",
"5012","0","1982","3","4",
"5013","2578","1986","3","5",
"5014","5974","2002","2","7",
"5015","5273","2025","2","5",
"5016","7797","2024","1","2",
"5017","0","2000","1","5",
"5018","758","2000","6","5",
"5019","77620","1973","5","2",
"5020","30642","1977","5","2",
"5021","57","1972","8","9",
"5022","40236","1979","3","5",
"5023","180317","2007","2","3",
"5024","0","1995","8","1",
"5025","23","2005","4","8",
"5026","0","2000","1","5",
"5027","6493","1983","8","8",
"5028","0","2010","1","1",
"5029","99","1987","5","6",
"5030","16761056","2008","6","3",
"5031","49674089","1980","3","4",
"5032","9427","2000","1","6",
"5033","56691749","2004","1","8",
"5034","0","2015","5","9",
"5035","88880853","1974","7","1",
"5036","9500432","1970","8","6",
"5037","0","1997","8","9",
"5038","1182470","1980","8","8",
"5039","792","2011","9","2",
"5040","6300364","1994","1","4",
"5041","2751947","1997","7","1",
"5042","74","2023","1","5",
"5043","535699","1982","7","5",
"5044","194031810","2017","6","7",
"5045","79892","1997","1","3",
"5046","4","1986","3","4",
"5047","3","2018","3","4",
"5048","3926509","2002","8","8",
"5049","891537671","1991","9","8",
"5050","81190150","2000","7","2",
"5051","51","1974","2","7",
"5052","1124282","2004","6","5",
"5053","605672684","2018","4","3",
"5054","537","1986","3","3",
"5055","0","2021","4","8",
"5056","11541","1997","4","1",
"5057","1023074","2013","8","7",
"5058","0","2003","7","8",
"5059","2091525","1975","3","2",
"5060","785141706","1998","6","7",
"5061","67639637","1979","3","2",
"5062","4305937","1993","3","8",
"5063","241468656","2023","1","6",
"5064","925","2007","6","3",
"5065","85260","2022","9","1",
"5066","39","1980","1","6",
"5067","0","2022","7","6",
"5068","25090","1987","3","7",
"5069","12","1979","1","6",
"5070","664880","2004","6","3",
"5071","1681","1989","8","6",
"5072","1604","1994","7","6",
"5073","303947335","2013","6","2",
"5074","91531","2022","7","8",
"5075","861802","1983","4","5",
"5076","5350","2005","5","3",
"5077","61","1973","5","3",
"5078","3573","1987","8","9",
"5079","445347277","2023","3","1",
"5080","383","1973","1","3",
"5081","34","1996","9","1",
"5082","0","1999","4","4",
"5083","4456","1997","4","5",
"5084","373718","1986","1","3",
"5085","78985","1999","2","2",
"5086","5","1993","1","4",
"5087","26316","1993","7","2",
"5088","374155","1999","2","9",
"5089","6229204","1980","6","5",
"5090","806","2004","3","1",
"5091","281578","2018","9","5",
"5092","18032","2017","4","1",
"5093","39965196","1990","7","7",
"5094","454","1982","7","8",
"5095","710159249","2025","7","8",
"5096","0","1970","7","5",
"5097","353995097","2021","7","4",
"5098","3851","2024","3","1",
"5099","942352","2025","8","9",
"5100","49","2020","4","5",
"5101","25933","1978","1","9",
"5102","4091614","2014","6","3",
"5103","23","1978","6","1",
"5104","748280","2000","6","3",
"5105","359306705","2006","3","5",
"5106","1","2010","1","4",
"5107","0","1986","6","5",
"5108","2","2004","6","8",
"5109","8334","1979","9","4",
"5110","97948","2015","1","9",
"5111","642199414","2000","1","3",
"5112","642336720","1972","3","6",
"5113","3425328","1983","7","4",
"5114","4501967","1990","3","7",
"5115","0","1970","8","1",
"5116","4364276","2004","4","7",
"5117","15094319","1970","2","5",
"5118","6379138","2024","2","4",
"5119","138402367","2020","7","9",
"5120","0","1996","8","1",
"5121","8","2009","4","8",
"5122","584176472","1982","9","1",
"5123","0","1993","7","1",
"5124","451123","2016","2","8",
"5125","621186709","2014","1","8",
"5126","847223319","2013","7","4",
"5127","198","2011","8","3",
"5128","358","2018","6","5",
"5129","3829","1981","2","2",
"5130","22591","2012","2","9",
"5131","14014485","2012","2","2",
"5132","32742","1979","3","4",
"5133","83","2009","2","6",
"5134","1","2014","9","2",
"5135","44522","1972","3","4",
"5136","504861888","1990","1","3",
"5137","942","1998","8","9",
"5138","60","1974","4","4",
"5139","95276723","1976","5","9",
"5140","644","2007","7","8",
"5141","9","2022","9","4",
"5142","68925983","2025","6","5",
"5143","214310","1971","8","3",
"5144","6","2017","8","4",
"5145","546648","1983","5","1",
"5146","40","2019","2","2",
"5147","0","1998","8","6",
"5148","21524002","2004","1","9",
"5149","506105","1977","7","9",
"5150","8","2006","5","1",
"5151","156","1986","8","6",
"5152","9","2021","6","6",
"5153","0","1994","7","1",
"5154","14158321","2012","1","8",
"5155","5","2023","8","6",
"5156","724","1994","4","9",
"5157","3","1990","1","8",
"5158","616935","2006","1","3",
"5159","892078","1981","2","9",
"5160","4580141","1973","1","1",
"5161","5","2014","7","9",
"5162","522629","2009","6","6",
"5163","2489","2006","1","5",
"5164","0","2004","9","1",
"5165","635","2024","6","4",
"5166","3694576","1996","9","1",
"5167","955","1982","7","4",
"5168","6172200","1983","4","6",
"5169","0","2006","6","8",
"5170","690937","1981","3","9",
"5171","947616276","1993","2","6",
"5172","65590229","2004","2","3",
"5173","4","1975","2","7",
"5174","398866","1973","4","1",
"5175","6","2007","7","9",
"5176","1","1996","2","5",
"5177","3544430","2007","4","5",
"5178","8332827","2006","6","1",
"5179","128445","1970","7","8",
"5180","1610409","2023","1","4",
"5181","76595","1991","5","6",
"5182","7250","1993","3","7",
"5183","6","1993","6","5",
"5184","1","2018","6","3",
"5185","187107","2023","8","4",
"5186","132473","1971","5","7",
"5187","2737783","1993","6","7",
"5188","90257","1996","4","9",
"5189","404","2017","5","7",
"5190","0","2024","8","5",
"5191","515","2014","7","9",
"5192","671511","2011","1","4",
"5193","0","2016","8","3",
"5194","74","2021","8","2",
"5195","86899849","1979","9","7",
"5196","600","2006","6","2",
"5197","0","1989","4","3",
"5198","89522762","1993","1","3",
"5199","54340866","2023","1","7",
"5200","556702138","1989","7","8",
"5201","1089","2022","9","4",
"5202","93677","1973","9","4",
"5203","304","1999","1","8",
"5204","25215","2015","2","7",
"5205","4","1973","2","5",
"5206","28821","1999","8","1",
"5207","82562053","1985","4","3",
"5208","464862832","2024","2","4",
"5209","1","1974","3","9",
"5210","92","2001","8","4",
"5211","331","1998","6","1",
"5212","358223","1987","6","4",
"5213","449657","1971","4","4",
"5214","738786680","1986","6","4",
"5215","0","1976","4","9",
"5216","599547070","2004","4","1",
"5217","68862","1973","5","2",
"5218","4747","2017","9","7",
"5219","490362","1989","2","9",
"5220","2686","2020","3","7",
"5221","6","1991","6","3",
"5222","0","1979","5","2",
"5223","45062","2019","8","9",
"5224","7136","2021","1","7",
"5225","92386913","1981","6","2",
"5226","8906","2001","2","1",
"5227","1173","1997","5","1",
"5228","0","1991","6","2",
"5229","644629","2004","8","7",
"5230","72409715","2002","1","6",
"5231","32502659","1979","2","8",
"5232","322107","2022","7","3",
"5233","324","1998","7","6",
"5234","2055129","1981","8","6",
"5235","63341","2013","9","5",
"5236","58608","1995","4","7",
"5237","23","2002","5","8",
"5238","952659","2002","3","1",
"5239","533035994","1984","7","1",
"5240","301404865","1972","1","8",
"5241","57718","1999","1","1",
"5242","0","1971","4","7",
"5243","9063478","1979","2","2",
"5244","59094","1999","8","9",
"5245","2721343","1986","9","6",
"5246","62193","1987","4","3",
"5247","0","1983","5","9",
"5248","0","2022","9","1",
"5249","4731052","1989","2","3",
"5250","735760","1979","1","1",
"5251","5","2009","5","7",
"5252","2181","1999","4","4",
"5253","0","2010","7","3",
"5254","5","1991","1","8",
"5255","6033","1991","5","9",
"5256","701769","2010","5","5",
"5257","9124836","2020","7","2",
"5258","28749","2009","5","9",
"5259","233293047","2014","5","4",
"5260","4","2025","9","1",
"5261","1635","2000","1","1",
"5262","9064","1986","9","7",
"5263","262639215","2012","7","4",
"5264","69233333","1972","1","4",
"5265","63","1985","7","4",
"5266","5","1991","6","9",
"5267","1668","1987","1","3",
"5268","72","2005","7","9",
"5269","2282","1980","1","6",
"5270","5","1981","7","6",
"5271","0","2000","8","3",
"5272","509483358","1974","1","5",
"5273","201121308","1992","8","3",
"5274","856388314","2021","3","1",
"5275","4091","2016","9","3",
"5276","6304","1970","1","1",
"5277","522725","1996","6","5",
"5278","6884192","2023","9","4",
"5279","863794116","1999","6","8",
"5280","66963","2023","3","3",
"5281","19705024","1978","1","5",
"5282","438718428","2011","3","5",
"5283","191868","1973","8","4",
"5284","1987","1990","9","7",
"5285","529710362","2007","7","2",
"5286","804","1999","8","2",
"5287","3723718","1994","6","1",
"5288","9","1991","5","6",
"5289","8","1978","4","4",
"5290","0","1984","9","6",
"5291","8611","2006","8","3",
"5292","0","1995","7","1",
"5293","1152","1989","9","4",
"5294","723661","2022","6","1",
"5295","4149","1988","2","8",
"5296","675204","2002","4","8",
"5297","4743","1988","7","3",
"5298","446","1974","2","3",
"5299","258086816","1981","1","8",
"5300","4761215","2016","8","6",
"5301","0","2002","4","5",
"5302","6202967","1994","8","2",
"5303","0","2000","1","4",
"5304","58165757","1980","7","9",
"5305","21170","2016","3","2",
"5306","6466238","2009","6","6",
"5307","42312","2024","8","3",
"5308","2","1977","3","3",
"5309","38","2009","2","6",
"5310","4416","1988","3","1",
"5311","117420640","2022","3","7",
"5312","67805774","1977","3","5",
"5313","20972","2019","4","1",
"5314","74638","1971","8","6",
"5315","76856721","1979","7","1",
"5316","73008944","1997","2","9",
"5317","20313","1992","6","5",
"5318","0","1995","6","8",
"5319","9360353","1994","8","6",
"5320","2","2015","7","3",
"5321","0","1989","7","8",
"5322","33","2000","7","7",
"5323","152298","1971","5","2",
"5324","279","1993","7","2",
"5325","177807687","1979","7","7",
"5326","0","1971","9","9",
"5327","14080","2012","4","8",
"5328","2195221","1990","2","3",
"5329","67078741","1974","5","7",
"5330","760599","2019","5","4",
"5331","813","1977","8","9",
"5332","1140","2017","1","1",
"5333","6","1999","4","1",
"5334","49188","1986","9","3",
"5335","8715","2014","7","6",
"5336","4","1987","9","7",
"5337","6945902","1978","7","5",
"5338","25","1996","5","8",
"5339","5730","2023","4","9",
"5340","68","1973","1","2",
"5341","673887","1991","9","6",
"5342","74120204","1979","8","3",
"5343","78210798","1973","9","8",
"5344","9145486","1981","3","3",
"5345","720851282","1993","9","4",
"5346","90","2014","1","3",
"5347","4206362","1970","8","5",
"5348","33","2017","7","6",
"5349","811","2016","3","8",
"5350","2581","2004","4","6",
"5351","40028014","2023","7","5",
"5352","8","1987","4","7",
"5353","775067470","2003","7","3",
"5354","22428703","1991","7","2",
"5355","0","1981","2","2",
"5356","0","1980","7","2",
"5357","26","2006","1","1",
"5358","503","2001","8","5",
"5359","388","1981","8","2",
"5360","5","1982","7","6",
"5361","856656","2011","1","4",
"5362","66","1984","5","8",
"5363","0","2019","3","1",
"5364","0","1991","8","9",
"5365","0","1983","6","1",
"5366","168931","2010","6","2",
"5367","956","2020","6","7",
"5368","14583383","1999","8","4",
"5369","6","1984","5","4",
"5370","17911065","1982","3","5",
"5371","20698","1987","6","1",
"5372","63694","1988","1","1",
"5373","5","1973","2","7",
"5374","787028","2012","6","4",
"5375","0","1982","4","3",
"5376","0","2010","7","3",
"5377","5","2015","9","7",
"5378","92238","2014","9","9",
"5379","6740981","2021","2","4",
"5380","67248","2024","7","2",
"5381","5901","2017","1","7",
"5382","4","1994","3","7",
"5383","8610311","2005","5","3",
"5384","3","1999","9","7",
"5385","44422","1977","2","3",
"5386","78811","1981","6","9",
"5387","7725344","1984","1","1",
"5388","0","1982","6","5",
"5389","815400","2014","9","7",
"5390","0","2020","6","5",
"5391","4888","1999","5","3",
"5392","2875","1997","6","4",
"5393","1","2004","8","8",
"5394","2519766","2004","1","8",
"5395","1338","1989","7","2",
"5396","827887305","2005","8","2",
"5397","5150640","2022","7","2",
"5398","54150115","1997","6","2",
"5399","0","1998","9","2",
"5400","52","1992","8","8",
"5401","0","1995","1","4",
"5402","69","2013","9","2",
"5403","0","1999","7","1",
"5404","26017579","1995","2","4",
"5405","3","1982","5","2",
"5406","7","1990","9","8",
"5407","39","2005","2","2",
"5408","998650093","1972","5","9",
"5409","167590","1991","7","2",
"5410","69","1993","7","9",
"5411","582","1983","8","4",
"5412","2986752","2000","8","5",
"5413","5509","2019","2","9",
"5414","7492432","2011","6","4",
"5415","0","1991","9","6",
"5416","618638","2017","3","5",
"5417","3","1984","1","9",
"5418","6712242","2025","1","3",
"5419","925","2008","1","2",
"5420","275","2005","7","4",
"5421","75","1999","8","1",
"5422","636961451","2024","1","5",
"5423","91","2017","5","9",
"5424","75117636","2021","4","6",
"5425","25","1972","8","8",
"5426","65","2001","5","2",
"5427","18930545","2023","9","2",
"5428","8966","1984","2","2",
"5429","3926","1990","6","9",
"5430","245711377","1998","8","2",
"5431","71198","2004","9","8",
"5432","60339","2020","7","5",
"5433","757","1972","4","1",
"5434","5","2013","2","2",
"5435","247","2001","7","1",
"5436","1","2015","9","1",
"5437","2","1979","5","3",
"5438","68","2014","7","6",
"5439","459","1983","8","2",
"5440","9128","2014","9","2",
"5441","64438","2024","8","6",
"5442","8409","1975","7","7",
"5443","1835905","1974","6","3",
"5444","197674","1982","3","8",
"5445","450","2022","7","3",
"5446","7458","2013","6","9",
"5447","86","1972","3","1",
"5448","5","1971","1","2",
"5449","3993025","2006","7","4",
"5450","8328","1974","1","6",
"5451","8013","2023","8","4",
"5452","721053","1986","1","5",
"5453","621356144","2022","6","1",
"5454","0","1987","7","3",
"5455","61","1987","4","9",
"5456","911","1983","7","4",
"5457","0","1983","8","5",
"5458","60","1984","6","8",
"5459","202","2003","8","5",
"5460","77","2009","3","6",
"5461","0","2023","5","6",
"5462","60100","1974","8","6",
"5463","423","1972","2","8",
"5464","5101283","1986","9","9",
"5465","39177","1973","2","3",
"5466","3194930","1981","3","6",
"5467","904446","2016","3","8",
"5468","6809","2004","8","5",
"5469","6","1995","3","5",
"5470","4042","1983","6","6",
"5471","74896612","2014","8","9",
"5472","1961740","2000","2","5",
"5473","8326590","1990","1","3",
"5474","0","2009","2","3",
"5475","33433","1996","9","7",
"5476","472887","1996","2","6",
"5477","7063514","2019","6","5",
"5478","941","1982","9","7",
"5479","25458","1973","6","9",
"5480","98","1980","7","7",
"5481","922336","2003","1","6",
"5482","31294","2022","9","3",
"5483","425113","1974","4","3",
"5484","51","1995","2","7",
"5485","0","1996","7","1",
"5486","19673","1997","3","7",
"5487","537350451","1987","3","5",
"5488","5","1999","9","5",
"5489","17962226","2007","7","6",
"5490","23659211","2025","4","2",
"5491","649533","2003","7","4",
"5492","43488","1979","1","1",
"5493","632857","2020","2","4",
"5494","252443","2001","2","2",
"5495","948751116","1973","4","9",
"5496","790903235","1990","8","9",
"5497","0","2008","7","1",
"5498","16","1980","9","5",
"5499","0","2014","3","7",
"5500","678580","1970","3","1",
"5501","17629","2006","4","8",
"5502","0","2002","9","5",
"5503","32","2003","2","7",
"5504","573","1976","7","9",
"5505","4330","1993","5","8",
"5506","75116","1970","2","4",
"5507","9643194","2020","4","8",
"5508","268949202","2024","7","3",
"5509","998469","1981","5","7",
"5510","34973","2017","7","3",
"5511","817","2007","7","9",
"5512","40921497","1997","2","9",
"5513","2560","1986","7","2",
"5514","2914298","1986","7","2",
"5515","8","2014","5","6",
"5516","38427","2014","7","8",
"5517","45493","1980","4","8",
"5518","42764919","1980","1","2",
"5519","6132889","1991","4","3",
"5520","0","1973","8","6",
"5521","1","1985","3","4",
"5522","16","2025","2","5",
"5523","215568951","1972","1","6",
"5524","0","1994","7","8",
"5525","494436","2022","4","8",
"5526","0","1970","7","3",
"5527","2390853","1979","3","2",
"5528","416397","1982","8","8",
"5529","0","2008","3","5",
"5530","244","1984","3","6",
"5531","22","1972","6","9",
"5532","6","1978","5","3",
"5533","64143807","2014","3","9",
"5534","85","1989","1","4",
"5535","0","2024","8","3",
"5536","0","1984","2","3",
"5537","137547","1980","6","2",
"5538","19766","1988","3","5",
"5539","93432","1989","4","3",
"5540","95","2007","5","5",
"5541","436349882","2004","7","9",
"5542","2996","1989","6","4",
"5543","2","2011","8","7",
"5544","66","2002","6","5",
"5545","2","1973","8","8",
"5546","9746","2012","9","3",
"5547","44","1985","7","5",
"5548","8075285","1998","2","3",
"5549","43","2002","6","2",
"5550","1411772","2012","9","7",
"5551","134435","1984","2","6",
"5552","8","2001","2","5",
"5553","9","1994","1","4",
"5554","688166","2016","9","7",
"5555","92","1993","7","3",
"5556","16966","2017","4","6",
"5557","6665680","2005","5","5",
"5558","84205392","2006","8","3",
"5559","8661154","2021","2","5",
"5560","5073","2000","3","5",
"5561","79769","1987","2","3",
"5562","4439","2006","5","9",
"5563","617","1975","8","2",
"5564","286","1990","8","9",
"5565","3","2022","9","2",
"5566","3367658","1983","9","2",
"5567","892048","1994","9","5",
"5568","98357076","2007","1","2",
"5569","42510","1989","2","5",
"5570","75","2005","6","5",
"5571","0","2002","7","7",
"5572","0","2011","3","2",
"5573","2","1991","2","3",
"5574","629661","1996","4","6",
"5575","9","2000","1","7",
"5576","263","2008","1","6",
"5577","489","1989","9","5",
"5578","944748","2004","7","2",
"5579","9839630","1982","8","6",
"5580","49607445","2024","2","4",
"5581","0","2004","3","9",
"5582","2429","2025","9","2",
"5583","0","1982","8","5",
"5584","0","2004","8","7",
"5585","991047066","2007","5","1",
"5586","477021","2013","6","1",
"5587","559756746","1990","8","3",
"5588","78469160","2005","9","3",
"5589","54","1981","5","1",
"5590","103454","1993","5","3",
"5591","1","2024","8","5",
"5592","90027159","1989","6","2",
"5593","0","2001","3","6",
"5594","0","1997","5","6",
"5595","325492833","1977","6","7",
"5596","6091","2019","9","1",
"5597","57863924","2022","4","1",
"5598","73542","2015","8","9",
"5599","0","1973","7","5",
"5600","1268998","2022","2","5",
"5601","271740223","2017","8","5",
"5602","36","1974","7","9",
"5603","0","1976","3","8",
"5604","602073","1993","1","6",
"5605","222684754","1991","6","7",
"5606","265","1996","7","4",
"5607","354215087","2025","6","3",
"5608","343426","2016","2","2",
"5609","371","2012","4","1",
"5610","277248","2014","3","2",
"5611","0","2004","3","3",
"5612","108","1983","1","4",
"5613","4","2017","2","7",
"5614","93382915","1996","1","5",
"5615","9","1977","8","5",
"5616","1900060","1997","8","5",
"5617","61223638","1994","4","1",
"5618","8881009","1984","8","8",
"5619","9","1989","9","2",
"5620","9636","1982","6","9",
"5621","552","1990","9","6",
"5622","7900461","2009","1","1",
"5623","0","1974","5","9",
"5624","3","1997","6","1",
"5625","8876026","1987","4","6",
"5626","383699","2003","8","9",
"5627","896679","1985","7","6",
"5628","8371193","2005","2","9",
"5629","3456","2019","4","8",
"5630","0","1977","5","1",
"5631","60990","1992","2","1",
"5632","0","1985","6","1",
"5633","218527979","1979","4","3",
"5634","2158","1994","4","8",
"5635","5336","1999","2","3",
"5636","193881","1974","1","8",
"5637","0","1983","2","6",
"5638","5","1996","7","5",
"5639","6241","1976","3","1",
"5640","88","1997","9","7",
"5641","9054","1989","5","6",
"5642","84","1971","3","9",
"5643","3817550","1976","8","3",
"5644","93311","1970","3","6",
"5645","1631","1989","7","6",
"5646","352119","1993","3","1",
"5647","667027","1987","6","4",
"5648","62196754","2009","3","3",
"5649","572908","1981","6","1",
"5650","9558","2016","4","7",
"5651","53836443","2022","8","6",
"5652","7","2012","1","9",
"5653","80914055","1994","4","5",
"5654","0","2021","7","3",
"5655","7127276","1977","2","6",
"5656","5","2002","2","3",
"5657","0","2008","6","9",
"5658","64634499","2005","3","6",
"5659","336","2009","4","5",
"5660","682479","1983","9","3",
"5661","12317","2012","3","7",
"5662","85995","2001","8","1",
"5663","831021","2025","2","8",
"5664","9","2022","3","6",
"5665","383743947","1973","2","9",
"5666","1","1970","1","7",
"5667","503345","2006","8","1",
"5668","977234","2023","2","7",
"5669","4","2004","3","6",
"5670","489","2000","4","1",
"5671","27273","2014","1","3",
"5672","16368","2008","8","8",
"5673","55","1970","8","7",
"5674","0","2006","4","9",
"5675","87843","1989","2","5",
"5676","0","1982","2","6",
"5677","70","1983","1","8",
"5678","0","2012","4","9",
"5679","6393686","2003","3","2",
"5680","1116","2025","3","8",
"5681","8714376","1990","2","1",
"5682","5","2023","4","3",
"5683","0","2001","5","1",
"5684","991","1991","3","7",
"5685","5","2003","4","5",
"5686","1","1998","4","7",
"5687","506014","1979","5","4",
"5688","282","2017","6","8",
"5689","3454","1980","6","8",
"5690","5","2017","7","7",
"5691","198110","1970","8","2",
"5692","2931122","1978","2","7",
"5693","260887","2024","2","5",
"5694","178282","1981","8","9",
"5695","65","2020","3","5",
"5696","23","1995","5","2",
"5697","119997","2008","7","7",
"5698","905240988","1970","1","5",
"5699","2","1970","5","4",
"5700","129560","1980","4","9",
"5701","633","1979","1","3",
"5702","46998","2015","4","5",
"5703","23610641","2005","3","6",
"5704","270","1985","1","6",
"5705","8975","2017","6","7",
"5706","544235806","1993","6","2",
"5707","83140207","2005","9","8",
"5708","34795","2011","2","7",
"5709","434","2021","3","1",
"5710","0","2022","1","2",
"5711","70608981","2023","5","8",
"5712","54759","1970","2","2",
"5713","141","2020","9","7",
"5714","8515686","2012","4","9",
"5715","0","2019","3","7",
"5716","718257160","2025","2","1",
"5717","177","1974","6","4",
"5718","0","1999","8","4",
"5719","0","2006","1","8",
"5720","42748","1985","8","9",
"5721","0","2021","5","9",
"5722","85557820","1976","3","2",
"5723","2","1970","4","4",
"5724","1467759","1972","3","6",
"5725","5344660","1987","1","7",
"5726","375690971","2013","8","5",
"5727","4","2004","4","7",
"5728","2916612","1973","5","1",
"5729","6385","1980","9","2",
"5730","58800108","2005","2","6",
"5731","3183816","1983","1","8",
"5732","36","1972","5","3",
"5733","566","2016","2","9",
"5734","3407122","1996","2","3",
"5735","30","1981","5","7",
"5736","1","1974","3","2",
"5737","701382134","2002","5","5",
"5738","0","1998","7","1",
"5739","6554","1993","6","3",
"5740","9801","1976","3","6",
"5741","668","1976","4","4",
"5742","4","2015","6","5",
"5743","422897060","2014","8","9",
"5744","8182667","1992","7","3",
"5745","947","2023","9","9",
"5746","6969","1998","8","8",
"5747","38","1980","5","5",
"5748","671254","1998","7","9",
"5749","247005","2008","8","7",
"5750","8221","2015","4","8",
"5751","0","1976","3","1",
"5752","15303","1981","2","2",
"5753","115621","1989","3","9",
"5754","1001","1980","4","2",
"5755","4967824","1976","8","8",
"5756","784589167","1970","3","4",
"5757","34544488","2022","7","1",
"5758","5356515","2004","8","9",
"5759","5","1997","9","4",
"5760","9333460","1993","5","4",
"5761","95","1978","8","2",
"5762","9313","2019","2","6",
"5763","0","1983","6","4",
"5764","4482","1978","5","6",
"5765","131018185","1977","9","2",
"5766","94","1973","6","1",
"5767","2","2005","3","7",
"5768","569","1991","8","5",
"5769","7","1981","4","3",
"5770","3109","2015","8","7",
"5771","5","2006","1","4",
"5772","43792367","1999","3","9",
"5773","10615111","2020","8","3",
"5774","0","1973","3","9",
"5775","699","1994","2","6",
"5776","15","2023","3","4",
"5777","0","1975","7","5",
"5778","9751","1998","4","1",
"5779","14","2004","1","4",
"5780","0","2019","6","7",
"5781","89","2022","4","2",
"5782","73","1988","1","2",
"5783","0","2011","2","5",
"5784","40","2016","6","9",
"5785","2854307","1983","9","2",
"5786","8","2021","2","4",
"5787","515832385","2025","2","9",
"5788","0","1999","8","4",
"5789","788932","2009","6","8",
"5790","2638755","2009","6","8",
"5791","2","1982","9","8",
"5792","536","1982","8","7",
"5793","5128","1987","1","8",
"5794","28","2013","5","1",
"5795","61429110","2003","1","2",
"5796","26169367","2015","1","5",
"5797","40263","1980","3","5",
"5798","819807","1998","4","4",
"5799","11051964","2010","4","7",
"5800","22350831","1996","1","5",
"5801","646","1971","1","5",
"5802","2646335","1981","2","6",
"5803","6","1975","8","2",
"5804","7261270","2001","2","8",
"5805","28","1984","6","9",
"5806","79477075","1983","1","3",
"5807","73205245","2009","9","8",
"5808","815","2014","5","2",
"5809","79971465","1977","6","3",
"5810","31719599","1991","3","6",
"5811","67364424","1987","5","8",
"5812","218","1975","9","8",
"5813","0","2001","6","3",
"5814","6","2008","7","6",
"5815","3058","1971","9","5",
"5816","0","1977","4","6",
"5817","24867","1997","3","2",
"5818","0","1970","8","2",
"5819","435210","1987","6","8",
"5820","66094","1988","6","9",
"5821","3","1987","9","8",
"5822","625399894","2006","2","1",
"5823","65921534","1997","2","2",
"5824","801224580","2013","3","6",
"5825","1836435","1993","5","4",
"5826","43","2014","1","2",
"5827","353838","2016","6","3",
"5828","670","2002","5","8",
"5829","899","2023","8","9",
"5830","0","2024","1","7",
"5831","5","2016","6","5",
"5832","7420859","2004","5","6",
"5833","92594427","1972","3","3",
"5834","9","2010","2","5",
"5835","2803","1974","4","7",
"5836","614725290","2025","5","8",
"5837","688804","1977","1","1",
"5838","8041","1989","2","8",
"5839","7402","1997","1","4",
"5840","0","1996","5","4",
"5841","659260119","2013","8","6",
"5842","385","1971","9","4",
"5843","28069558","2022","9","1",
"5844","0","1975","6","8",
"5845","60205466","1980","1","6",
"5846","5605035","2010","4","9",
"5847","4092172","2012","3","1",
"5848","4147","2010","6","4",
"5849","4484199","1985","8","7",
"5850","7382","2023","6","4",
"5851","95731","2002","8","2",
"5852","933","2000","9","1",
"5853","8701338","1999","8","9",
"5854","684712414","1999","5","2",
"5855","637","2011","9","4",
"5856","2389328","2006","2","6",
"5857","0","1980","8","6",
"5858","363","2016","8","5",
"5859","194","1997","2","2",
"5860","37814797","2002","1","7",
"5861","6","1994","3","2",
"5862","5","2001","8","6",
"5863","410171","1989","8","5",
"5864","50","2010","3","6",
"5865","2903","2013","2","2",
"5866","537","1989","9","9",
"5867","152","2025","6","5",
"5868","848001","2008","4","2",
"5869","6871","1980","1","8",
"5870","0","1990","1","7",
"5871","9","2021","2","9",
"5872","24","2024","9","1",
"5873","4962","1991","2","9",
"5874","63230585","2009","1","7",
"5875","293516","2001","4","7",
"5876","877049","1974","9","3",
"5877","204856695","2011","4","2",
"5878","76642223","2001","4","6",
"5879","384","2019","5","8",
"5880","7135","1981","9","9",
"5881","93913689","1976","4","4",
"5882","586149","1981","1","9",
"5883","4421388","2013","3","7",
"5884","960414","2013","5","3",
"5885","34420","1981","7","8",
"5886","434","2006","1","3",
"5887","802334","1982","6","2",
"5888","0","1995","9","8",
"5889","483452","2025","1","4",
"5890","0","1974","4","7",
"5891","3","2003","5","5",
"5892","49","1971","2","6",
"5893","0","1990","1","5",
"5894","65187","2006","1","2",
"5895","1289","1979","9","6",
"5896","5","1996","2","3",
"5897","4","1999","8","2",
"5898","204","2005","3","4",
"5899","8646","1997","8","5",
"5900","6424","2021","5","2",
"5901","24526075","2021","9","2",
"5902","0","2003","9","2",
"5903","2","2021","3","9",
"5904","98366","1991","1","4",
"5905","93987861","2022","5","2",
"5906","431669","2011","1","7",
"5907","7","2022","8","4",
"5908","426351","1981","9","2",
"5909","6727606","2021","8","4",
"5910","8072020","2016","6","3",
"5911","65817332","2017","3","2",
"5912","66637","1997","5","8",
"5913","6","1986","4","4",
"5914","17","1976","1","8",
"5915","56212665","1992","9","4",
"5916","1","1998","1","9",
"5917","0","2024","2","3",
"5918","254266","2023","6","9",
"5919","5","1979","2","4",
"5920","16086432","2002","7","4",
"5921","0","2010","5","2",
"5922","223357","1997","3","5",
"5923","53621874","2008","3","5",
"5924","57028","1972","3","6",
"5925","3786105","2011","3","6",
"5926","75","2018","6","5",
"5927","389688533","2014","6","9",
"5928","58","1995","1","6",
"5929","9319","1971","1","1",
"5930","5","1990","2","3",
"5931","3708","2020","9","3",
"5932","5","1996","9","9",
"5933","3","1997","8","2",
"5934","1","1986","4","3",
"5935","4182","2008","2","1",
"5936","113584","2015","8","9",
"5937","6050","1989","8","7",
"5938","74915","2015","2","3",
"5939","4","2002","2","8",
"5940","74","1977","2","9",
"5941","523926771","1971","9","1",
"5942","75404","1989","3","1",
"5943","812458","2019","5","3",
"5944","0","1990","8","5",
"5945","50322","1981","5","5",
"5946","656185961","2001","8","9",
"5947","105497344","1970","8","3",
"5948","575696933","2014","1","3",
"5949","37532","1985","4","4",
"5950","0","2014","4","3",
"5951","720177","1999","9","2",
"5952","73","1999","6","6",
"5953","0","2015","5","7",
"5954","1","1990","3","6",
"5955","64962250","2010","3","6",
"5956","8993","2005","6","4",
"5957","359","1979","4","7",
"5958","84782696","1992","2","1",
"5959","2","1993","4","4",
"5960","3073","1991","5","1",
"5961","25","2017","6","3",
"5962","7","2006","4","2",
"5963","2894321","1987","5","1",
"5964","810310","1985","6","8",
"5965","2","2009","9","7",
"5966","17555611","2016","1","1",
"5967","8901877","2003","4","9",
"5968","4933","1972","5","7",
"5969","915864","2009","1","4",
"5970","0","2024","6","9",
"5971","84197","2013","1","6",
"5972","0","2005","7","1",
"5973","854508073","2024","2","9",
"5974","71159","2008","7","4",
"5975","788470146","2009","8","6",
"5976","42105","2025","4","3",
"5977","13292784","1993","5","5",
"5978","9756142","1974","4","8",
"5979","45447","1989","3","5",
"5980","6","2010","4","4",
"5981","5","1977","7","1",
"5982","73014766","2014","4","2",
"5983","9","1970","2","1",
"5984","0","1993","1","5",
"5985","7533469","2007","6","3",
"5986","358080","1982","3","6",
"5987","79","1986","9","9",
"5988","6696869","2008","9","8",
"5989","0","1977","3","3",
"5990","5","1977","3","9",
"5991","65010218","2017","5","2",
"5992","357","2005","5","4",
"5993","66","2020","6","4",
"5994","5533","1986","3","6",
"5995","866","2003","2","1",
"5996","44270456","1976","9","5",
"5997","0","1992","1","7",
"5998","99667772","1975","6","1",
"5999","61919095","1999","8","9",
"6000","91134070","1985","7","2",
"6001","459429","1999","7","3",
"6002","454499149","1972","4","7",
"6003","927","1977","5","5",
"6004","894297421","2012","8","2",
"6005","1391","2008","8","7",
"6006","710246179","1982","7","9",
"6007","61","2006","4","9",
"6008","3170204","1985","3","8",
"6009","109","2001","4","7",
"6010","8","1975","2","7",
"6011","60041893","1993","4","9",
"6012","91860","2017","5","1",
"6013","749629315","1992","7","5",
"6014","413","1980","9","7",
"6015","4138","2008","4","9",
"6016","727263212","2004","2","4",
"6017","55","1986","2","6",
"6018","0","1980","2","5",
"6019","50693790","2010","1","8",
"6020","643384","1992","4","8",
"6021","0","1985","5","8",
"6022","542","1971","9","4",
"6023","262649852","2013","3","6",
"6024","8894285","2016","7","4",
"6025","55","1985","7","6",
"6026","17475057","2004","6","4",
"6027","2076","2011","1","8",
"6028","663","1989","1","4",
"6029","0","2011","1","1",
"6030","93832","1994","4","8",
"6031","860149799","1995","6","4",
"6032","7","2013","5","4",
"6033","9967363","2010","1","1",
"6034","3","2006","1","2",
"6035","99129850","2015","1","1",
"6036","912818","1973","2","4",
"6037","1929","2005","9","3",
"6038","548","2006","8","9",
"6039","234438","1972","9","5",
"6040","5984","1992","3","6",
"6041","40335","1983","1","2",
"6042","70","1974","7","1",
"6043","18993","1972","3","5",
"6044","107156","2010","2","2",
"6045","0","2024","4","3",
"6046","15","1992","9","4",
"6047","213617","2004","5","9",
"6048","23690792","2001","9","1",
"6049","70782","2022","5","2",
"6050","64574281","2012","6","9",
"6051","331874208","2014","1","2",
"6052","672083","1994","7","1",
"6053","5","1975","4","9",
"6054","0","1984","8","7",
"6055","9688","2013","7","6",
"6056","81733","2005","6","7",
"6057","1117946","2016","2","9",
"6058","4152","1988","8","9",
"6059","350","1984","5","4",
"6060","25656","2004","3","8",
"6061","6","1976","9","3",
"6062","67815457","2003","8","7",
"6063","27433804","2015","9","4",
"6064","65352","2015","9","3",
"6065","725337146","2024","7","1",
"6066","475652990","1998","7","3",
"6067","9024076","1998","7","1",
"6068","15","1999","6","1",
"6069","980169985","1994","5","4",
"6070","7107","1972","1","7",
"6071","701","2008","3","9",
"6072","0","1996","2","5",
"6073","76488054","1997","5","1",
"6074","2464","2008","7","7",
"6075","2483802","2011","2","3",
"6076","831","2007","4","1",
"6077","9363998","1990","3","5",
"6078","0","1987","2","5",
"6079","8064621","1972","7","8",
"6080","0","2019","7","4",
"6081","360","1993","3","2",
"6082","759","1988","1","8",
"6083","7","2010","5","9",
"6084","0","1987","4","6",
"6085","859383108","2014","2","5",
"6086","0","1980","8","7",
"6087","48362343","2004","5","6",
"6088","320376605","2006","9","2",
"6089","680853165","1970","8","4",
"6090","10385297","2025","3","6",
"6091","0","2021","2","7",
"6092","262077","2001","3","8",
"6093","701487334","1976","1","5",
"6094","47804325","1986","9","3",
"6095","0","2012","4","5",
"6096","32482","2024","5","5",
"6097","0","1984","3","4",
"6098","7432258","1980","7","2",
"6099","0","2018","7","1",
"6100","7300","1975","9","5",
"6101","45611","1986","9","5",
"6102","681778","2015","8","4",
"6103","521687985","1993","2","5",
"6104","7684","1979","1","4",
"6105","0","2014","7","3",
"6106","736898580","1977","4","8",
"6107","867196","1978","4","8",
"6108","139897650","1972","7","5",
"6109","36775795","1971","6","2",
"6110","4855","2007","7","8",
"6111","564665","2009","1","9",
"6112","8019787","1985","8","5",
"6113","0","2008","1","2",
"6114","2381032","1983","4","5",
"6115","1197050","1988","6","8",
"6116","7","1987","8","9",
"6117","342198","1989","8","6",
"6118","618372530","1994","8","4",
"6119","9777432","1999","4","4",
"6120","37037","1986","8","1",
"6121","0","1979","3","7",
"6122","993773","1992","8","8",
"6123","0","1985","1","2",
"6124","234","1976","1","7",
"6125","7","1994","3","1",
"6126","971218","2024","6","5",
"6127","8557","2021","6","1",
"6128","69245","2004","2","2",
"6129","2818597","2019","5","3",
"6130","670768897","2010","9","8",
"6131","245987025","2005","4","2",
"6132","3312064","2012","2","5",
"6133","6","2015","9","9",
"6134","801483833","1971","5","1",
"6135","26255378","1987","4","5",
"6136","8","1997","7","2",
"6137","67","2018","5","2",
"6138","713","2023","4","5",
"6139","608047204","1993","5","1",
"6140","614","1992","8","7",
"6141","663","2000","4","7",
"6142","732746","1992","5","6",
"6143","214371","1991","6","1",
"6144","21591","1975","6","9",
"6145","50632","2015","7","3",
"6146","7428356","2008","9","9",
"6147","454652309","2010","1","9",
"6148","491","1993","7","5",
"6149","0","2008","7","8",
"6150","1492","1997","5","7",
"6151","32098276","2004","8","1",
"6152","38025","2000","6","4",
"6153","878","1998","3","4",
"6154","4789","2015","1","3",
"6155","984174","1984","1","3",
"6156","46491","2008","4","4",
"6157","46534006","1985","1","4",
"6158","3863485","2004","1","3",
"6159","0","2010","1","6",
"6160","32056","2014","6","2",
"6161","39010112","2011","5","6",
"6162","237418459","1990","2","9",
"6163","927915","2000","1","2",
"6164","595","2023","9","7",
"6165","58180","1991","8","5",
"6166","0","2004","5","6",
"6167","1905939","2018","3","2",
"6168","8086485","1974","1","3",
"6169","283403578","2017","9","3",
"6170","7376274","2003","3","7",
"6171","8637011","1986","8","5",
"6172","852830","2004","9","5",
"6173","730","2020","4","4",
"6174","0","1979","8","3",
"6175","123473184","2006","3","4",
"6176","6","1985","7","3",
"6177","0","1973","8","3",
"6178","9633874","1986","3","7",
"6179","749","1990","9","1",
"6180","454482","2003","7","8",
"6181","10","1977","1","8",
"6182","905","2023","2","8",
"6183","848298","2010","1","7",
"6184","23710","2015","5","3",
"6185","0","2011","4","8",
"6186","5","1990","6","7",
"6187","27935","2015","9","3",
"6188","4881865","1985","6","8",
"6189","99668970","1981","3","9",
"6190","2288","2022","6","8",
"6191","85524797","1998","8","9",
"6192","1","1976","4","7",
"6193","5767","1984","5","7",
"6194","902795","2024","9","7",
"6195","602911696","2019","8","6",
"6196","8460","1992","6","8",
"6197","430","2007","9","8",
"6198","82","2004","3","7",
"6199","896","1980","3","4",
"6200","83883","1978","1","6",
"6201","0","1990","3","5",
"6202","124","1981","9","1",
"6203","7277","1998","9","2",
"6204","44","2002","5","3",
"6205","708120","1990","1","2",
"6206","7","1989","3","1",
"6207","930102","2011","8","5",
"6208","756689222","1987","8","7",
"6209","188","2006","4","6",
"6210","726065853","1973","8","5",
"6211","9877","1989","5","8",
"6212","274073","2017","9","4",
"6213","931820403","2003","1","9",
"6214","0","1985","6","7",
"6215","7465","2005","5","2",
"6216","88","2015","8","8",
"6217","30999613","1984","2","2",
"6218","8126","1985","4","1",
"6219","348745","1970","1","5",
"6220","8867595","2001","2","6",
"6221","91328","2001","1","1",
"6222","90","2022","9","4",
"6223","0","1993","7","8",
"6224","841459","1989","5","8",
"6225","45","2005","3","2",
"6226","7","1988","1","3",
"6227","91997327","2000","2","2",
"6228","5","2016","9","7",
"6229","37424","1971","5","4",
"6230","145","1980","9","2",
"6231","26037","2004","6","2",
"6232","62077","1982","6","8",
"6233","2969","2008","3","6",
"6234","87475874","2011","2","7",
"6235","20","1994","3","4",
"6236","791","2020","6","1",
"6237","0","2014","1","1",
"6238","73687","1986","2","8",
"6239","88100818","2018","5","2",
"6240","293","1996","2","2",
"6241","0","2007","4","5",
"6242","7","1998","9","5",
"6243","52","2008","6","7",
"6244","8","1998","7","4",
"6245","439","2010","3","3",
"6246","0","1985","3","6",
"6247","0","2003","4","9",
"6248","0","1991","7","7",
"6249","8","1983","4","6",
"6250","412013","2012","6","9",
"6251","96756","1987","6","4",
"6252","366","2006","9","1",
"6253","977717","1972","3","9",
"6254","98","2007","2","3",
"6255","44959171","1989","2","5",
"6256","9","1996","1","8",
"6257","870765","1992","5","3",
"6258","5068","1976","1","5",
"6259","239","2004","6","2",
"6260","6962689","1997","2","7",
"6261","3183","1983","4","1",
"6262","59506868","1977","7","9",
"6263","54608","1986","4","9",
"6264","1305141","1989","5","3",
"6265","1459","1993","9","2",
"6266","5115810","1974","1","5",
"6267","2639","1988","3","2",
"6268","280","2013","1","6",
"6269","757846572","2016","5","9",
"6270","217486","1973","6","5",
"6271","111798282","2023","9","2",
"6272","641670","1992","7","1",
"6273","0","2008","6","4",
"6274","99643","1982","7","7",
"6275","911113","1996","4","8",
"6276","22864","2021","6","6",
"6277","98","1989","9","9",
"6278","7","2024","1","2",
"6279","3559673","1983","9","2",
"6280","5","2002","7","6",
"6281","663","1996","3","4",
"6282","64","1998","8","5",
"6283","31719","2002","9","7",
"6284","2015420","2022","7","8",
"6285","280605","2000","2","5",
"6286","9474","1996","2","7",
"6287","63","1972","7","3",
"6288","66","1997","2","5",
"6289","9325249","2000","7","8",
"6290","0","2008","1","4",
"6291","297743019","1975","4","8",
"6292","5503","1978","3","5",
"6293","0","1989","2","2",
"6294","34696","1984","5","2",
"6295","965379421","1970","3","7",
"6296","660","1997","7","8",
"6297","527202","2002","8","8",
"6298","978","2012","7","2",
"6299","141275034","2014","9","3",
"6300","745957","2018","3","9",
"6301","655834","1986","1","8",
"6302","2295204","1990","6","2",
"6303","36","1981","1","8",
"6304","81149584","1982","9","3",
"6305","20204","2017","2","6",
"6306","53","1971","4","1",
"6307","1086196","2020","7","5",
"6308","255397","1984","8","3",
"6309","6686671","2011","7","9",
"6310","9574","2024","9","5",
"6311","12095931","1976","1","5",
"6312","5457","2011","2","8",
"6313","0","1984","9","7",
"6314","99688595","2002","1","9",
"6315","1","2007","8","3",
"6316","5159387","2001","7","8",
"6317","5875","1983","9","1",
"6318","0","2013","8","6",
"6319","16","1999","6","3",
"6320","58","1994","6","6",
"6321","56599216","1970","9","3",
"6322","61780","1981","4","4",
"6323","4840","2010","3","3",
"6324","3731941","1988","4","4",
"6325","18395266","1990","6","1",
"6326","887782","2002","6","5",
"6327","841215","1987","4","8",
"6328","85703832","1980","9","5",
"6329","7811","2019","6","7",
"6330","5601","1998","3","5",
"6331","72611","1991","8","4",
"6332","4350","2023","4","2",
"6333","9250203","2000","3","3",
"6334","32498237","2022","9","2",
"6335","0","2008","9","4",
"6336","71571","1978","8","6",
"6337","87980","1991","3","2",
"6338","850","1978","7","4",
"6339","3534311","2002","1","6",
"6340","7","2012","7","4",
"6341","881243707","2002","5","4",
"6342","0","1989","3","4",
"6343","58378687","2005","7","3",
"6344","5","2009","2","7",
"6345","591764","2015","5","4",
"6346","823","1983","8","6",
"6347","684565","2003","8","5",
"6348","881","1985","4","3",
"6349","19","2008","7","2",
"6350","772468","1990","8","4",
"6351","3787","2005","3","9",
"6352","508563661","1976","8","4",
"6353","0","1989","9","6",
"6354","7910","2012","7","4",
"6355","730553","2019","7","7",
"6356","10802","2020","7","6",
"6357","707220","1992","7","3",
"6358","31051","1981","4","3",
"6359","844","1977","3","2",
"6360","771","1989","3","9",
"6361","794230557","1992","3","5",
"6362","89641","1993","3","1",
"6363","462198","1986","8","7",
"6364","275489","1980","9","3",
"6365","620","2015","1","1",
"6366","7240170","2018","3","4",
"6367","14902781","1994","5","2",
"6368","3287523","2020","1","1",
"6369","68","1991","6","6",
"6370","0","2020","4","6",
"6371","414802","2005","3","3",
"6372","83785","2002","4","9",
"6373","59154612","2015","8","5",
"6374","3102255","1970","1","4",
"6375","25648","2018","6","9",
"6376","1173","1995","9","2",
"6377","1904870","1984","1","6",
"6378","126","2008","1","8",
"6379","71","1991","5","1",
"6380","7423","1977","9","6",
"6381","63554","2017","3","3",
"6382","5702","2016","8","1",
"6383","0","1986","2","2",
"6384","0","1978","4","9",
"6385","69","2008","7","7",
"6386","48","2005","3","6",
"6387","19","1979","9","4",
"6388","45459884","2005","5","6",
"6389","254","1971","2","8",
"6390","55831563","1989","9","3",
"6391","57996144","2007","5","6",
"6392","50935108","2024","3","8",
"6393","87","1999","7","6",
"6394","6980804","2008","6","1",
"6395","358","2002","1","5",
"6396","835","1978","6","5",
"6397","2","1999","1","5",
"6398","2","2019","4","1",
"6399","635","2014","6","1",
"6400","20715","1978","8","1",
"6401","587850","2005","8","7",
"6402","79851","2007","1","4",
"6403","3756","2009","9","1",
"6404","46","1986","6","6",
"6405","6","1984","3","8",
"6406","0","1990","7","9",
"6407","5831814","2000","7","1",
"6408","534448","1981","3","3",
"6409","707255","1990","6","1",
"6410","0","1991","2","3",
"6411","7565","1985","3","9",
"6412","0","2025","2","4",
"6413","69","1970","6","3",
"6414","942067","2023","2","6",
"6415","8906","2018","1","8",
"6416","172635","2016","6","5",
"6417","33","1975","5","3",
"6418","0","1995","1","8",
"6419","9317670","1973","5","7",
"6420","3124","1990","5","2",
"6421","3306","1999","2","6",
"6422","0","2007","6","5",
"6423","58","2022","5","5",
"6424","719982909","2002","9","9",
"6425","35809","1975","4","2",
"6426","178403","2023","8","6",
"6427","4","1994","4","6",
"6428","33","2025","4","3",
"6429","1668322","2000","5","1",
"6430","5227265","2014","7","7",
"6431","8","2010","7","7",
"6432","7019417","2023","6","1",
"6433","89772","1988","3","8",
"6434","35958","2001","2","9",
"6435","9","2003","1","9",
"6436","610169618","1984","8","2",
"6437","521","2019","1","4",
"6438","0","1987","3","8",
"6439","0","1989","2","2",
"6440","2994085","2023","4","8",
"6441","61763","1998","5","2",
"6442","38","2021","8","8",
"6443","37459","2019","1","8",
"6444","9314","1993","9","2",
"6445","33","2023","6","1",
"6446","0","1979","8","6",
"6447","652037557","2021","8","8",
"6448","88","2019","3","7",
"6449","205","1975","7","1",
"6450","86","2009","7","1",
"6451","41734","2023","8","4",
"6452","23273812","1989","1","8",
"6453","40527","2007","3","1",
"6454","67933053","1974","2","4",
"6455","810671845","1986","9","9",
"6456","88","1986","9","6",
"6457","2","1990","1","3",
"6458","1596595","2006","3","6",
"6459","6690","2004","7","2",
"6460","2","2020","9","5",
"6461","5907619","1974","3","9",
"6462","1523623","2022","2","8",
"6463","2570116","2010","9","8",
"6464","809630203","1984","9","7",
"6465","4","1972","8","9",
"6466","958499444","2000","9","8",
"6467","94420680","1979","3","3",
"6468","839","2020","3","7",
"6469","77659118","2001","7","3",
"6470","225042","1995","9","8",
"6471","0","2010","9","2",
"6472","235","2009","2","7",
"6473","75372","2023","7","1",
"6474","40860565","2013","9","1",
"6475","26204072","1972","5","8",
"6476","363","2019","5","5",
"6477","0","2002","1","6",
"6478","7","1978","8","2",
"6479","50","1972","6","2",
"6480","536054006","1972","4","9",
"6481","766791","2003","7","9",
"6482","3","1979","4","8",
"6483","9703811","2002","7","1",
"6484","118634466","2002","9","7",
"6485","451322","2024","1","5",
"6486","8590","2012","5","4",
"6487","0","2002","7","4",
"6488","313613633","1999","2","6",
"6489","5","1992","4","7",
"6490","72615","1990","3","5",
"6491","8489720","1974","1","5",
"6492","547","2005","4","7",
"6493","2","1972","7","1",
"6494","5415","1996","3","8",
"6495","3471626","2015","4","6",
"6496","128","1990","6","7",
"6497","378","2020","9","8",
"6498","0","2015","7","7",
"6499","3963","2018","2","2",
"6500","2","1979","3","4",
"6501","43","1997","1","3",
"6502","0","1973","2","3",
"6503","94","2013","7","6",
"6504","648","1988","1","5",
"6505","2913146","1988","6","2",
"6506","469","1995","3","6",
"6507","402","2014","6","2",
"6508","289966","1975","9","3",
"6509","17487628","1998","5","2",
"6510","488","2023","8","1",
"6511","38411139","2013","5","8",
"6512","0","1984","9","7",
"6513","21798","1976","7","8",
"6514","722067","1976","9","2",
"6515","436","2017","9","9",
"6516","6428901","1971","2","9",
"6517","8006756","2002","7","9",
"6518","6584","1978","1","3",
"6519","0","1983","8","7",
"6520","32","2024","8","6",
"6521","7","2022","6","6",
"6522","0","1977","3","8",
"6523","285557","2017","3","8",
"6524","3","2007","8","3",
"6525","232368","1975","7","5",
"6526","802","1970","8","2",
"6527","43768","2005","9","1",
"6528","91003","2024","4","6",
"6529","704948935","2005","9","3",
"6530","92096696","2010","2","1",
"6531","9963","1994","3","1",
"6532","826130","1990","6","1",
"6533","52815","2008","2","6",
"6534","1","1999","1","4",
"6535","9523","2016","3","1",
"6536","8858","1975","5","9",
"6537","90","1980","4","6",
"6538","0","1973","3","1",
"6539","44","1993","6","7",
"6540","84333827","1977","2","7",
"6541","930","1984","4","1",
"6542","95029605","1999","1","5",
"6543","6086129","1972","6","7",
"6544","97560","2017","1","9",
"6545","7785","2010","2","2",
"6546","96574","1989","6","1",
"6547","4784","1971","9","3",
"6548","71657201","2003","9","4",
"6549","735329","2017","6","5",
"6550","7","1993","2","5",
"6551","3","1998","8","9",
"6552","90","2010","8","2",
"6553","665711777","2025","7","5",
"6554","388344","2013","6","3",
"6555","725411210","2002","4","4",
"6556","726448","2013","9","2",
"6557","5728248","2010","5","9",
"6558","2547","2006","8","3",
"6559","11176","2007","1","3",
"6560","73","1972","7","6",
"6561","698691","1976","9","2",
"6562","722780258","2022","9","7",
"6563","11996509","1972","7","1",
"6564","983","2013","5","7",
"6565","21","1977","3","4",
"6566","4","1970","1","4",
"6567","4","1993","6","5",
"6568","0","1985","4","5",
"6569","75","2025","6","3",
"6570","14","2012","9","7",
"6571","34435","1990","7","9",
"6572","36266052","2012","7","1",
"6573","304500","2002","1","9",
"6574","0","1972","2","2",
"6575","50","1990","8","4",
"6576","18","2014","7","1",
"6577","36","2010","6","2",
"6578","649174032","1979","2","5",
"6579","0","1970","5","6",
"6580","31198219","1992","8","9",
"6581","594","2007","2","7",
"6582","86","2016","8","7",
"6583","647","2002","7","1",
"6584","2733196","2017","1","4",
"6585","77039825","1998","8","1",
"6586","6695482","1993","9","9",
"6587","64","2007","8","3",
"6588","0","2007","6","2",
"6589","62066819","1974","3","7",
"6590","6543216","2018","2","8",
"6591","9","1984","5","4",
"6592","7699","1995","8","6",
"6593","86","2008","6","1",
"6594","457219","1978","7","9",
"6595","517274","2016","3","6",
"6596","9446024","1998","8","4",
"6597","39125172","2012","9","3",
"6598","9","1989","2","6",
"6599","28","1989","6","8",
"6600","960","2003","3","3",
"6601","9576475","1984","7","2",
"6602","0","1991","4","6",
"6603","1623","2024","5","9",
"6604","83192137","1998","7","6",
"6605","10","1973","3","9",
"6606","57","1996","4","6",
"6607","85359","1980","9","4",
"6608","7780853","1985","2","6",
"6609","6","1974","6","5",
"6610","7","2025","8","7",
"6611","62027713","1980","6","8",
"6612","745296","2014","9","1",
"6613","0","1988","7","1",
"6614","193811423","2007","8","8",
"6615","6306","2014","9","4",
"6616","380622733","2022","1","3",
"6617","63","2012","9","1",
"6618","70","2025","3","6",
"6619","1615162","1999","7","8",
"6620","309608","1986","8","1",
"6621","64891255","2007","7","7",
"6622","909671528","1979","2","1",
"6623","87","1998","8","8",
"6624","92128832","1977","6","3",
"6625","0","1985","1","7",
"6626","23396","2009","1","2",
"6627","234578098","1976","8","7",
"6628","72129","1984","1","1",
"6629","87057","1988","6","1",
"6630","2","2010","3","9",
"6631","3036","1976","3","8",
"6632","62","2001","5","4",
"6633","8821","1986","9","5",
"6634","643","1976","2","8",
"6635","903685394","1988","8","3",
"6636","4297825","1997","9","2",
"6637","74848","1971","8","2",
"6638","0","1995","8","7",
"6639","3152556","2011","4","3",
"6640","831141088","1981","6","9",
"6641","41042","1980","6","7",
"6642","5","2007","6","8",
"6643","23042856","1990","5","5",
"6644","5083","1973","8","1",
"6645","427762","2000","8","2",
"6646","778863197","1970","4","5",
"6647","67732","2022","8","8",
"6648","23387","2004","2","2",
"6649","0","1981","7","7",
"6650","108496","1972","5","9",
"6651","4356","2020","2","2",
"6652","876","2017","7","4",
"6653","3861","2010","5","7",
"6654","51835980","2006","1","6",
"6655","566295","1974","2","3",
"6656","90417894","2005","7","1",
"6657","142941188","1970","4","9",
"6658","31030775","2025","3","8",
"6659","0","2025","5","3",
"6660","17","1971","8","1",
"6661","43","1993","6","4",
"6662","7","2009","8","2",
"6663","3456","2025","8","7",
"6664","560","2014","7","5",
"6665","64086194","2002","6","4",
"6666","5884050","1980","3","9",
"6667","474821","2005","6","8",
"6668","3","2001","7","1",
"6669","458360269","2001","5","1",
"6670","39782571","2005","1","1",
"6671","772912494","2017","7","8",
"6672","6184003","1984","9","2",
"6673","99204","2007","7","4",
"6674","505263","2000","8","3",
"6675","90899","1977","9","2",
"6676","812","1990","6","5",
"6677","1428000","2020","1","2",
"6678","0","2014","8","1",
"6679","194739773","2016","3","4",
"6680","8","2005","1","7",
"6681","682282558","1979","2","3",
"6682","31063","2021","4","4",
"6683","912469278","2006","9","2",
"6684","124138328","2024","3","5",
"6685","49321","2020","1","3",
"6686","0","2021","6","3",
"6687","93346008","1977","2","6",
"6688","6118400","2022","7","8",
"6689","110","2017","9","8",
"6690","283968","2005","8","6",
"6691","78777926","2005","9","1",
"6692","1347271","1999","2","4",
"6693","278461157","1995","3","1",
"6694","495","1971","9","7",
"6695","0","2010","1","7",
"6696","18","2002","7","1",
"6697","1","1983","6","5",
"6698","58980","2009","9","9",
"6699","297822","1970","4","4",
"6700","3359132","1998","1","2",
"6701","146915979","1976","1","8",
"6702","243959","2020","5","1",
"6703","426631","1990","3","3",
"6704","238","2008","8","3",
"6705","8","1975","7","3",
"6706","689761998","1987","8","5",
"6707","43421","1978","4","9",
"6708","9472108","1972","5","3",
"6709","6948","2020","7","2",
"6710","60364","1983","2","3",
"6711","918","2017","8","7",
"6712","48","2005","2","7",
"6713","82","2023","3","8",
"6714","2","2017","6","8",
"6715","48147","1979","7","7",
"6716","0","2011","6","6",
"6717","5","1971","1","8",
"6718","5006076","2020","2","4",
"6719","968","1974","5","7",
"6720","342","2019","6","3",
"6721","16370","2024","7","5",
"6722","4","2024","1","7",
"6723","1797","1970","8","8",
"6724","460541010","2013","3","3",
"6725","7158646","2007","8","1",
"6726","370","2023","3","8",
"6727","0","1973","9","8",
"6728","0","1971","4","5",
"6729","5","1982","9","9",
"6730","6403","1986","3","8",
"6731","274512055","1984","3","6",
"6732","0","2015","2","9",
"6733","4827","2020","1","7",
"6734","0","1976","5","5",
"6735","748425","1995","3","6",
"6736","0","1992","7","1",
"6737","2337","1979","9","5",
"6738","89953024","1972","2","7",
"6739","509591517","1992","1","1",
"6740","79534","1980","7","4",
"6741","846","2019","2","4",
"6742","31","2013","8","8",
"6743","0","1975","5","2",
"6744","99","2001","2","7",
"6745","329550","2017","2","6",
"6746","1479","1984","4","8",
"6747","471104386","1982","3","2",
"6748","0","1970","5","4",
"6749","2276","1996","8","7",
"6750","218556032","2016","5","9",
"6751","128791257","2009","3","8",
"6752","30787","1983","9","9",
"6753","2270890","1982","5","9",
"6754","711","1986","3","6",
"6755","21","2006","8","9",
"6756","0","1992","8","2",
"6757","84918","1976","8","2",
"6758","1485","1994","1","5",
"6759","0","2002","1","3",
"6760","299141","1996","8","8",
"6761","40","2004","2","2",
"6762","71","2013","4","6",
"6763","1918346","1978","6","8",
"6764","97271577","1973","8","6",
"6765","69954","1972","6","3",
"6766","4906","1979","1","6",
"6767","80877","2021","9","6",
"6768","1","1975","5","4",
"6769","0","1986","2","1",
"6770","68","1999","4","8",
"6771","218027780","2005","1","2",
"6772","4059376","2005","3","3",
"6773","826658575","1976","6","8",
"6774","967160371","2018","6","2",
"6775","96533014","1985","4","2",
"6776","2799729","1978","9","8",
"6777","738","2015","9","1",
"6778","14774045","1983","6","2",
"6779","38589","1992","2","9",
"6780","44039441","2022","5","6",
"6781","75","2000","2","5",
"6782","23","2011","4","7",
"6783","2417","2004","2","2",
"6784","686072080","2018","7","3",
"6785","8","1983","8","9",
"6786","12069798","1999","5","2",
"6787","154140439","2021","4","3",
"6788","0","1990","5","1",
"6789","0","2022","2","5",
"6790","5231","1988","5","6",
"6791","11685665","2021","6","1",
"6792","0","1996","3","8",
"6793","0","2022","9","5",
"6794","28890539","2025","2","8",
"6795","0","2000","4","9",
"6796","40377283","1970","5","9",
"6797","3","1993","5","7",
"6798","52","1988","6","8",
"6799","9","1992","3","2",
"6800","207","2009","5","4",
"6801","1995","1995","4","8",
"6802","7819811","2001","9","7",
"6803","454227","1993","3","7",
"6804","48556","1990","9","2",
"6805","685951","2018","4","4",
"6806","2","1985","3","9",
"6807","200514979","2011","9","5",
"6808","2753400","1995","3","9",
"6809","56558067","2006","2","2",
"6810","0","2009","8","8",
"6811","0","1992","3","8",
"6812","2637","1972","7","5",
"6813","38079123","1983","7","4",
"6814","4392","2009","1","1",
"6815","4473","1976","9","9",
"6816","685","2018","7","2",
"6817","1","1993","9","5",
"6818","9963320","2008","1","9",
"6819","34046623","1997","5","9",
"6820","622257","1975","5","6",
"6821","736107","2022","3","1",
"6822","0","2011","6","5",
"6823","2496","1989","6","3",
"6824","85937245","2005","2","1",
"6825","461","1984","7","9",
"6826","0","2017","5","9",
"6827","19340242","1975","3","5",
"6828","66331362","1990","5","9",
"6829","18","1978","4","1",
"6830","875139749","1998","8","6",
"6831","368","1996","4","9",
"6832","846673316","1988","2","4",
"6833","68936024","1985","5","1",
"6834","289440285","1985","1","4",
"6835","2194438","2022","6","2",
"6836","75568544","1976","9","8",
"6837","0","2008","4","3",
"6838","80610","2025","6","9",
"6839","12615523","1992","7","3",
"6840","467120433","2006","5","8",
"6841","69","2002","9","2",
"6842","2565","1982","5","5",
"6843","3","2022","7","4",
"6844","15474932","1976","2","1",
"6845","363","2022","3","6",
"6846","8138","1992","6","6",
"6847","1","1984","5","2",
"6848","97","1992","6","8",
"6849","43845973","1983","8","5",
"6850","4899617","1993","8","9",
"6851","2997","1984","5","4",
"6852","14","2015","9","3",
"6853","4592765","2017","1","9",
"6854","941","1980","1","3",
"6855","71148748","2014","8","5",
"6856","9","2023","8","9",
"6857","0","1973","4","7",
"6858","346","1978","8","9",
"6859","0","1990","2","1",
"6860","2","1993","7","6",
"6861","6315","2017","2","3",
"6862","91151075","1982","8","6",
"6863","4","2013","2","5",
"6864","689","1986","9","7",
"6865","897","1995","5","1",
"6866","473912579","2025","1","2",
"6867","244","1988","9","5",
"6868","735094","2011","7","4",
"6869","63486588","1978","3","1",
"6870","95","2007","8","7",
"6871","708","2001","6","5",
"6872","533","1975","3","2",
"6873","9","1982","2","9",
"6874","3981","2003","8","1",
"6875","5225963","2018","2","4",
"6876","5","2003","7","1",
"6877","8768","2001","7","1",
"6878","18270","1989","5","9",
"6879","445","1982","3","2",
"6880","538763675","2016","6","6",
"6881","2550628","1970","6","5",
"6882","0","2006","2","4",
"6883","59","2024","5","5",
"6884","92059660","1994","5","9",
"6885","0","1994","2","4",
"6886","1987","1982","7","6",
"6887","5539410","1981","1","4",
"6888","406731535","2021","5","1",
"6889","517","2012","9","3",
"6890","5","2025","2","4",
"6891","157","1978","1","1",
"6892","57557825","1973","3","5",
"6893","8061","1971","9","6",
"6894","64","2010","9","5",
"6895","0","1977","7","4",
"6896","9946017","1976","8","8",
"6897","0","1979","2","4",
"6898","3","2022","6","7",
"6899","3501","2016","3","6",
"6900","1519341","2024","6","3",
"6901","936717","2016","2","5",
"6902","4","1976","6","9",
"6903","5","2008","2","2",
"6904","839640762","1991","9","4",
"6905","20","1984","3","7",
"6906","3","1983","8","9",
"6907","9119","1984","8","2",
"6908","2446471","1984","6","2",
"6909","83756","2022","7","8",
"6910","222111","2001","6","6",
"6911","9","2007","9","6",
"6912","894","2022","3","5",
"6913","203","2007","2","6",
"6914","4664","1994","3","3",
"6915","7989","2019","5","4",
"6916","1651741","1973","9","7",
"6917","42","1977","4","1",
"6918","676","2017","1","7",
"6919","23","2006","9","9",
"6920","3495","1978","2","2",
"6921","83672930","1983","6","1",
"6922","286","1981","7","4",
"6923","76245186","1982","5","1",
"6924","24","1984","4","3",
"6925","6707","1990","3","9",
"6926","330537","1980","4","9",
"6927","27619268","1974","8","2",
"6928","8452224","1981","6","4",
"6929","7374","1995","8","7",
"6930","91716667","1972","1","9",
"6931","16675","2018","4","3",
"6932","94","2024","4","7",
"6933","23609","1997","7","7",
"6934","741","1990","2","8",
"6935","9865529","1981","2","9",
"6936","1218673","1982","9","5",
"6937","0","2005","1","4",
"6938","14344","1976","7","5",
"6939","274","2016","6","1",
"6940","276540","2007","3","2",
"6941","3086","1983","4","2",
"6942","3077869","2003","3","1",
"6943","4383","2010","3","2",
"6944","96","2018","2","6",
"6945","74400170","1990","8","3",
"6946","1","2012","7","2",
"6947","1788071","2008","2","3",
"6948","67471","1980","4","5",
"6949","2","1991","4","8",
"6950","830936","1992","5","6",
"6951","847","1985","7","8",
"6952","3569790","2023","4","5",
"6953","6987","2004","3","5",
"6954","1080","1971","4","1",
"6955","5541455","1985","3","7",
"6956","54665","1985","7","1",
"6957","2623","1976","7","6",
"6958","63289","2012","1","1",
"6959","872","1976","2","4",
"6960","73109","2010","8","6",
"6961","67","2024","2","1",
"6962","5425","1983","2","2",
"6963","88584332","1978","8","6",
"6964","10128831","1988","6","6",
"6965","547114174","1984","2","9",
"6966","5","1989","7","7",
"6967","24047532","1987","9","1",
"6968","549322","2024","3","7",
"6969","3489","1995","6","8",
"6970","15211","2001","3","7",
"6971","303743","1980","2","7",
"6972","0","2007","8","8",
"6973","835","1980","9","6",
"6974","256162292","2016","9","1",
"6975","0","2004","4","8",
"6976","50510726","1980","6","6",
"6977","9","1985","5","9",
"6978","17630069","1995","4","3",
"6979","9827","2012","4","2",
"6980","5250","1979","5","9",
"6981","2303753","1994","7","9",
"6982","13531587","2018","1","1",
"6983","111526534","1980","5","7",
"6984","91096","2004","4","1",
"6985","0","2019","5","1",
"6986","0","1990","8","1",
"6987","6771","2007","8","4",
"6988","4426586","1983","9","9",
"6989","0","2004","4","6",
"6990","25153046","2010","5","2",
"6991","1487293","1980","9","5",
"6992","67","2008","9","2",
"6993","229407","1972","8","8",
"6994","36468189","2020","1","9",
"6995","1485","1973","9","8",
"6996","268982","1987","8","7",
"6997","822","2010","2","2",
"6998","631385","1970","3","9",
"6999","617161696","2019","5","7",
"7000","6","1978","4","8",
"7001","490812402","2015","6","9",
"7002","37673","1986","8","2",
"7003","0","2017","5","4",
"7004","2241259","2008","1","9",
"7005","0","1988","6","5",
"7006","65668","2012","1","3",
"7007","3853681","2006","9","1",
"7008","44","1974","6","9",
"7009","494746194","1997","4","2",
"7010","97082","2015","8","3",
"7011","90380163","1991","7","6",
"7012","0","2005","5","1",
"7013","574","2002","5","1",
"7014","81967689","2015","2","6",
"7015","34335063","1978","4","4",
"7016","5038930","1984","4","1",
"7017","879706333","1988","9","3",
"7018","238","1989","4","7",
"7019","18974181","2018","7","6",
"7020","13","2012","6","4",
"7021","3830","2004","5","6",
"7022","57818140","1995","4","3",
"7023","7975","1985","2","3",
"7024","440750170","2011","8","8",
"7025","4","1997","6","8",
"7026","40081","1980","6","1",
"7027","16617475","1972","8","1",
"7028","5","2021","7","9",
"7029","3588276","2011","6","6",
"7030","28","1982","4","3",
"7031","74851811","1989","4","7",
"7032","69603","2023","6","1",
"7033","61","2021","9","2",
"7034","39352","1993","4","8",
"7035","788","2006","8","2",
"7036","978","1997","1","7",
"7037","71351","1979","7","4",
"7038","0","1979","2","4",
"7039","2","1993","7","2",
"7040","3191788","1981","5","1",
"7041","522976010","1984","1","7",
"7042","97740793","1999","3","8",
"7043","567","1998","7","1",
"7044","0","2021","9","9",
"7045","0","1983","5","1",
"7046","30270237","2001","1","5",
"7047","9955495","1986","7","8",
"7048","93615","2001","2","8",
"7049","2","1994","8","4",
"7050","8","2008","7","1",
"7051","0","1984","4","5",
"7052","3997041","2015","6","4",
"7053","43","2019","6","8",
"7054","2","2025","5","9",
"7055","47","2017","7","3",
"7056","4537910","2023","4","6",
"7057","176627251","1984","4","6",
"7058","7","1994","3","4",
"7059","114","2015","7","7",
"7060","0","1971","8","7",
"7061","5463272","1997","5","4",
"7062","10","2017","3","8",
"7063","384038","1973","2","6",
"7064","786","2016","8","1",
"7065","0","2005","6","7",
"7066","4873","2023","4","8",
"7067","5","2006","4","1",
"7068","0","1977","5","7",
"7069","57885943","1982","9","6",
"7070","570","2010","2","1",
"7071","4704","2006","9","5",
"7072","32704684","1983","3","2",
"7073","36927","1988","1","4",
"7074","3","1982","2","2",
"7075","9","1996","5","1",
"7076","0","2012","8","7",
"7077","981852","1979","9","3",
"7078","6845530","1981","1","5",
"7079","8017","2022","4","2",
"7080","648888","1990","1","7",
"7081","95732","1978","5","9",
"7082","116196","2001","5","1",
"7083","143115","2019","3","2",
"7084","270557","2016","2","3",
"7085","5","1989","5","1",
"7086","556","2012","8","8",
"7087","6200","1993","4","2",
"7088","156844","1970","5","8",
"7089","280","2024","3","2",
"7090","75","2013","4","6",
"7091","59","1988","9","5",
"7092","148","2008","4","7",
"7093","351660915","1977","2","5",
"7094","1976551","1993","3","4",
"7095","9","2024","6","1",
"7096","0","2008","5","8",
"7097","473","1983","4","6",
"7098","581435","1996","2","1",
"7099","599330","1973","5","8",
"7100","811694","2021","5","3",
"7101","7334009","1993","8","6",
"7102","790164","2021","4","7",
"7103","27523691","1989","5","7",
"7104","6980601","1979","4","9",
"7105","2810","1996","1","9",
"7106","81","1988","5","2",
"7107","870707180","1993","1","7",
"7108","1651","1974","2","4",
"7109","83","1973","7","9",
"7110","77177574","2016","1","6",
"7111","264026044","1998","8","9",
"7112","662778","1976","9","3",
"7113","356848806","2003","2","2",
"7114","136239410","1976","9","4",
"7115","22","2001","9","6",
"7116","61370","2022","7","4",
"7117","760","1970","5","3",
"7118","24697515","2001","8","4",
"7119","0","2012","3","1",
"7120","3","2004","9","4",
"7121","22895888","1983","1","9",
"7122","7883164","2004","1","9",
"7123","864760727","2014","5","6",
"7124","72738173","2004","9","6",
"7125","655385","2018","1","5",
"7126","84","1973","1","8",
"7127","50758501","1982","1","3",
"7128","82821920","2006","2","4",
"7129","557","1977","1","3",
"7130","10322146","2003","6","7",
"7131","1620430","2015","6","7",
"7132","20","1980","8","6",
"7133","0","2000","5","8",
"7134","73147","2015","6","3",
"7135","63001","2005","5","8",
"7136","253977432","2020","6","9",
"7137","3093449","1997","9","8",
"7138","4288024","2019","4","7",
"7139","573479721","1995","2","1",
"7140","7862","1997","3","3",
"7141","82774261","2004","6","9",
"7142","7304","1999","2","3",
"7143","8","2004","2","5",
"7144","0","2011","8","7",
"7145","37745367","2006","7","8",
"7146","5","1977","2","8",
"7147","468901","2019","6","9",
"7148","439399462","2014","8","3",
"7149","7214","2017","4","3",
"7150","4","1979","5","1",
"7151","64508946","1982","3","3",
"7152","4644947","1978","5","1",
"7153","51","2018","7","4",
"7154","4995","2008","9","9",
"7155","912","1988","7","5",
"7156","1106215","1976","2","5",
"7157","6755379","1990","2","1",
"7158","400946","1972","7","5",
"7159","2645","1972","6","2",
"7160","26415978","2023","9","8",
"7161","4","2001","2","4",
"7162","90","2006","9","7",
"7163","145401647","2014","9","1",
"7164","237321636","1971","3","6",
"7165","8","2002","7","4",
"7166","79847434","1975","2","3",
"7167","6311","1992","1","3",
"7168","7870762","2018","8","1",
"7169","1","2020","4","7",
"7170","7","1974","9","1",
"7171","73171631","1984","6","6",
"7172","447959108","1994","9","8",
"7173","1729863","1989","7","4",
"7174","0","2000","2","9",
"7175","19845","2002","7","8",
"7176","2536267","1997","6","6",
"7177","24","1992","9","2",
"7178","595","2020","9","8",
"7179","18","2012","3","9",
"7180","2","2006","4","9",
"7181","4329","2005","4","1",
"7182","0","1982","3","1",
"7183","761506439","1977","4","8",
"7184","56569","1998","8","5",
"7185","7071753","1976","3","8",
"7186","31827","2009","4","9",
"7187","59670010","2000","5","1",
"7188","6873","2006","8","7",
"7189","63943","1995","4","3",
"7190","6533","1984","1","5",
"7191","98122379","1986","9","8",
"7192","7643","2008","1","4",
"7193","47068","2015","6","2",
"7194","0","2014","4","9",
"7195","2423","2017","8","1",
"7196","7","1973","1","9",
"7197","30130","2024","3","5",
"7198","5","2005","9","4",
"7199","683364593","1989","8","8",
"7200","7991","2009","8","8",
"7201","0","1984","1","8",
"7202","61645","2020","1","7",
"7203","606","2008","5","4",
"7204","555","2024","3","4",
"7205","9053447","1994","9","6",
"7206","5","1990","3","1",
"7207","0","2013","1","6",
"7208","2","2015","6","6",
"7209","7","1979","7","9",
"7210","6","2019","3","2",
"7211","0","1974","2","7",
"7212","969495502","2016","5","9",
"7213","577","1981","4","2",
"7214","0","1987","7","3",
"7215","7066707","2018","9","7",
"7216","87821","1999","1","1",
"7217","858","1997","3","1",
"7218","204410","1992","2","5",
"7219","3113","2015","6","4",
"7220","867","1984","6","3",
"7221","6374996","2021","6","4",
"7222","47589","1978","3","9",
"7223","3415298","1986","9","6",
"7224","937895","1986","3","2",
"7225","433317943","1975","6","9",
"7226","0","2002","4","6",
"7227","4","2025","5","8",
"7228","32582","2005","4","9",
"7229","350","1977","2","7",
"7230","41","2025","8","3",
"7231","17368","1986","1","9",
"7232","92854","1984","9","1",
"7233","0","2001","8","4",
"7234","7","2004","5","2",
"7235","8","1981","8","7",
"7236","5","1971","3","7",
"7237","7508795","1983","4","2",
"7238","976","1989","7","4",
"7239","45564581","2006","5","2",
"7240","71564723","2017","5","7",
"7241","505862","2008","9","7",
"7242","338657396","1985","4","3",
"7243","996348","2019","8","7",
"7244","8668927","1979","4","9",
"7245","39","2017","7","2",
"7246","502332","1975","7","7",
"7247","0","1976","9","7",
"7248","4686","1982","5","1",
"7249","9916","1995","7","9",
"7250","933122","2009","4","1",
"7251","0","1972","2","1",
"7252","8485513","1985","3","7",
"7253","15871","1985","1","7",
"7254","0","1995","9","3",
"7255","0","1989","5","4",
"7256","2356","1984","9","9",
"7257","867811","1975","3","7",
"7258","812","1990","8","7",
"7259","44589","1985","2","9",
"7260","4560","1979","2","2",
"7261","85585145","1988","5","3",
"7262","436","2008","5","5",
"7263","114","1975","2","4",
"7264","0","2023","5","5",
"7265","737457","1974","9","3",
"7266","22254355","2016","1","8",
"7267","0","2020","6","4",
"7268","0","1977","3","5",
"7269","15784","2012","8","7",
"7270","57","1983","9","7",
"7271","130858352","2000","9","8",
"7272","20","1997","6","8",
"7273","86284","2025","2","6",
"7274","499677","1978","6","8",
"7275","0","2017","4","7",
"7276","0","2022","5","6",
"7277","43","2019","5","6",
"7278","48","2009","7","1",
"7279","485293","2009","9","7",
"7280","97314","2002","9","3",
"7281","72511","2002","6","2",
"7282","0","2005","4","7",
"7283","18173","1994","4","5",
"7284","35618369","1972","9","9",
"7285","8024","1990","5","5",
"7286","160822","1976","3","3",
"7287","0","1977","5","3",
"7288","99","2004","6","2",
"7289","2","2008","6","1",
"7290","6279698","2000","4","3",
"7291","15833","1998","4","6",
"7292","0","1996","4","1",
"7293","320","1981","4","5",
"7294","426","1985","1","7",
"7295","961511","1997","2","8",
"7296","388945168","1976","7","5",
"7297","592250684","1974","5","9",
"7298","0","1981","6","5",
"7299","6077","2009","2","4",
"7300","425569458","1991","5","5",
"7301","9726","1971","7","8",
"7302","27430","2023","6","5",
"7303","53","1999","6","4",
"7304","977942","1987","5","7",
"7305","88","1976","6","6",
"7306","7470","1984","5","3",
"7307","642493813","2019","2","3",
"7308","904873535","2001","3","1",
"7309","975","1997","3","5",
"7310","3898185","1992","7","4",
"7311","1312","1980","8","7",
"7312","289877","2003","6","7",
"7313","803","1984","8","3",
"7314","8739189","2016","7","5",
"7315","3803","2018","1","9",
"7316","996","1977","7","3",
"7317","332","1975","8","2",
"7318","0","1990","8","4",
"7319","5147354","2018","6","9",
"7320","62","2004","1","6",
"7321","4853383","1992","2","9",
"7322","9611915","1980","2","9",
"7323","3592443","1997","8","4",
"7324","723","1998","4","7",
"7325","0","1970","3","6",
"7326","5","2001","4","8",
"7327","6128","2012","4","2",
"7328","305","1997","5","7",
"7329","347","1992","8","6",
"7330","698","1975","8","9",
"7331","68","2008","5","4",
"7332","7","2005","8","8",
"7333","0","1979","4","9",
"7334","0","2008","4","9",
"7335","67","1981","1","1",
"7336","42775","1989","8","5",
"7337","495652","1982","8","9",
"7338","977","1978","7","1",
"7339","97","1976","5","4",
"7340","8596867","2010","4","2",
"7341","18313","2009","3","3",
"7342","9794","2001","9","1",
"7343","2549680","2003","2","6",
"7344","2","2023","9","8",
"7345","169831573","1982","8","4",
"7346","0","1984","4","7",
"7347","6856","1972","7","7",
"7348","715562783","1978","3","1",
"7349","4388","2023","5","3",
"7350","877","1983","9","3",
"7351","5188915","1977","8","1",
"7352","42019","2020","6","5",
"7353","351","1995","8","4",
"7354","29367675","2013","8","8",
"7355","922985819","1970","8","3",
"7356","69312","2017","1","6",
"7357","93515","1972","8","1",
"7358","9","2000","3","1",
"7359","524","2015","6","4",
"7360","0","2015","3","2",
"7361","2105","1987","3","5",
"7362","0","2010","9","4",
"7363","96","1971","6","7",
"7364","72195183","1984","2","3",
"7365","0","2002","1","9",
"7366","245519256","1996","1","8",
"7367","8280","2019","7","1",
"7368","8933","1984","6","8",
"7369","60643125","2002","6","5",
"7370","0","2024","3","1",
"7371","46","1971","1","8",
"7372","866413","2001","5","5",
"7373","87162759","2004","8","3",
"7374","3","2007","4","4",
"7375","6","2013","8","1",
"7376","4890","1974","6","9",
"7377","382","1973","6","3",
"7378","267142748","2013","5","7",
"7379","936979054","2015","5","6",
"7380","0","2006","4","8",
"7381","92566","1986","7","4",
"7382","72769","1985","2","2",
"7383","6146","1994","1","4",
"7384","2994347","1998","8","6",
"7385","2789","1988","9","3",
"7386","440979266","2015","1","7",
"7387","51","1986","4","8",
"7388","235","1999","8","3",
"7389","2174","2024","2","4",
"7390","38989","1989","4","2",
"7391","91338","1986","9","1",
"7392","5536426","1985","8","3",
"7393","76631789","1995","4","2",
"7394","38126332","2020","2","6",
"7395","1121417","2003","6","9",
"7396","863667","1993","3","6",
"7397","44433","2011","2","5",
"7398","606","2020","1","2",
"7399","638400","1970","6","8",
"7400","4359","1990","8","9",
"7401","16","2008","5","2",
"7402","1237","2025","9","2",
"7403","786","2019","3","5",
"7404","82","2001","5","2",
"7405","8719806","2013","9","8",
"7406","3514","1995","5","5",
"7407","7","2001","5","1",
"7408","652335","2008","8","8",
"7409","518","2011","6","3",
"7410","81993","1971","1","4",
"7411","5976","1991","7","6",
"7412","61","2005","7","4",
"7413","60897024","2010","9","9",
"7414","67375381","2002","9","9",
"7415","14","1972","8","7",
"7416","498","1999","2","5",
"7417","5922","1980","9","2",
"7418","183","2021","8","7",
"7419","9049","1981","5","3",
"7420","274049385","1982","6","9",
"7421","78375142","1984","8","5",
"7422","3","1985","2","5",
"7423","558070163","2022","2","7",
"7424","12","1989","9","1",
"7425","107","2010","5","8",
"7426","49","1999","4","8",
"7427","27","2008","7","9",
"7428","92687","1991","8","7",
"7429","8681624","1984","6","3",
"7430","5","1971","8","1",
"7431","78849826","2003","9","5",
"7432","0","1987","3","3",
"7433","694218448","1970","5","4",
"7434","24660649","1997","8","1",
"7435","43150950","1993","7","3",
"7436","54616","1992","6","1",
"7437","184052520","1986","7","4",
"7438","8","2023","3","3",
"7439","31","1987","7","4",
"7440","24367","1972","9","8",
"7441","0","1993","2","4",
"7442","1","1993","9","1",
"7443","82243","1999","8","1",
"7444","0","1986","5","2",
"7445","4","2025","3","2",
"7446","4551066","2012","7","3",
"7447","788188","1980","4","4",
"7448","6462","2012","1","9",
"7449","929810366","1985","6","1",
"7450","76035319","1978","4","4",
"7451","59","1984","1","5",
"7452","98807945","1986","1","3",
"7453","63","2024","7","1",
"7454","767","2014","6","4",
"7455","0","1983","2","2",
"7456","6400037","1974","9","6",
"7457","69602","1993","4","3",
"7458","0","2022","6","1",
"7459","41661","2020","3","1",
"7460","60589275","1986","9","7",
"7461","1283191","1980","4","5",
"7462","0","1984","7","2",
"7463","33138","2004","2","2",
"7464","2","2023","4","2",
"7465","7","2004","2","4",
"7466","0","2016","1","4",
"7467","77561727","1992","6","6",
"7468","770269051","1994","3","6",
"7469","897576249","2018","6","2",
"7470","99","1997","8","4",
"7471","534","2008","2","8",
"7472","547","2024","8","9",
"7473","850351","2010","6","7",
"7474","82438678","1990","1","2",
"7475","950504447","2021","8","7",
"7476","91","1992","9","8",
"7477","59","1981","1","8",
"7478","8090948","1984","6","2",
"7479","1805","2023","8","1",
"7480","89","1977","6","4",
"7481","1652","2023","5","2",
"7482","0","1984","8","9",
"7483","298","2012","5","3",
"7484","0","1994","9","8",
"7485","5","2022","4","8",
"7486","47","2000","5","3",
"7487","1605958","1988","1","5",
"7488","170356280","1985","7","7",
"7489","373","1984","5","8",
"7490","7062692","2010","2","7",
"7491","128168034","1973","4","3",
"7492","2456","1989","8","5",
"7493","38093","1989","6","4",
"7494","0","1995","3","6",
"7495","0","2008","3","7",
"7496","256","2005","5","1",
"7497","69","1970","4","8",
"7498","6010539","1970","7","4",
"7499","5453283","2014","2","2",
"7500","95770427","2011","6","7",
"7501","2854348","1978","3","3",
"7502","0","1986","3","1",
"7503","373","2021","5","5",
"7504","48","2014","3","2",
"7505","808711","1991","5","3",
"7506","4","2023","9","3",
"7507","84","1985","5","7",
"7508","6770","1994","5","1",
"7509","89568252","1978","8","8",
"7510","4426","1988","1","7",
"7511","163","1978","8","7",
"7512","54","2000","3","3",
"7513","0","2002","1","6",
"7514","0","1994","3","8",
"7515","93334467","2020","1","1",
"7516","47","2015","1","1",
"7517","925839622","1985","7","5",
"7518","29","2009","3","6",
"7519","794","2019","8","2",
"7520","9479","2024","4","5",
"7521","747275135","1983","7","3",
"7522","1","1978","2","2",
"7523","686071320","2001","4","2",
"7524","39615","1972","8","9",
"7525","4","1989","5","2",
"7526","4","2003","2","9",
"7527","5138","1998","1","9",
"7528","405219","1977","1","9",
"7529","0","1980","2","3",
"7530","52","1996","8","9",
"7531","0","2007","4","5",
"7532","32237","1980","6","7",
"7533","67551","1979","6","8",
"7534","0","2013","4","4",
"7535","7854728","2010","9","3",
"7536","1348680","2007","4","4",
"7537","70","2016","7","9",
"7538","0","2008","8","3",
"7539","0","1988","4","7",
"7540","2","1995","7","8",
"7541","0","2010","8","5",
"7542","0","1971","2","4",
"7543","9815","1978","1","7",
"7544","0","2011","6","3",
"7545","3219","2012","8","7",
"7546","6","1989","1","5",
"7547","377","1990","5","6",
"7548","5","2000","9","7",
"7549","6836","2018","8","3",
"7550","574519517","1988","8","6",
"7551","93","1990","7","2",
"7552","320","1983","9","6",
"7553","56999","2020","5","3",
"7554","0","2014","8","9",
"7555","2729","1991","2","4",
"7556","443","1993","7","2",
"7557","2254","1974","6","8",
"7558","5739233","1997","3","2",
"7559","29233876","2001","2","9",
"7560","55575","2019","9","9",
"7561","15","1979","6","6",
"7562","5","1979","2","7",
"7563","6973","2018","4","4",
"7564","0","2009","9","7",
"7565","49571","1971","8","8",
"7566","2921467","1974","8","1",
"7567","376180539","1999","1","6",
"7568","4781","1994","5","2",
"7569","151","1994","5","1",
"7570","69092231","1998","8","4",
"7571","319","2002","8","2",
"7572","709","1993","3","3",
"7573","600","1987","6","8",
"7574","307","1970","6","3",
"7575","0","2013","4","4",
"7576","452","2002","3","7",
"7577","116","2007","7","4",
"7578","93423811","1976","9","6",
"7579","60137","2012","8","8",
"7580","457259","2022","8","3",
"7581","408","2011","1","6",
"7582","24839352","1978","7","2",
"7583","41771351","2019","5","7",
"7584","1857","2014","7","5",
"7585","3834","2000","1","6",
"7586","7","2016","1","4",
"7587","34","1973","6","1",
"7588","4684822","2016","9","3",
"7589","2","2021","8","9",
"7590","28863","2016","2","2",
"7591","181887458","1984","1","4",
"7592","888","2012","2","6",
"7593","3805862","1979","6","5",
"7594","975","1998","1","5",
"7595","6695660","2002","3","7",
"7596","35818","1997","6","9",
"7597","7609293","2003","1","1",
"7598","90585136","2009","9","3",
"7599","358","1998","6","6",
"7600","616662","1993","1","3",
"7601","378749","2025","2","3",
"7602","14020","1996","8","8",
"7603","293010","2010","8","4",
"7604","0","1980","4","4",
"7605","4391463","1986","3","8",
"7606","28918710","2025","7","5",
"7607","6094845","2023","5","8",
"7608","2","1994","7","8",
"7609","21234447","2024","7","1",
"7610","24279","2025","1","6",
"7611","7761","2011","5","9",
"7612","591685","1990","1","3",
"7613","380983609","1993","5","9",
"7614","18913","1981","9","9",
"7615","34921712","2004","6","5",
"7616","450836","1976","4","1",
"7617","23","1972","8","1",
"7618","30468","1979","2","8",
"7619","434299","2001","5","2",
"7620","4896","2012","2","4",
"7621","20","2017","7","1",
"7622","43515983","1997","9","7",
"7623","270991","1974","7","3",
"7624","53","1990","2","5",
"7625","615578148","1970","6","9",
"7626","0","1971","2","1",
"7627","4925966","2004","5","8",
"7628","5354","2008","7","3",
"7629","126309140","2021","8","8",
"7630","729194381","2000","4","6",
"7631","5924","1983","1","6",
"7632","5169","2014","2","7",
"7633","19819","2015","2","9",
"7634","7","2021","8","1",
"7635","70104","2012","6","6",
"7636","83473","1970","5","7",
"7637","666840918","2021","9","2",
"7638","0","2004","8","2",
"7639","92396333","1983","4","8",
"7640","4644","2015","2","3",
"7641","62667807","2020","2","5",
"7642","125284876","2017","5","8",
"7643","800654","1990","4","1",
"7644","0","2012","9","9",
"7645","53","2003","6","6",
"7646","346170","2005","3","5",
"7647","584","1977","9","9",
"7648","62887788","1988","7","1",
"7649","1672","1994","9","5",
"7650","622","1979","8","3",
"7651","8","2017","1","4",
"7652","1516","2019","3","5",
"7653","18","1993","2","5",
"7654","749","2002","6","6",
"7655","3","1985","1","5",
"7656","6","2002","7","2",
"7657","5955019","2009","6","6",
"7658","0","1984","6","2",
"7659","4804496","2016","3","8",
"7660","70642966","2000","5","4",
"7661","19328093","2024","7","8",
"7662","9638","2022","9","3",
"7663","8760","2009","2","4",
"7664","0","1992","3","6",
"7665","0","2025","5","6",
"7666","662","1974","1","7",
"7667","0","2011","3","3",
"7668","414117","1976","2","5",
"7669","49883060","1976","9","5",
"7670","33363","2023","6","5",
"7671","0","1977","7","4",
"7672","274","2006","6","8",
"7673","130935","1971","8","1",
"7674","334441896","1975","1","8",
"7675","448611486","1988","7","5",
"7676","36840722","1972","7","7",
"7677","577984380","2012","6","8",
"7678","66","1998","3","7",
"7679","0","1973","6","5",
"7680","9129080","1979","7","7",
"7681","4","1990","9","7",
"7682","815","2013","1","1",
"7683","3709424","1999","3","6",
"7684","4051361","2018","9","7",
"7685","3774524","2014","1","2",
"7686","825","1985","8","1",
"7687","11","1996","6","2",
"7688","2797098","2007","9","1",
"7689","4820082","1998","9","1",
"7690","824018","2000","2","5",
"7691","357213","2021","6","8",
"7692","81","2013","9","6",
"7693","911484197","1988","9","7",
"7694","77","2002","8","9",
"7695","1","2007","9","5",
"7696","127374","2020","6","7",
"7697","37235","1991","1","9",
"7698","34","1990","5","8",
"7699","8402445","2025","3","3",
"7700","64015907","1983","1","5",
"7701","42856648","1973","5","8",
"7702","3571595","2023","6","5",
"7703","102","1994","7","2",
"7704","0","2022","5","1",
"7705","27","1986","4","6",
"7706","71676367","1971","8","6",
"7707","691307845","1974","9","3",
"7708","844942472","2006","7","5",
"7709","40","1996","7","4",
"7710","205","1971","6","2",
"7711","0","1987","8","4",
"7712","4406947","2003","3","7",
"7713","35033","2015","4","1",
"7714","32217888","2022","5","4",
"7715","8940","1996","5","5",
"7716","0","2013","3","1",
"7717","48943","2016","2","4",
"7718","24201720","1995","2","1",
"7719","44459369","1978","5","1",
"7720","1","1985","8","5",
"7721","90442","1992","2","2",
"7722","3173085","1976","8","8",
"7723","5593","1976","2","4",
"7724","744394","1996","3","7",
"7725","10946414","1991","6","5",
"7726","2401","1995","7","1",
"7727","2771","1991","1","1",
"7728","2106222","2015","1","3",
"7729","126442408","2022","2","1",
"7730","20","1976","3","9",
"7731","500","1971","4","7",
"7732","8009659","1974","1","9",
"7733","241","2014","5","3",
"7734","1427952","2023","1","6",
"7735","803","1998","6","6",
"7736","52","2024","8","1",
"7737","1227880","1990","6","9",
"7738","8135610","2018","5","5",
"7739","18129","2012","2","9",
"7740","0","1974","7","8",
"7741","0","1988","3","2",
"7742","422286","1977","4","7",
"7743","213551181","1996","6","9",
"7744","70729","1999","5","9",
"7745","359","2022","1","2",
"7746","411823928","1987","8","5",
"7747","459973678","2018","7","9",
"7748","934","2025","7","3",
"7749","0","2018","7","4",
"7750","12","1971","4","5",
"7751","0","2018","6","7",
"7752","105458","1983","7","7",
"7753","922070886","1984","8","8",
"7754","55","2006","7","5",
"7755","4","2000","9","3",
"7756","796564632","1974","7","7",
"7757","33","1997","2","6",
"7758","5090","1981","1","7",
"7759","52","2003","7","2",
"7760","3656780","1984","3","7",
"7761","4","2005","7","7",
"7762","38","1989","5","3",
"7763","23","2022","9","5",
"7764","988026016","2018","8","3",
"7765","37","2018","6","2",
"7766","0","1987","3","3",
"7767","519947","1982","4","1",
"7768","3","1980","8","6",
"7769","644972","1974","1","8",
"7770","543788947","2007","8","5",
"7771","18742","1999","1","7",
"7772","8513","2010","3","8",
"7773","6322","1986","7","7",
"7774","0","2025","2","8",
"7775","77","1988","2","7",
"7776","5735995","2015","6","7",
"7777","96","1994","8","8",
"7778","0","1993","2","3",
"7779","32416952","2006","2","2",
"7780","8","1987","4","9",
"7781","748053","2021","5","3",
"7782","5772","1980","1","1",
"7783","1","1987","5","1",
"7784","147753","2020","7","1",
"7785","9974","1983","9","7",
"7786","934","1976","1","1",
"7787","6683422","1993","9","9",
"7788","7","1994","9","3",
"7789","8992","1974","6","6",
"7790","522264","1982","4","7",
"7791","667646","1987","7","3",
"7792","47239188","2000","6","6",
"7793","22855","1985","8","5",
"7794","300","1978","2","7",
"7795","6006","1979","9","8",
"7796","948618","1985","6","9",
"7797","0","1972","2","2",
"7798","1","2017","3","4",
"7799","4791179","1979","3","8",
"7800","48","2017","8","5",
"7801","0","2014","3","7",
"7802","48977","2013","1","5",
"7803","66396","2017","3","5",
"7804","23","1996","3","8",
"7805","414","1973","9","6",
"7806","1292","2011","6","6",
"7807","858229","1998","9","8",
"7808","40521","2010","2","5",
"7809","9642610","1997","1","1",
"7810","9","1999","7","5",
"7811","2025","2010","2","1",
"7812","367669","1991","2","3",
"7813","343","2011","6","8",
"7814","8","2004","6","2",
"7815","760","1977","6","8",
"7816","690430463","1985","4","7",
"7817","0","1990","3","9",
"7818","6","2018","2","6",
"7819","76965850","2019","3","6",
"7820","0","1970","4","7",
"7821","422938","1973","1","1",
"7822","56733","1970","9","9",
"7823","71175314","1971","6","8",
"7824","16","1986","8","8",
"7825","1590583","2003","8","1",
"7826","1","1977","7","1",
"7827","67302","1974","7","4",
"7828","144535","2005","1","9",
"7829","723226","2017","5","5",
"7830","92801472","1990","4","6",
"7831","0","1989","9","2",
"7832","4670","2017","9","2",
"7833","7246","1997","3","4",
"7834","253812","2013","5","3",
"7835","5","2015","2","8",
"7836","427","1989","2","7",
"7837","89","2024","7","2",
"7838","0","1980","7","1",
"7839","401234","1988","5","4",
"7840","66059385","1982","2","5",
"7841","8","2002","3","2",
"7842","483","1985","1","1",
"7843","2595486","1974","8","7",
"7844","7578","1997","4","9",
"7845","710008837","2012","1","2",
"7846","9","2006","8","8",
"7847","838","1999","6","6",
"7848","0","2025","3","6",
"7849","72714","1971","3","2",
"7850","781418","1997","7","3",
"7851","4","2021","7","1",
"7852","371926","1978","9","4",
"7853","153","2017","2","3",
"7854","69258730","1999","6","3",
"7855","50421","2021","7","1",
"7856","6056","1975","2","5",
"7857","94","2019","9","6",
"7858","69574","2014","2","8",
"7859","0","1971","5","9",
"7860","547945","1995","3","8",
"7861","376538","1986","2","8",
"7862","8","1970","6","3",
"7863","8624869","1996","7","3",
"7864","0","2009","9","8",
"7865","2096703","2016","6","8",
"7866","77820","2007","4","5",
"7867","8285742","2014","3","6",
"7868","6693429","1992","6","1",
"7869","900","2016","9","9",
"7870","6","2018","1","4",
"7871","8533591","1983","1","8",
"7872","96580","2013","3","4",
"7873","498727826","2012","9","1",
"7874","576899844","2005","1","4",
"7875","8299388","2002","3","7",
"7876","575251344","1970","7","1",
"7877","0","2009","3","4",
"7878","9","2019","9","4",
"7879","4831747","2000","1","1",
"7880","404716","1985","6","5",
"7881","7","1982","9","3",
"7882","935338","2019","3","5",
"7883","930908","1979","1","6",
"7884","988847478","1977","7","9",
"7885","0","1989","9","5",
"7886","501688","2007","8","7",
"7887","44","1995","1","9",
"7888","552","1977","2","5",
"7889","423114","2012","6","1",
"7890","416401001","1995","6","6",
"7891","785409","2014","6","5",
"7892","85331555","2023","8","3",
"7893","942506","2005","6","5",
"7894","25443289","1986","3","4",
"7895","8201","1988","6","7",
"7896","5428","2000","3","9",
"7897","0","2013","7","7",
"7898","0","1986","6","5",
"7899","242872","2017","1","8",
"7900","4","2022","3","4",
"7901","0","1999","1","9",
"7902","38","1970","7","7",
"7903","1688","1995","3","2",
"7904","0","2010","5","1",
"7905","303497277","1992","1","8",
"7906","99437","2004","5","6",
"7907","551359","2019","6","1",
"7908","362286","1998","4","2",
"7909","5507","2023","1","3",
"7910","0","1990","8","8",
"7911","8834","1996","6","2",
"7912","77084","1979","5","4",
"7913","6052416","1999","8","5",
"7914","933016","1970","1","3",
"7915","7127","2005","6","5",
"7916","0","1974","2","5",
"7917","4037768","2013","2","3",
"7918","700485587","2020","4","4",
"7919","3392","2006","5","4",
"7920","755326","1988","7","6",
"7921","63643","2000","6","3",
"7922","67","2003","1","5",
"7923","45","1992","2","5",
"7924","759","2013","6","5",
"7925","468135839","1975","5","6",
"7926","62108","2021","6","8",
"7927","6631","2022","3","4",
"7928","34","2001","9","6",
"7929","668","1989","4","9",
"7930","8","2000","7","2",
"7931","55","2025","6","9",
"7932","99161860","2013","6","2",
"7933","0","1990","8","6",
"7934","67638888","1975","3","7",
"7935","0","2004","2","7",
"7936","7931859","2010","8","1",
"7937","8","1970","7","8",
"7938","802","1977","3","9",
"7939","55339","1980","6","6",
"7940","3311311","2016","2","1",
"7941","406","2006","3","7",
"7942","96659425","2022","4","6",
"7943","7002","2018","3","1",
"7944","4","2003","2","8",
"7945","9","2017","6","3",
"7946","9878","1970","7","6",
"7947","32","1991","4","4",
"7948","288084","1996","7","2",
"7949","244","1972","1","9",
"7950","975","2005","5","9",
"7951","74","2003","3","2",
"7952","99196369","1970","9","3",
"7953","89316","2012","5","8",
"7954","7368","2009","2","6",
"7955","1560669","2022","2","3",
"7956","9","1979","1","8",
"7957","83443603","1991","1","5",
"7958","0","2011","8","1",
"7959","0","1981","6","6",
"7960","87","1978","4","8",
"7961","94651834","2023","4","3",
"7962","1357633","1991","3","1",
"7963","79258652","1985","4","2",
"7964","3","2013","8","1",
"7965","43733","1998","9","1",
"7966","6","2022","9","1",
"7967","9002377","1999","9","7",
"7968","1","1973","1","9",
"7969","2854909","1971","8","5",
"7970","558460","1986","7","6",
"7971","60140747","2002","4","4",
"7972","6","2012","7","4",
"7973","0","2002","7","1",
"7974","520690","1974","3","5",
"7975","37","2020","3","1",
"7976","7","1978","1","6",
"7977","300622","2002","7","1",
"7978","2859771","2020","4","7",
"7979","0","1983","4","4",
"7980","657001298","1992","3","1",
"7981","26297","1981","2","5",
"7982","98927646","2001","8","6",
"7983","268328499","2024","5","8",
"7984","7","2000","9","2",
"7985","55","2015","9","2",
"7986","481807900","2008","6","6",
"7987","1301","2012","5","1",
"7988","3","1984","4","6",
"7989","5","1988","2","4",
"7990","1508","1994","5","2",
"7991","9732","2005","8","5",
"7992","102","2010","7","6",
"7993","84181505","1980","1","5",
"7994","882555","1984","4","5",
"7995","421202","1991","9","8",
"7996","128058","2021","5","7",
"7997","0","2010","4","4",
"7998","598499494","1987","2","9",
"7999","2784527","1973","6","7",
"8000","18","1985","8","1",
"8001","327364","1977","1","9",
"8002","76","2008","6","8",
"8003","4395184","1995","2","5",
"8004","20","1979","6","5",
"8005","7482532","1974","2","7",
"8006","976044657","1990","7","1",
"8007","243931669","2020","1","6",
"8008","27104507","1997","3","2",
"8009","2352","2017","1","1",
"8010","0","2016","5","6",
"8011","6","2018","7","4",
"8012","425","1999","1","6",
"8013","6255495","1993","2","4",
"8014","229","1985","8","1",
"8015","7","2016","9","1",
"8016","3392493","2001","7","2",
"8017","47","2010","3","5",
"8018","8099790","1994","9","3",
"8019","7290","1986","8","5",
"8020","60753039","2016","1","1",
"8021","79475","2012","5","6",
"8022","9836576","2000","6","7",
"8023","332739165","1979","9","5",
"8024","722","2021","7","4",
"8025","0","2002","8","7",
"8026","8","2020","4","9",
"8027","86402903","1972","3","2",
"8028","59563756","2012","3","7",
"8029","5844","1978","5","8",
"8030","0","2000","7","6",
"8031","680","2013","9","9",
"8032","425","2013","8","5",
"8033","43","1986","3","1",
"8034","13121844","1974","1","5",
"8035","0","2012","3","8",
"8036","86203","2018","8","1",
"8037","0","2023","1","5",
"8038","0","1979","5","4",
"8039","9621666","2003","1","7",
"8040","4","2006","5","5",
"8041","0","1981","9","6",
"8042","6720","1996","5","8",
"8043","720961","1993","7","2",
"8044","2","1975","7","6",
"8045","60084","1997","3","8",
"8046","758951","1986","8","3",
"8047","59542487","2009","2","7",
"8048","89852642","1990","5","6",
"8049","567024","1979","3","2",
"8050","8767906","1990","7","9",
"8051","59286979","2006","8","7",
"8052","0","1978","8","8",
"8053","8115038","1994","9","7",
"8054","36551992","2024","2","7",
"8055","0","2010","5","3",
"8056","942402","2024","7","5",
"8057","2015","2012","1","7",
"8058","4","2014","1","4",
"8059","93558475","2010","4","8",
"8060","0","1977","8","1",
"8061","7436422","2021","1","2",
"8062","97","1983","1","1",
"8063","791173158","1989","8","8",
"8064","9","1987","4","2",
"8065","310311","1978","5","6",
"8066","4","1994","6","5",
"8067","7","2010","6","8",
"8068","448066","1993","7","2",
"8069","44439581","1996","6","6",
"8070","93","2023","9","3",
"8071","2247","2015","5","3",
"8072","358632","1970","9","6",
"8073","86618","1970","8","2",
"8074","926","1992","4","7",
"8075","0","1985","9","3",
"8076","796","2008","7","9",
"8077","38","2007","7","1",
"8078","29538","1978","7","5",
"8079","7290496","1975","5","3",
"8080","0","1993","8","4",
"8081","0","1999","4","7",
"8082","4951","2003","4","8",
"8083","48","2001","3","8",
"8084","7875","1991","6","2",
"8085","8264","1977","4","4",
"8086","24","2016","5","1",
"8087","27215","2005","8","3",
"8088","48814","1988","4","7",
"8089","307","2021","7","4",
"8090","4","1982","3","5",
"8091","3145","1984","6","4",
"8092","518466249","2013","9","4",
"8093","99320211","2020","7","8",
"8094","599162","1973","6","1",
"8095","967699","2025","5","6",
"8096","140","1991","7","4",
"8097","922","2024","7","7",
"8098","7324","2024","8","2",
"8099","195","1990","3","5",
"8100","122788","1995","9","9",
"8101","8267","2005","4","5",
"8102","73387207","1990","2","9",
"8103","4908","2013","2","3",
"8104","223881416","2009","8","1",
"8105","9","1980","4","7",
"8106","0","1996","8","1",
"8107","514","1999","5","4",
"8108","4349","1980","5","2",
"8109","64452724","1976","1","1",
"8110","0","1971","3","6",
"8111","99292926","1996","5","5",
"8112","9","2015","3","8",
"8113","55146","1980","7","2",
"8114","149767","1976","9","3",
"8115","787","1975","5","2",
"8116","45113093","2013","4","1",
"8117","4352683","1975","2","8",
"8118","258","2007","2","7",
"8119","0","1992","5","7",
"8120","7002","1980","3","7",
"8121","70345","1989","9","4",
"8122","85","1996","9","6",
"8123","72","2021","2","8",
"8124","0","1970","7","8",
"8125","739091","1977","2","2",
"8126","7","2023","9","2",
"8127","93","1970","7","2",
"8128","57466","2003","6","9",
"8129","3","2024","1","4",
"8130","9022562","2013","9","6",
"8131","7","1981","3","7",
"8132","8882","2020","1","2",
"8133","0","2012","8","7",
"8134","17431","1987","2","1",
"8135","73129","1971","4","2",
"8136","48247","2023","4","4",
"8137","920","1976","6","4",
"8138","25","1995","6","5",
"8139","9","1979","3","7",
"8140","8455962","1982","7","7",
"8141","9244099","2017","5","1",
"8142","8","1990","4","7",
"8143","750779","2012","1","1",
"8144","67045","1986","5","1",
"8145","680","1994","4","2",
"8146","0","1999","7","6",
"8147","28991","1982","6","8",
"8148","0","1992","5","5",
"8149","377492558","2002","8","4",
"8150","67134392","1970","4","4",
"8151","96711","2014","2","4",
"8152","8","2010","9","2",
"8153","7","1977","6","7",
"8154","168","1976","3","6",
"8155","4","1987","2","2",
"8156","88717970","2007","9","6",
"8157","5228","2002","6","2",
"8158","34","2001","5","8",
"8159","77994629","1994","1","6",
"8160","93723043","2009","8","5",
"8161","52","2004","8","2",
"8162","0","2025","6","8",
"8163","3936579","1991","7","1",
"8164","0","2014","7","3",
"8165","2","1973","6","4",
"8166","22","2005","2","2",
"8167","41004","2005","4","8",
"8168","461338","2011","1","6",
"8169","53171","1971","5","9",
"8170","0","2019","5","2",
"8171","9160","1978","2","5",
"8172","0","1995","7","9",
"8173","557145","1988","9","2",
"8174","7616","2025","2","3",
"8175","66193913","2018","2","9",
"8176","57225","1973","7","5",
"8177","3231","2005","7","8",
"8178","0","1990","6","7",
"8179","2387416","2008","9","6",
"8180","98","1985","4","2",
"8181","54258","1980","8","2",
"8182","48686","2004","8","4",
"8183","96298","1992","9","7",
"8184","18071","2018","5","6",
"8185","76","2013","5","6",
"8186","36583888","2009","9","5",
"8187","4430","1971","4","6",
"8188","135662770","1973","3","8",
"8189","7","1974","3","1",
"8190","52","2010","2","5",
"8191","0","1972","3","2",
"8192","686","2006","2","9",
"8193","34","1974","3","5",
"8194","395","1974","7","3",
"8195","777661","1999","1","2",
"8196","505","2014","8","1",
"8197","29927","1977","8","2",
"8198","82916","2013","6","4",
"8199","7258","1995","7","8",
"8200","5530","1971","6","1",
"8201","751076817","1998","6","7",
"8202","9350214","2010","5","1",
"8203","0","1978","6","7",
"8204","432486364","1994","9","8",
"8205","261","1994","3","3",
"8206","1481","2010","4","4",
"8207","5274","2017","8","9",
"8208","924","2003","1","4",
"8209","3004047","2018","5","5",
"8210","0","1972","5","9",
"8211","0","2023","3","4",
"8212","1071903","1989","1","1",
"8213","884","2012","2","5",
"8214","0","2011","8","6",
"8215","83375066","1976","7","3",
"8216","951","2025","2","2",
"8217","427797","1984","2","6",
"8218","6510","1998","9","8",
"8219","9294854","2004","5","5",
"8220","0","1997","7","9",
"8221","1613","1997","9","2",
"8222","0","1983","5","4",
"8223","565151360","1982","1","2",
"8224","54031810","2024","8","3",
"8225","50808","1976","2","1",
"8226","3544476","1990","6","1",
"8227","267712768","1975","3","2",
"8228","1634656","1971","7","3",
"8229","5170855","2013","1","3",
"8230","3","2003","4","8",
"8231","826386","2025","6","3",
"8232","32514","1976","8","8",
"8233","4599","1970","2","8",
"8234","151014","2013","1","6",
"8235","7746","2007","5","5",
"8236","7343826","1990","8","6",
"8237","0","2020","9","5",
"8238","99","1977","8","7",
"8239","7573","1990","3","7",
"8240","946","1985","9","4",
"8241","4868","2000","8","6",
"8242","33203065","2021","6","1",
"8243","55","2023","9","6",
"8244","721206593","2025","8","2",
"8245","170","2018","2","3",
"8246","86181","1993","7","2",
"8247","860","2025","3","7",
"8248","4822","2001","7","6",
"8249","7679","1985","3","8",
"8250","759100","2016","6","3",
"8251","23018478","1984","1","5",
"8252","1203","2016","5","2",
"8253","0","2002","8","2",
"8254","702363093","1989","6","7",
"8255","8673","2019","7","1",
"8256","0","2003","5","7",
"8257","2","2020","9","7",
"8258","0","1985","2","8",
"8259","936964363","1997","9","5",
"8260","60989911","2004","2","9",
"8261","19","1995","9","9",
"8262","20877","2024","8","4",
"8263","23081","2004","7","1",
"8264","26714","1984","8","8",
"8265","7","2016","6","7",
"8266","14635020","2023","3","5",
"8267","51485","1994","1","2",
"8268","88177364","1984","9","1",
"8269","0","1990","6","8",
"8270","616187","1982","7","7",
"8271","5975","1981","9","2",
"8272","1924863","1982","6","7",
"8273","432","2014","2","5",
"8274","477","2023","6","6",
"8275","43","1980","9","2",
"8276","7","2007","1","9",
"8277","0","2017","9","4",
"8278","430528","1972","3","9",
"8279","64897","1998","2","8",
"8280","34594","1970","8","2",
"8281","828","2008","1","8",
"8282","0","2021","6","8",
"8283","74025","2024","2","4",
"8284","335241258","1989","5","6",
"8285","6","2004","3","1",
"8286","0","2020","3","4",
"8287","356","1979","3","2",
"8288","846227","1971","3","8",
"8289","625923","2015","2","9",
"8290","0","1999","2","8",
"8291","3571599","2013","6","9",
"8292","100204","1997","7","3",
"8293","8838199","1988","4","2",
"8294","78754","2000","5","2",
"8295","46792","1994","9","9",
"8296","886","2004","2","1",
"8297","59598172","1972","6","8",
"8298","5196","2008","8","5",
"8299","42","2014","6","8",
"8300","2274","1985","4","2",
"8301","5494","1985","6","1",
"8302","4257571","1993","7","2",
"8303","54479","1985","3","5",
"8304","530","2022","4","1",
"8305","5","2018","1","5",
"8306","195483603","2004","6","6",
"8307","41650105","2019","8","1",
"8308","839","2012","6","6",
"8309","45010","1978","6","7",
"8310","2","2021","4","3",
"8311","65","2007","7","5",
"8312","385","1983","5","9",
"8313","73554","1981","7","1",
"8314","0","1991","3","6",
"8315","31705","2021","6","8",
"8316","69785","1974","9","2",
"8317","50","2010","3","1",
"8318","670208807","2021","2","8",
"8319","0","2003","8","1",
"8320","391202981","1990","2","2",
"8321","1975","1995","7","5",
"8322","1840","2023","5","9",
"8323","726","2011","3","9",
"8324","30249","1986","4","4",
"8325","15997011","1972","5","8",
"8326","0","1986","4","2",
"8327","2469472","2009","2","6",
"8328","19","1973","4","9",
"8329","77029055","1994","7","1",
"8330","39366","1977","9","1",
"8331","339","1990","8","1",
"8332","0","1985","8","2",
"8333","477409","2001","1","1",
"8334","3","2024","4","1",
"8335","534932253","1982","9","7",
"8336","9133709","1988","8","8",
"8337","0","1981","5","8",
"8338","0","1973","3","1",
"8339","5181738","1971","1","1",
"8340","0","1983","4","9",
"8341","0","2005","6","1",
"8342","0","2007","8","6",
"8343","4145101","1979","3","1",
"8344","854","2006","6","3",
"8345","308","2018","7","9",
"8346","7250","1991","5","9",
"8347","98132","2018","5","9",
"8348","2730","2019","7","3",
"8349","17502","1990","3","9",
"8350","9970","2016","3","7",
"8351","44891155","1974","5","5",
"8352","795132004","2010","3","9",
"8353","434","2021","3","9",
"8354","95103","1984","7","7",
"8355","24290865","2019","3","3",
"8356","7154697","1996","2","8",
"8357","9017680","2014","7","2",
"8358","93713594","1993","4","9",
"8359","837816","2009","2","4",
"8360","594","2015","7","6",
"8361","830732195","2021","8","5",
"8362","0","2016","8","9",
"8363","954633471","2021","3","6",
"8364","630","2012","6","4",
"8365","1419","1997","3","2",
"8366","0","1999","3","1",
"8367","18244","2024","8","9",
"8368","94950743","2001","3","2",
"8369","7","2005","6","9",
"8370","0","1975","2","7",
"8371","35297","1978","9","8",
"8372","64166","1978","9","3",
"8373","60","1975","4","1",
"8374","446616111","2003","8","1",
"8375","5251600","2023","7","7",
"8376","3","2021","6","6",
"8377","71","1979","1","7",
"8378","50209","1987","3","6",
"8379","81577","1985","1","1",
"8380","167","2022","8","5",
"8381","0","1996","8","9",
"8382","714773","2004","4","7",
"8383","337207","2003","1","8",
"8384","1","2020","7","9",
"8385","6208","1991","5","3",
"8386","3108495","2005","6","3",
"8387","51429","2025","4","1",
"8388","48876332","1990","6","4",
"8389","1765","1976","8","9",
"8390","76086","1973","1","8",
"8391","93199406","2011","3","8",
"8392","418","2013","8","2",
"8393","952566232","1986","3","6",
"8394","6","1998","2","8",
"8395","840","2000","9","3",
"8396","88763","1989","8","9",
"8397","22844187","1983","4","1",
"8398","2571083","1985","9","2",
"8399","845447","1986","1","6",
"8400","10669400","2022","9","3",
"8401","200829","1977","6","6",
"8402","537","2022","7","1",
"8403","95","2007","3","8",
"8404","9254","2021","6","2",
"8405","50","2017","5","5",
"8406","483993709","2010","2","2",
"8407","41","1996","3","5",
"8408","629316","1996","7","4",
"8409","252851","2017","7","4",
"8410","0","2020","5","8",
"8411","0","1986","9","2",
"8412","9","2020","4","7",
"8413","0","1970","1","2",
"8414","8205","1997","7","9",
"8415","351148","1970","8","8",
"8416","6082977","1997","4","6",
"8417","170127132","2016","2","3",
"8418","0","1995","1","8",
"8419","6459155","1973","9","4",
"8420","580","2019","1","2",
"8421","139043","1981","3","5",
"8422","597592714","2015","2","9",
"8423","9","2022","6","4",
"8424","275785413","2003","4","8",
"8425","19999","1995","2","4",
"8426","86401","1986","5","7",
"8427","425114","1994","8","1",
"8428","2964","1971","6","5",
"8429","76","1978","2","4",
"8430","85266","1997","8","7",
"8431","66285259","1999","3","6",
"8432","0","2010","5","9",
"8433","9339400","1991","8","6",
"8434","103","2014","3","6",
"8435","22","2009","8","4",
"8436","0","1999","8","3",
"8437","774474197","1990","5","3",
"8438","5278","2005","3","6",
"8439","487","1974","7","3",
"8440","82","2025","9","1",
"8441","914366308","1991","4","9",
"8442","97879879","1988","2","4",
"8443","977462","2013","8","6",
"8444","72460","2020","7","2",
"8445","0","1981","8","9",
"8446","6","2004","7","8",
"8447","146","2007","7","7",
"8448","5014912","2018","5","7",
"8449","4492","1973","3","9",
"8450","6","2007","5","6",
"8451","19566","2005","5","8",
"8452","1606","1976","8","5",
"8453","52811791","1978","4","3",
"8454","25","1993","4","6",
"8455","543947","1971","6","4",
"8456","392964","1993","8","2",
"8457","0","2016","8","7",
"8458","29899","1998","9","1",
"8459","567","2020","3","5",
"8460","0","1970","1","8",
"8461","5282","1974","7","2",
"8462","6649990","1993","8","5",
"8463","5359928","1996","7","5",
"8464","0","1994","7","1",
"8465","79918","1988","2","6",
"8466","58408","2005","4","7",
"8467","621504","1992","1","9",
"8468","35379","1998","6","1",
"8469","3440267","1989","4","7",
"8470","5117820","1998","8","7",
"8471","8","2024","5","2",
"8472","797376866","2019","2","7",
"8473","971532619","2010","4","3",
"8474","811","2011","8","2",
"8475","797695","1973","7","5",
"8476","407310708","1971","8","2",
"8477","802","1999","5","7",
"8478","780","1997","1","5",
"8479","2694979","2010","8","3",
"8480","47","2007","4","8",
"8481","3116","2000","2","5",
"8482","62178","1986","9","1",
"8483","774","2013","9","9",
"8484","67","1983","5","9",
"8485","200550","1977","4","8",
"8486","3754","1987","2","9",
"8487","2","1999","4","5",
"8488","87823","1986","7","6",
"8489","36469","1987","5","2",
"8490","1540404","1971","6","8",
"8491","374279555","2007","3","8",
"8492","19513","1998","2","1",
"8493","52244314","1970","5","6",
"8494","0","2019","9","9",
"8495","785","1974","9","7",
"8496","6","1987","3","3",
"8497","86147","2016","7","3",
"8498","593109831","2001","1","8",
"8499","334883","1988","2","4",
"8500","0","2011","3","7",
"8501","69605","1999","4","8",
"8502","55","1985","4","9",
"8503","25","1983","7","2",
"8504","0","1990","2","2",
"8505","9347","1985","5","2",
"8506","7307","1996","1","5",
"8507","9526195","2019","6","7",
"8508","5","2005","6","6",
"8509","34721","1993","8","9",
"8510","262","1987","4","1",
"8511","57704","1988","5","7",
"8512","351439","1980","7","8",
"8513","172709","1995","4","6",
"8514","89788","2005","7","8",
"8515","391803209","1997","8","3",
"8516","96","2009","1","1",
"8517","0","1987","1","7",
"8518","783","1980","7","8",
"8519","9110422","1985","2","1",
"8520","830","2018","9","5",
"8521","209566","1977","9","5",
"8522","928236","1978","6","5",
"8523","38700907","1979","7","6",
"8524","114","1971","5","2",
"8525","0","2014","1","5",
"8526","5","2015","4","8",
"8527","471","1985","2","6",
"8528","45761013","2004","6","7",
"8529","91","1984","5","2",
"8530","0","1975","5","4",
"8531","7757141","1990","5","1",
"8532","8402","2007","6","5",
"8533","1","2006","5","1",
"8534","642981","2006","9","5",
"8535","27021257","1989","1","3",
"8536","0","2011","7","4",
"8537","9837772","2008","4","5",
"8538","136000","2005","2","8",
"8539","51973676","2001","6","9",
"8540","40841381","2017","8","7",
"8541","55131","1970","3","9",
"8542","253253","1984","6","7",
"8543","566","1980","3","4",
"8544","97622248","2023","4","2",
"8545","6","2012","9","4",
"8546","0","2023","7","8",
"8547","29868","1973","5","1",
"8548","7202868","1984","6","3",
"8549","73","1975","3","7",
"8550","2384","2008","6","4",
"8551","0","1992","9","4",
"8552","0","1997","1","8",
"8553","656319","2001","3","5",
"8554","646057","2019","8","8",
"8555","7225449","1997","6","3",
"8556","5302143","2016","5","1",
"8557","67","2015","9","7",
"8558","4","1979","4","5",
"8559","3159","2011","8","1",
"8560","0","1978","1","4",
"8561","0","1980","4","8",
"8562","66795102","2010","1","8",
"8563","9976077","1973","2","4",
"8564","9653340","1985","1","9",
"8565","0","2025","2","9",
"8566","30379","2009","5","3",
"8567","61","1990","9","8",
"8568","25681381","2016","9","6",
"8569","1064","1970","7","1",
"8570","65410708","1979","5","4",
"8571","5151","1972","2","8",
"8572","40399097","2017","4","9",
"8573","48835580","1980","1","1",
"8574","3707755","2022","8","7",
"8575","0","1978","2","2",
"8576","704565870","2025","9","4",
"8577","805700282","1979","5","3",
"8578","5082","2022","8","3",
"8579","32608","1970","5","3",
"8580","1140109","1986","2","7",
"8581","724690","1978","8","2",
"8582","34185650","1994","2","1",
"8583","34290","1989","6","3",
"8584","433214","1985","7","4",
"8585","6","2007","7","5",
"8586","74377059","2010","7","7",
"8587","5739","2007","8","9",
"8588","4556","2008","8","2",
"8589","940","1980","9","7",
"8590","589","1974","4","5",
"8591","7324488","1983","3","3",
"8592","80256","2018","4","2",
"8593","167800","1972","4","5",
"8594","1","2014","5","8",
"8595","927681","2010","5","7",
"8596","9915002","2015","6","5",
"8597","7","2003","9","7",
"8598","6","2010","2","4",
"8599","197537772","1994","5","7",
"8600","2827","1998","3","6",
"8601","2231","2012","7","5",
"8602","3898058","2015","8","2",
"8603","146591","1979","5","8",
"8604","97179","2006","7","2",
"8605","29474","1975","1","9",
"8606","4","2017","4","6",
"8607","59","2003","7","2",
"8608","64650","1974","3","3",
"8609","1231470","2021","9","6",
"8610","0","1995","6","6",
"8611","29214549","2008","4","2",
"8612","54270058","2013","1","7",
"8613","93299","2014","8","6",
"8614","1208941","2005","9","8",
"8615","68519181","2002","4","7",
"8616","518451466","1996","5","5",
"8617","932507","1979","5","3",
"8618","0","1991","6","2",
"8619","9089","1999","7","1",
"8620","79922","2008","9","5",
"8621","8223942","2005","4","9",
"8622","647560","2015","7","5",
"8623","4329","2004","2","6",
"8624","5169","2003","2","9",
"8625","742919","1971","6","1",
"8626","78906","1980","7","5",
"8627","6879387","1991","1","9",
"8628","5083","2000","1","4",
"8629","0","2000","9","3",
"8630","20019","2013","4","9",
"8631","9446030","2009","1","9",
"8632","333305139","2012","6","3",
"8633","1","1992","3","5",
"8634","2900590","2012","9","8",
"8635","2804","1987","5","4",
"8636","979687298","2018","9","1",
"8637","209734","1985","5","6",
"8638","9443271","2011","3","8",
"8639","7180710","2003","6","5",
"8640","851441","2016","9","4",
"8641","762479611","1985","3","3",
"8642","734907","2007","6","4",
"8643","515","1972","5","5",
"8644","81","2016","6","3",
"8645","517745950","2018","9","1",
"8646","211373037","1999","3","6",
"8647","9739553","1993","8","1",
"8648","233303","1987","1","7",
"8649","0","1974","8","2",
"8650","241319317","1978","1","9",
"8651","945","2017","2","9",
"8652","16832508","2010","4","7",
"8653","4181","1992","5","9",
"8654","9","2001","7","1",
"8655","0","2009","7","6",
"8656","88580","1972","3","4",
"8657","0","1970","9","8",
"8658","83037196","2023","4","4",
"8659","55883","1990","6","9",
"8660","2","2017","1","9",
"8661","22086559","1993","2","7",
"8662","0","1998","5","9",
"8663","3739","1982","8","7",
"8664","10039","2000","1","9",
"8665","99","2022","3","1",
"8666","4807","2025","5","9",
"8667","45","2025","2","2",
"8668","403868","1997","2","2",
"8669","469478324","1974","4","2",
"8670","0","1999","7","6",
"8671","4022845","2019","5","4",
"8672","10","1978","6","8",
"8673","11309847","1981","8","8",
"8674","763","1981","1","5",
"8675","6996685","1985","4","6",
"8676","7945","1982","8","1",
"8677","149139","2019","3","5",
"8678","4","2023","4","8",
"8679","88784278","1973","9","5",
"8680","960648410","1971","5","3",
"8681","444","1996","3","6",
"8682","3916349","1970","7","5",
"8683","8299","2004","8","5",
"8684","778424","2004","1","8",
"8685","467697453","2015","9","7",
"8686","5","2008","3","9",
"8687","0","1976","8","8",
"8688","53022744","2003","9","1",
"8689","1033121","2024","3","7",
"8690","61","2021","3","5",
"8691","70","1998","1","9",
"8692","934368573","2007","8","3",
"8693","603","1971","7","7",
"8694","82","2007","7","4",
"8695","53523129","1985","5","1",
"8696","459303","2004","8","7",
"8697","241755904","1996","8","7",
"8698","0","2020","8","9",
"8699","663069","1974","3","5",
"8700","6","2023","7","2",
"8701","958567576","2005","2","1",
"8702","8765","2022","9","4",
"8703","71093","2001","1","8",
"8704","819371523","1983","6","8",
"8705","10899857","1980","7","1",
"8706","95","1970","6","8",
"8707","950129","1992","9","1",
"8708","343963","1978","8","1",
"8709","48","1982","9","2",
"8710","78120180","2012","6","1",
"8711","738740161","2024","3","7",
"8712","939605","1974","3","7",
"8713","2","1984","9","8",
"8714","752913981","1979","9","9",
"8715","84377055","2018","2","4",
"8716","452784","1994","3","1",
"8717","83","2010","9","2",
"8718","14986","2002","1","8",
"8719","772","2014","6","3",
"8720","584","2025","3","4",
"8721","1355","1991","7","9",
"8722","29139946","1987","1","6",
"8723","2640","1974","2","1",
"8724","46783","2016","7","6",
"8725","0","1987","6","7",
"8726","42847","1995","6","1",
"8727","827720","2002","3","4",
"8728","573652226","1981","3","5",
"8729","240803","1984","7","6",
"8730","74130","2012","2","7",
"8731","1100","2006","7","8",
"8732","0","1984","2","5",
"8733","424956106","2006","9","2",
"8734","37","1971","3","3",
"8735","93379870","1975","1","9",
"8736","654134024","1988","8","8",
"8737","0","1971","4","9",
"8738","74","2002","2","5",
"8739","52390196","2008","2","4",
"8740","13","1996","9","9",
"8741","138482","2012","6","8",
"8742","752973","1987","2","3",
"8743","1343796","2008","6","6",
"8744","45","1982","9","3",
"8745","82","2025","6","9",
"8746","980","2018","2","8",
"8747","53506118","2022","2","6",
"8748","0","2020","7","6",
"8749","9","2006","4","3",
"8750","7205622","1985","1","7",
"8751","7791","1993","7","7",
"8752","768","2009","8","6",
"8753","910143","2011","6","7",
"8754","711625597","2024","1","1",
"8755","3617","1985","5","1",
"8756","277211","2010","4","6",
"8757","5888091","1983","6","5",
"8758","5476607","1972","3","6",
"8759","9248","2008","6","8",
"8760","734975","2023","3","3",
"8761","574917","2002","4","4",
"8762","68741393","2002","1","6",
"8763","543792","2018","9","6",
"8764","4","1973","4","2",
"8765","17617","1993","5","9",
"8766","493058","2015","8","7",
"8767","11","2004","3","2",
"8768","23338520","1976","1","6",
"8769","889","1975","3","9",
"8770","0","2024","2","8",
"8771","0","1991","7","7",
"8772","553004","2012","3","2",
"8773","65","2008","4","7",
"8774","5689988","1971","3","6",
"8775","1020601","1994","7","1",
"8776","589246916","1991","7","2",
"8777","9","1971","2","8",
"8778","409","2017","7","7",
"8779","8172400","2018","8","3",
"8780","247597442","1995","3","2",
"8781","0","2019","6","7",
"8782","572168","1997","1","6",
"8783","5989","2010","4","5",
"8784","398859","1986","1","8",
"8785","1305820","1970","2","3",
"8786","1","1999","1","2",
"8787","368","1978","3","2",
"8788","9127","2025","3","4",
"8789","84810390","2009","5","2",
"8790","2578","1980","5","6",
"8791","993533858","1989","1","4",
"8792","487","2010","9","9",
"8793","7","1990","1","4",
"8794","1514","2006","3","1",
"8795","0","1998","3","3",
"8796","9163","2013","5","3",
"8797","0","2017","5","3",
"8798","777910279","2018","4","2",
"8799","2989","2005","9","9",
"8800","80868295","1976","2","4",
"8801","0","2008","1","8",
"8802","84","2025","6","1",
"8803","0","1974","6","8",
"8804","6","2010","3","2",
"8805","2791","2022","3","7",
"8806","2","1974","7","1",
"8807","925414","1983","9","1",
"8808","0","1984","3","6",
"8809","667","1975","3","9",
"8810","565","2020","7","4",
"8811","642472","2007","5","1",
"8812","7","2013","1","6",
"8813","4910","1994","4","2",
"8814","7874460","2024","7","9",
"8815","509615031","2004","8","5",
"8816","1496453","1973","5","7",
"8817","183476","1994","9","6",
"8818","96714800","1987","8","5",
"8819","0","1973","6","3",
"8820","241347","1977","2","1",
"8821","15739","1980","4","8",
"8822","909","2014","7","9",
"8823","2240","1970","3","2",
"8824","5","1970","2","8",
"8825","9","1976","3","7",
"8826","509","1979","9","6",
"8827","7373","1997","8","1",
"8828","0","1970","9","3",
"8829","4379","1973","1","4",
"8830","822","1995","9","2",
"8831","61992193","2011","1","5",
"8832","54","2018","2","2",
"8833","382","2017","5","6",
"8834","349462067","1981","4","9",
"8835","92","2021","4","9",
"8836","8104","2007","6","4",
"8837","1805928","1980","8","7",
"8838","3082553","1999","5","6",
"8839","820527","1976","4","7",
"8840","0","2021","5","6",
"8841","34835744","2001","3","8",
"8842","41","2002","3","7",
"8843","272658813","1971","4","6",
"8844","85859","1998","4","1",
"8845","845400609","2006","9","8",
"8846","6","1970","8","7",
"8847","42291761","2001","3","1",
"8848","33053367","2005","6","9",
"8849","27376","1997","1","5",
"8850","8384633","1994","7","4",
"8851","7","2014","1","1",
"8852","612774","2023","4","1",
"8853","5138","1989","8","4",
"8854","6952647","1981","3","7",
"8855","216078","2019","1","4",
"8856","721373","1976","5","4",
"8857","61161479","1992","6","3",
"8858","530","2018","9","3",
"8859","7298","2019","5","2",
"8860","0","1991","7","8",
"8861","9","1993","5","6",
"8862","627055469","1980","9","7",
"8863","330860382","2004","9","9",
"8864","298774","2020","6","2",
"8865","479648732","1976","8","8",
"8866","4386664","2010","7","5",
"8867","8268678","1998","2","4",
"8868","3688","2014","6","8",
"8869","75818","1979","7","1",
"8870","52650557","2003","4","7",
"8871","54279900","1983","5","6",
"8872","88192","2001","4","9",
"8873","0","2003","5","4",
"8874","924","1990","1","9",
"8875","59354698","1970","7","5",
"8876","468","1996","2","4",
"8877","908","1999","1","6",
"8878","70645","2020","2","6",
"8879","0","1981","5","2",
"8880","521817","2005","7","2",
"8881","0","1994","7","8",
"8882","7964","2023","5","9",
"8883","831522982","2020","5","9",
"8884","244415373","1997","2","7",
"8885","6921","1977","9","4",
"8886","14367390","2007","6","4",
"8887","0","2008","2","6",
"8888","53","1991","1","1",
"8889","78","2004","5","8",
"8890","81468251","2016","8","3",
"8891","8701231","2017","1","8",
"8892","806495","1974","5","5",
"8893","437","2008","3","3",
"8894","3284","2013","4","2",
"8895","7119119","1979","8","7",
"8896","4","2011","8","5",
"8897","77280","1978","8","9",
"8898","0","2014","4","3",
"8899","19","2011","9","2",
"8900","708474604","2005","7","9",
"8901","38366","2016","3","5",
"8902","827960","1990","4","3",
"8903","340603","2025","9","9",
"8904","43","1986","1","1",
"8905","577","2014","6","2",
"8906","683","1981","2","1",
"8907","619402467","1987","6","8",
"8908","786536896","1994","7","4",
"8909","44","2010","8","5",
"8910","1","2008","2","4",
"8911","8","1985","7","5",
"8912","839197","1981","8","9",
"8913","1","1987","6","9",
"8914","65638489","1982","1","9",
"8915","95241659","2001","3","1",
"8916","621574386","1985","2","9",
"8917","91","2019","2","4",
"8918","74047","2015","3","5",
"8919","9","2000","9","7",
"8920","79025","2021","4","7",
"8921","0","2020","6","1",
"8922","0","1981","3","1",
"8923","72692303","2024","4","7",
"8924","10452","2024","2","6",
"8925","360962282","2013","6","3",
"8926","5","1990","1","6",
"8927","37","2019","2","4",
"8928","1606","2006","6","7",
"8929","4503","1977","3","8",
"8930","5534319","2012","7","8",
"8931","76811902","2017","5","3",
"8932","1961","2007","9","1",
"8933","469955205","2010","2","5",
"8934","4249","1985","3","1",
"8935","159085667","1981","5","7",
"8936","256","1997","2","9",
"8937","744417","1994","8","5",
"8938","941","1999","6","5",
"8939","73","1998","4","8",
"8940","51212151","2025","8","5",
"8941","9592","1976","4","4",
"8942","54889","1975","7","6",
"8943","72570","1987","3","6",
"8944","903565320","2023","6","8",
"8945","5","2014","5","2",
"8946","0","1987","4","8",
"8947","568851","1997","5","7",
"8948","50","1985","1","4",
"8949","4","2003","7","4",
"8950","0","2011","1","7",
"8951","93782499","1970","8","5",
"8952","931208","2023","3","2",
"8953","22505611","2007","8","3",
"8954","728236","1985","6","5",
"8955","44960338","1973","7","2",
"8956","557284","2019","5","1",
"8957","92391","1999","7","2",
"8958","249608","1992","1","6",
"8959","56227","1974","2","6",
"8960","0","2014","9","6",
"8961","0","1998","9","4",
"8962","54","1971","8","5",
"8963","6750","1999","3","8",
"8964","744290766","1990","9","3",
"8965","2204","2014","4","4",
"8966","13177279","1999","1","8",
"8967","641","1977","4","5",
"8968","44579388","1987","2","4",
"8969","566123","2003","7","9",
"8970","99927","2011","7","7",
"8971","56","2005","5","8",
"8972","7867","1993","4","5",
"8973","8","1994","9","4",
"8974","110118786","2008","3","5",
"8975","0","2014","1","7",
"8976","8318","1983","3","4",
"8977","2","1994","6","4",
"8978","410599","1974","5","6",
"8979","9847","1972","8","8",
"8980","693218784","2023","6","7",
"8981","37120","1985","8","2",
"8982","9705015","2012","6","1",
"8983","5","1971","4","6",
"8984","432","1974","7","4",
"8985","75723360","1985","8","4",
"8986","30666194","1993","7","5",
"8987","0","1975","6","6",
"8988","880131","2008","9","7",
"8989","2","1991","8","7",
"8990","44","2008","7","1",
"8991","826044","2002","2","3",
"8992","5","1984","3","7",
"8993","59919","1976","4","8",
"8994","72","2024","9","3",
"8995","6051823","2001","7","5",
"8996","75","1981","6","9",
"8997","26885","1988","9","9",
"8998","67","2013","6","8",
"8999","94","1993","6","7",
"9000","0","2008","7","7",
"9001","2160","1999","9","2",
"9002","52","2024","3","2",
"9003","9","2008","2","6",
"9004","164362","1987","1","1",
"9005","218","1978","5","5",
"9006","64930","2022","2","3",
"9007","62649610","1997","9","9",
"9008","60225035","2014","6","5",
"9009","457875","1988","9","3",
"9010","9","2004","8","4",
"9011","440","1988","8","2",
"9012","480","1980","2","7",
"9013","38","1974","8","5",
"9014","0","2003","1","4",
"9015","71","1980","8","9",
"9016","81852697","1995","8","9",
"9017","36","2025","6","6",
"9018","64724","2010","2","8",
"9019","87725","1993","1","3",
"9020","85175","1980","6","4",
"9021","738740221","1980","5","3",
"9022","71","2018","4","1",
"9023","873748994","2018","4","7",
"9024","642","2007","2","8",
"9025","3","2007","8","5",
"9026","9","2017","2","5",
"9027","61342459","2013","4","6",
"9028","24567","2007","3","1",
"9029","26496","2012","6","7",
"9030","86","1981","4","3",
"9031","2","2020","8","1",
"9032","59","1994","7","4",
"9033","5","1999","1","2",
"9034","738","2020","5","5",
"9035","4510","1986","1","3",
"9036","7134","1991","7","9",
"9037","0","2022","6","4",
"9038","367451394","2024","7","3",
"9039","8063","1980","3","4",
"9040","0","1979","5","1",
"9041","62696","2003","2","2",
"9042","2669371","2016","1","7",
"9043","181","1986","7","4",
"9044","30075254","1971","5","9",
"9045","2","2020","8","3",
"9046","6092545","1974","7","4",
"9047","93838","1987","1","8",
"9048","709","2006","1","3",
"9049","2948989","2019","2","8",
"9050","4354506","2014","7","8",
"9051","3517","2008","1","9",
"9052","95867423","1976","6","1",
"9053","59132","2025","2","8",
"9054","2","1993","3","5",
"9055","4","2005","6","8",
"9056","2450","2003","3","9",
"9057","11289037","1998","6","3",
"9058","330","2006","7","2",
"9059","54","1970","5","7",
"9060","7164158","2009","2","6",
"9061","0","1980","7","7",
"9062","863464","2011","4","5",
"9063","567624823","1985","7","2",
"9064","848233796","1976","8","4",
"9065","970906659","1991","5","4",
"9066","91007","2011","4","7",
"9067","604","1973","8","9",
"9068","2","1974","5","4",
"9069","3085","1998","4","6",
"9070","7680176","1973","6","4",
"9071","28","2010","8","9",
"9072","42","1988","9","2",
"9073","0","1970","5","7",
"9074","890","1999","7","9",
"9075","379829346","1971","9","5",
"9076","6","1987","7","2",
"9077","4","2007","8","4",
"9078","89","1983","4","2",
"9079","27509856","2000","1","2",
"9080","608","1995","8","2",
"9081","6984631","1990","1","6",
"9082","85398775","1986","8","1",
"9083","928","2010","8","1",
"9084","487","1997","1","3",
"9085","344","1991","1","8",
"9086","24805","2006","8","7",
"9087","672366","1998","9","1",
"9088","57422","1997","2","5",
"9089","47001","2022","5","8",
"9090","3963640","1970","4","5",
"9091","65502","1993","1","9",
"9092","71206","1994","1","5",
"9093","55589008","2003","3","9",
"9094","515586","1975","1","7",
"9095","0","1976","3","4",
"9096","66264","2023","2","5",
"9097","762442","1988","5","5",
"9098","37","2019","6","7",
"9099","306741608","1998","3","6",
"9100","830389","2024","1","3",
"9101","0","1971","9","9",
"9102","9","1973","6","7",
"9103","729856500","1976","6","6",
"9104","2852155","1988","7","9",
"9105","6222","2021","3","6",
"9106","0","1989","6","6",
"9107","0","2001","8","8",
"9108","666179","2025","4","5",
"9109","21181","1973","9","5",
"9110","862","1975","2","3",
"9111","60658761","1980","9","7",
"9112","61517","2006","5","5",
"9113","69","1973","2","4",
"9114","4685997","2008","3","5",
"9115","22630","1972","3","8",
"9116","656062","1978","6","5",
"9117","666","2025","9","8",
"9118","846484872","1992","9","3",
"9119","6837453","2011","4","8",
"9120","4201","1974","3","6",
"9121","50162354","2002","7","3",
"9122","58963","2015","8","2",
"9123","4043","1991","5","3",
"9124","8438","2001","8","3",
"9125","632381","1998","2","5",
"9126","13940","1974","9","7",
"9127","945","1988","2","3",
"9128","595","1989","3","3",
"9129","372","1979","7","6",
"9130","20879582","1970","2","4",
"9131","32019925","1981","5","1",
"9132","3174","2001","1","3",
"9133","97715","1995","2","5",
"9134","768","1980","9","4",
"9135","12","1994","7","2",
"9136","2","1988","1","1",
"9137","388","1988","7","6",
"9138","609","1989","9","8",
"9139","0","2015","8","9",
"9140","26379","2013","1","3",
"9141","3","1988","3","6",
"9142","8124204","2012","9","2",
"9143","1","1976","3","8",
"9144","2","1984","5","1",
"9145","0","1975","3","7",
"9146","65838855","1999","7","6",
"9147","42819212","1970","4","1",
"9148","1917904","2013","1","6",
"9149","4","2002","2","9",
"9150","142","2013","5","7",
"9151","13432","2017","7","6",
"9152","2790","2013","4","6",
"9153","226853","2001","8","6",
"9154","311461","2001","5","4",
"9155","183655122","1971","9","4",
"9156","21174871","1988","9","8",
"9157","6991052","2018","1","4",
"9158","666575","2000","5","4",
"9159","0","2006","1","7",
"9160","94136989","1995","2","3",
"9161","5","2015","4","1",
"9162","55","1982","5","1",
"9163","433755178","2006","9","1",
"9164","0","2013","4","7",
"9165","826","2025","9","8",
"9166","771318","1991","2","9",
"9167","46699422","1992","2","6",
"9168","0","1983","5","4",
"9169","4","1993","9","5",
"9170","773","2001","7","8",
"9171","4760","2015","7","1",
"9172","7083435","2014","9","1",
"9173","5434512","1976","3","2",
"9174","81152","1975","5","1",
"9175","18674","1999","2","6",
"9176","623396","2004","6","2",
"9177","875335","2023","5","1",
"9178","223953","1975","9","5",
"9179","5883","2014","6","5",
"9180","5042","1983","3","4",
"9181","499448629","1988","2","8",
"9182","3627","2022","6","1",
"9183","684396","2015","9","2",
"9184","28232","2000","4","1",
"9185","63449344","2013","9","1",
"9186","194747","2003","5","4",
"9187","21455","2010","3","5",
"9188","2","1979","1","4",
"9189","41","2018","1","7",
"9190","246","1971","9","6",
"9191","7987","1979","6","5",
"9192","870815","1972","1","3",
"9193","435682467","2024","2","1",
"9194","9","2017","2","9",
"9195","165569630","1997","5","3",
"9196","62064167","1984","4","7",
"9197","1324","2019","2","7",
"9198","0","1992","7","4",
"9199","1692386","1972","8","7",
"9200","39103","1976","4","1",
"9201","4352","2000","6","1",
"9202","92488916","2024","2","4",
"9203","86848","1997","7","5",
"9204","96047","1982","1","8",
"9205","0","2020","6","9",
"9206","931","1981","5","6",
"9207","744147302","1982","6","7",
"9208","545353035","1977","4","6",
"9209","6531","2019","9","1",
"9210","0","2008","5","4",
"9211","236","1980","2","9",
"9212","0","1995","5","1",
"9213","0","1970","4","2",
"9214","325","1978","7","2",
"9215","339044","1975","4","3",
"9216","4477","1984","3","5",
"9217","1","1972","9","6",
"9218","55","2007","6","4",
"9219","102","2006","5","8",
"9220","465","2019","7","9",
"9221","2","1992","1","8",
"9222","270863","1978","6","7",
"9223","1","1970","5","9",
"9224","1906","2007","6","6",
"9225","86720533","1978","1","9",
"9226","9222","2017","8","6",
"9227","27","1974","1","4",
"9228","46909","1978","7","8",
"9229","34","2022","3","4",
"9230","997522","2016","8","8",
"9231","1","2005","3","1",
"9232","224","2019","6","6",
"9233","0","2015","9","6",
"9234","9115","1989","8","2",
"9235","78","1970","7","4",
"9236","23081437","2012","3","2",
"9237","536656340","1976","2","2",
"9238","0","1973","5","8",
"9239","9","2017","6","9",
"9240","2881491","2007","9","1",
"9241","784829","2011","5","6",
"9242","583934629","1976","3","8",
"9243","608991674","2005","8","4",
"9244","8189","2007","8","9",
"9245","60","2018","2","9",
"9246","49926","2006","3","3",
"9247","8702100","2025","7","6",
"9248","35888060","2025","9","3",
"9249","6925976","1995","2","8",
"9250","5","2022","1","9",
"9251","3506249","2020","6","8",
"9252","908406","2024","4","3",
"9253","534754145","1993","5","5",
"9254","4","1988","3","2",
"9255","1610","1970","1","7",
"9256","5307","1980","2","3",
"9257","96","2006","4","9",
"9258","2880","2013","4","5",
"9259","803","1988","4","1",
"9260","8826","1993","3","9",
"9261","740431384","2017","7","4",
"9262","0","2021","7","9",
"9263","3","1981","9","4",
"9264","852125018","1996","9","4",
"9265","9","1990","1","1",
"9266","517","1998","5","1",
"9267","25588333","2021","2","2",
"9268","642","2007","2","5",
"9269","97367905","1992","6","9",
"9270","5590596","1992","1","9",
"9271","94411","2004","2","9",
"9272","759300","1973","7","4",
"9273","637","2001","3","8",
"9274","927","2018","2","7",
"9275","348081","1993","2","6",
"9276","148145","1999","7","8",
"9277","42","1987","4","9",
"9278","8720094","1988","8","8",
"9279","5561","2009","2","1",
"9280","73024357","1981","4","9",
"9281","912","2020","3","1",
"9282","824","2002","2","1",
"9283","0","2003","9","6",
"9284","84","1977","1","3",
"9285","414","2010","1","9",
"9286","8","2004","7","4",
"9287","8750933","1995","8","5",
"9288","26125","2004","8","2",
"9289","285742698","2001","9","9",
"9290","59158477","2024","7","3",
"9291","0","1975","6","6",
"9292","915","2019","3","8",
"9293","576","1983","4","1",
"9294","492375458","2009","3","4",
"9295","57478","1978","8","8",
"9296","8395","2004","5","7",
"9297","988","2023","4","3",
"9298","64223","2011","3","1",
"9299","255184","2014","3","7",
"9300","1","1980","5","1",
"9301","8084862","1980","9","1",
"9302","4575","2006","5","9",
"9303","34038","1975","1","5",
"9304","96","2014","2","5",
"9305","2781","1993","9","6",
"9306","1420421","1984","5","3",
"9307","76736","1981","5","7",
"9308","0","1970","7","9",
"9309","70269","1980","3","9",
"9310","12664","1975","6","5",
"9311","203800","2010","6","1",
"9312","0","1987","3","7",
"9313","5","2021","4","4",
"9314","16960219","1986","5","4",
"9315","826552527","2009","6","9",
"9316","4849325","2005","5","9",
"9317","5","1979","8","8",
"9318","89794744","2013","9","1",
"9319","32922","2021","3","2",
"9320","0","1972","8","5",
"9321","3426093","1971","3","6",
"9322","4645199","2000","4","4",
"9323","9714384","1973","4","7",
"9324","488445026","1989","9","9",
"9325","74","1992","7","4",
"9326","2783124","2015","5","5",
"9327","2","1981","7","2",
"9328","391","1981","8","2",
"9329","177","1997","1","7",
"9330","26130","1986","6","8",
"9331","0","2007","2","7",
"9332","638","1975","3","9",
"9333","893051","2003","8","9",
"9334","52408630","2006","8","4",
"9335","0","1984","1","6",
"9336","4","2006","3","1",
"9337","7821","1989","8","4",
"9338","575","1981","8","4",
"9339","85521111","2023","3","6",
"9340","143328745","1972","3","7",
"9341","0","2011","3","3",
"9342","0","1975","2","3",
"9343","6","2022","6","7",
"9344","0","2025","1","1",
"9345","549355","1984","9","2",
"9346","49","2016","8","2",
"9347","136314","2021","6","5",
"9348","9","1973","5","9",
"9349","1029","1983","8","9",
"9350","488690","1977","6","3",
"9351","124702","2021","3","5",
"9352","599792","1997","4","3",
"9353","92853472","1982","4","7",
"9354","2","2017","3","9",
"9355","436","1988","3","9",
"9356","67812002","1981","9","9",
"9357","55382116","1999","4","4",
"9358","905","2011","5","3",
"9359","57775728","2018","5","1",
"9360","235","1980","3","6",
"9361","305218591","1989","4","5",
"9362","3221808","2005","9","8",
"9363","362976660","1974","9","6",
"9364","70","2013","7","6",
"9365","469377","1999","8","9",
"9366","160","1990","8","3",
"9367","684622","1994","8","1",
"9368","378566289","1983","7","2",
"9369","45","1998","6","4",
"9370","6906403","1988","4","5",
"9371","599065301","1978","9","8",
"9372","0","1994","6","7",
"9373","26","1998","6","6",
"9374","166782786","2002","5","4",
"9375","154591228","2021","8","7",
"9376","651023409","1975","9","5",
"9377","587642","2017","3","9",
"9378","86796","1977","6","3",
"9379","3170","1976","4","8",
"9380","5","2014","4","8",
"9381","4","1984","5","3",
"9382","6215","1976","9","4",
"9383","558296416","1980","2","1",
"9384","0","2007","8","7",
"9385","85081","1993","5","5",
"9386","82065292","2001","9","3",
"9387","6464","1971","7","9",
"9388","46705","1978","9","3",
"9389","857","1993","4","5",
"9390","0","2011","6","4",
"9391","0","1992","9","5",
"9392","794044156","2013","6","6",
"9393","5","1998","1","8",
"9394","9478145","1986","9","9",
"9395","642694","2015","7","4",
"9396","70119134","2015","7","2",
"9397","22052041","2017","7","9",
"9398","349","1978","2","1",
"9399","78","1979","4","6",
"9400","750625","1991","5","6",
"9401","0","1977","3","9",
"9402","8","1998","1","5",
"9403","0","2019","4","8",
"9404","78885188","1996","6","7",
"9405","890239562","1991","5","7",
"9406","6972452","2007","5","4",
"9407","174","2018","8","1",
"9408","97372377","1999","4","2",
"9409","37964025","1974","6","1",
"9410","82902597","2010","5","6",
"9411","96317","1970","3","8",
"9412","186","1975","8","4",
"9413","0","1990","6","6",
"9414","7175","2012","4","7",
"9415","16","1971","6","5",
"9416","71","1982","1","5",
"9417","98000684","2003","6","4",
"9418","3068821","1982","2","1",
"9419","607149","1986","4","6",
"9420","266029370","1971","2","5",
"9421","59253","1995","1","6",
"9422","8527","2015","4","5",
"9423","0","1979","7","7",
"9424","723","1999","5","3",
"9425","18029","2012","8","8",
"9426","8","1979","5","4",
"9427","3159","1984","9","1",
"9428","1","2000","4","7",
"9429","4331219","2017","3","2",
"9430","60873364","2024","8","2",
"9431","29563","2016","1","8",
"9432","88263495","1998","8","6",
"9433","0","2007","4","8",
"9434","4409402","2009","8","4",
"9435","43543","1994","9","7",
"9436","805601","2022","4","5",
"9437","4390889","2013","7","9",
"9438","66178","1997","1","5",
"9439","913","1987","5","1",
"9440","246148","1982","1","4",
"9441","76796694","2000","8","5",
"9442","14945628","2014","9","8",
"9443","1706","2008","6","8",
"9444","1472105","1978","1","3",
"9445","23037","2019","7","3",
"9446","2357","2018","1","9",
"9447","217053052","1995","5","7",
"9448","785830023","2022","8","5",
"9449","69","1994","6","5",
"9450","411","1983","5","8",
"9451","90689","2016","3","2",
"9452","0","1978","3","1",
"9453","255851","1980","5","1",
"9454","0","2024","5","3",
"9455","8097","1994","9","7",
"9456","463","1987","4","8",
"9457","786","1990","9","9",
"9458","0","2024","7","2",
"9459","1","1999","3","3",
"9460","87164277","1972","5","9",
"9461","195","1978","6","7",
"9462","9389","2015","9","9",
"9463","88","1995","3","7",
"9464","84","1994","5","4",
"9465","707484751","2015","8","9",
"9466","734","2025","1","5",
"9467","54599","1979","2","2",
"9468","50","1978","6","7",
"9469","0","1987","3","9",
"9470","4830","2025","4","4",
"9471","79273","1976","5","5",
"9472","6","2008","7","5",
"9473","8","1973","7","1",
"9474","0","2015","1","7",
"9475","0","2000","4","1",
"9476","8","1988","3","5",
"9477","4","1994","9","9",
"9478","5","2022","5","1",
"9479","93","1991","7","6",
"9480","3000895","1970","4","3",
"9481","0","2011","9","3",
"9482","79768354","2005","1","8",
"9483","231871160","1973","4","6",
"9484","5994792","1984","8","4",
"9485","497516105","2003","5","9",
"9486","0","1983","6","9",
"9487","34646958","1985","2","2",
"9488","94757873","1999","7","1",
"9489","7247","2008","4","4",
"9490","4","1982","2","6",
"9491","9460331","2011","2","9",
"9492","0","2003","9","6",
"9493","66","2017","1","5",
"9494","80","1974","9","5",
"9495","3","1970","1","4",
"9496","874120269","2015","4","5",
"9497","6203","2004","9","1",
"9498","595","2024","5","1",
"9499","0","1997","9","1",
"9500","62","1981","9","5",
"9501","7","2020","6","1",
"9502","894096","1990","7","9",
"9503","695848","1970","1","9",
"9504","72734795","1997","7","5",
"9505","2","2019","3","1",
"9506","16773174","1992","8","7",
"9507","0","2011","9","8",
"9508","58234989","1996","2","4",
"9509","2479","1981","8","7",
"9510","681207","1988","3","5",
"9511","0","1976","7","8",
"9512","4467995","1989","4","2",
"9513","182179","2007","2","2",
"9514","4800","1982","4","7",
"9515","7","1976","8","7",
"9516","880","1990","1","6",
"9517","43","2011","4","4",
"9518","898117641","2007","7","9",
"9519","636959","2012","5","5",
"9520","69334","2018","2","6",
"9521","2874","2002","4","1",
"9522","0","2011","8","4",
"9523","183077","2002","5","2",
"9524","415589","1973","3","8",
"9525","38476368","2000","3","5",
"9526","965365","1999","4","5",
"9527","717062","1993","8","5",
"9528","22","1978","2","5",
"9529","0","2007","2","5",
"9530","76","1978","8","4",
"9531","228","1996","3","9",
"9532","1","2002","7","1",
"9533","61812","1996","8","6",
"9534","869067047","1982","7","8",
"9535","0","2005","6","1",
"9536","9518","2011","7","2",
"9537","40489","2011","4","3",
"9538","76","2017","8","7",
"9539","652","2021","7","7",
"9540","555020","2000","4","5",
"9541","235257","1972","4","4",
"9542","870793268","1975","5","7",
"9543","66162","1983","7","2",
"9544","2","2022","5","9",
"9545","0","1991","2","3",
"9546","310410998","2020","5","5",
"9547","99918197","2015","3","8",
"9548","501478","1973","9","3",
"9549","19610212","1990","5","2",
"9550","42","2017","8","6",
"9551","0","2010","8","6",
"9552","901028","1987","2","7",
"9553","8983","1990","8","9",
"9554","5795594","1975","6","3",
"9555","460085","1997","9","3",
"9556","891","1997","5","3",
"9557","12","1975","6","8",
"9558","991","1988","5","6",
"9559","75","2014","2","8",
"9560","707","2025","1","9",
"9561","18145","1988","3","4",
"9562","996113","2002","6","8",
"9563","68753","1982","1","8",
"9564","161881","2017","9","7",
"9565","0","1971","8","7",
"9566","6981929","2020","2","1",
"9567","92735","1984","1","9",
"9568","368704292","1976","4","1",
"9569","578470","1990","3","3",
"9570","58","1984","8","8",
"9571","854","1970","6","1",
"9572","3088","2018","6","8",
"9573","74136574","2014","4","8",
"9574","380","1996","2","1",
"9575","3412299","2018","7","7",
"9576","3856458","1995","4","3",
"9577","50098598","1992","5","6",
"9578","11","2014","2","8",
"9579","562","1977","8","2",
"9580","27762797","2022","8","8",
"9581","5532","2010","8","7",
"9582","540254213","2025","2","7",
"9583","614","1984","6","4",
"9584","17904","2009","2","3",
"9585","6361074","1985","6","6",
"9586","8","2021","7","8",
"9587","206","1993","4","8",
"9588","626693","1989","4","9",
"9589","2397465","1999","8","3",
"9590","33969","1975","4","8",
"9591","4","2021","4","9",
"9592","817","1971","2","7",
"9593","18778","2017","2","9",
"9594","6","2011","1","8",
"9595","0","1977","2","3",
"9596","2","1974","8","2",
"9597","401","1999","2","4",
"9598","237707","2010","4","3",
"9599","966890","2011","7","2",
"9600","4","2010","2","8",
"9601","0","2024","4","7",
"9602","84170","2022","1","7",
"9603","61","2008","8","2",
"9604","501732661","2015","2","9",
"9605","6161","2024","4","9",
"9606","6590","2010","1","1",
"9607","61853","2023","2","4",
"9608","63","1989","1","6",
"9609","0","2005","8","8",
"9610","741","2020","6","3",
"9611","66105688","1973","7","9",
"9612","8533198","2012","4","3",
"9613","7615844","1993","5","3",
"9614","48737","1996","1","2",
"9615","7687591","1973","3","5",
"9616","0","1995","8","2",
"9617","7","1974","1","6",
"9618","3","2007","1","4",
"9619","479172989","2002","3","8",
"9620","213","1992","5","8",
"9621","59704","1970","5","6",
"9622","13720174","1991","7","6",
"9623","899","1986","5","9",
"9624","3603687","2008","4","4",
"9625","5","2003","5","6",
"9626","9824065","2013","8","4",
"9627","402589","1977","6","7",
"9628","39611","2000","9","1",
"9629","0","1989","7","6",
"9630","140229","1990","2","5",
"9631","1","1980","2","3",
"9632","17407","2020","7","1",
"9633","657","2014","9","3",
"9634","258061882","1983","4","2",
"9635","7","1988","2","8",
"9636","9401179","2001","4","4",
"9637","5770","1972","2","2",
"9638","141574","2014","3","2",
"9639","16124888","1976","4","6",
"9640","81392","1988","2","9",
"9641","62353","2006","7","2",
"9642","1244","2003","4","4",
"9643","0","1990","3","4",
"9644","13074686","2005","8","1",
"9645","8716","2007","2","9",
"9646","0","1973","2","8",
"9647","6596553","1977","1","3",
"9648","21631758","2004","8","7",
"9649","30041531","2023","8","4",
"9650","49488279","2017","6","7",
"9651","0","1995","9","2",
"9652","79399","1999","9","1",
"9653","78456327","1975","1","2",
"9654","74457","1983","6","7",
"9655","64392463","2002","6","6",
"9656","70","2010","4","6",
"9657","47077881","1986","8","9",
"9658","636","1997","9","1",
"9659","7820670","2023","2","4",
"9660","74051","1993","1","1",
"9661","0","1992","8","1",
"9662","3","1999","4","6",
"9663","207682117","1981","9","3",
"9664","0","2001","6","7",
"9665","221","1979","8","4",
"9666","0","1975","7","8",
"9667","0","1976","5","1",
"9668","285","2018","9","3",
"9669","598457072","2021","9","3",
"9670","55","2015","8","4",
"9671","4","2023","4","7",
"9672","4407","2018","7","5",
"9673","6780724","1994","4","2",
"9674","7838734","2013","3","3",
"9675","0","2012","8","6",
"9676","39895362","1987","4","2",
"9677","8","2017","2","5",
"9678","997","2022","7","9",
"9679","0","1979","9","9",
"9680","21","1988","5","1",
"9681","145","1979","6","2",
"9682","4678","1987","6","3",
"9683","7114","2010","4","1",
"9684","1183","2008","2","7",
"9685","60374","1992","8","4",
"9686","1167","1972","4","1",
"9687","31030017","1982","6","9",
"9688","991357","2004","9","6",
"9689","6490","1974","5","7",
"9690","37","1992","3","1",
"9691","249","1979","9","5",
"9692","5419","2019","1","8",
"9693","45762","2019","7","5",
"9694","176576","2021","3","4",
"9695","67029","2024","4","6",
"9696","711818644","1982","6","2",
"9697","54","1987","6","7",
"9698","34060","2001","4","9",
"9699","39932","1984","8","7",
"9700","20","2015","9","9",
"9701","6","1994","1","1",
"9702","6605","2018","9","7",
"9703","0","1999","4","9",
"9704","764742540","2015","7","5",
"9705","22993179","2019","7","2",
"9706","3931","1988","7","3",
"9707","970474","2023","3","2",
"9708","5206633","2023","3","3",
"9709","0","2003","1","9",
"9710","991","1989","7","9",
"9711","73238","1989","2","7",
"9712","186399","1994","1","4",
"9713","823105","2015","9","6",
"9714","95984083","1979","4","2",
"9715","3","2015","2","5",
"9716","17","1975","9","2",
"9717","826017","2012","6","8",
"9718","4269689","1972","6","5",
"9719","53070663","1987","8","2",
"9720","145938","2020","7","4",
"9721","82","2021","7","1",
"9722","5638","1986","6","2",
"9723","99563","2021","7","8",
"9724","0","1998","7","7",
"9725","46108350","2013","4","5",
"9726","0","2018","1","3",
"9727","4767043","2018","5","6",
"9728","43","1973","8","5",
"9729","60","2010","3","3",
"9730","3992","1994","9","2",
"9731","49179","2008","4","8",
"9732","10048","1982","9","4",
"9733","86756","1987","3","3",
"9734","22","2005","2","4",
"9735","0","1973","8","6",
"9736","0","2015","3","3",
"9737","69676208","1997","3","4",
"9738","5","1999","9","4",
"9739","315875934","2018","9","5",
"9740","28","2008","6","1",
"9741","96274698","2008","7","6",
"9742","7898","1992","7","4",
"9743","0","1978","9","5",
"9744","0","1993","9","9",
"9745","4853684","2014","4","6",
"9746","115705","1974","2","1",
"9747","81308","2011","9","4",
"9748","8127","1996","1","9",
"9749","115847","1983","7","7",
"9750","257545","1995","1","6",
"9751","625331","1985","5","9",
"9752","381040293","2009","8","2",
"9753","336","1975","7","8",
"9754","0","1981","5","9",
"9755","61891","1984","8","7",
"9756","2","2003","5","8",
"9757","676737483","2016","1","2",
"9758","12638","1981","8","2",
"9759","68","2002","9","9",
"9760","0","1988","7","7",
"9761","2532038","1976","5","3",
"9762","613294667","1982","6","1",
"9763","2","2011","8","2",
"9764","684","1987","8","8",
"9765","894178382","2013","3","7",
"9766","2","2016","7","4",
"9767","6351","1994","4","3",
"9768","6205","2000","9","9",
"9769","5","1988","8","1",
"9770","524499","1999","3","7",
"9771","2043","1988","4","2",
"9772","166855","2006","1","6",
"9773","0","1981","1","5",
"9774","0","2019","6","9",
"9775","0","1992","8","6",
"9776","651371","1993","6","5",
"9777","4","2015","3","5",
"9778","33598","1982","3","4",
"9779","704745378","2023","4","2",
"9780","42704","1992","4","7",
"9781","0","2019","1","6",
"9782","47963562","1982","3","1",
"9783","8621793","1977","6","9",
"9784","59","2005","3","8",
"9785","0","1985","3","1",
"9786","71118","1981","1","6",
"9787","786","1988","9","8",
"9788","298288376","2017","8","6",
"9789","51305","1995","2","5",
"9790","29888331","2025","2","1",
"9791","0","2006","7","4",
"9792","2713183","2025","5","9",
"9793","41149659","1971","4","4",
"9794","24757822","2024","9","9",
"9795","12550199","1995","4","4",
"9796","9773","2002","9","4",
"9797","91","1993","1","5",
"9798","6051","1999","3","8",
"9799","43832","1974","9","8",
"9800","282","1989","8","8",
"9801","962939","2025","9","3",
"9802","0","2008","7","8",
"9803","12551","2012","2","3",
"9804","0","2018","3","4",
"9805","69685092","1975","2","3",
"9806","232","1998","7","7",
"9807","43486","2013","1","1",
"9808","43","2013","8","7",
"9809","8673","2018","4","9",
"9810","718631","2011","3","8",
"9811","59","2020","3","3",
"9812","0","1987","3","1",
"9813","0","2016","2","7",
"9814","0","1988","1","8",
"9815","33747566","1983","2","4",
"9816","8","1994","9","2",
"9817","96","2001","5","4",
"9818","11683","2021","2","2",
"9819","399488","1978","9","6",
"9820","98","1983","8","5",
"9821","0","2013","3","2",
"9822","4","1991","2","4",
"9823","30715207","2007","1","9",
"9824","806530281","2018","6","8",
"9825","6","2004","8","9",
"9826","643283","2008","3","9",
"9827","532","2014","3","2",
"9828","532567753","1971","8","3",
"9829","829849553","1984","5","1",
"9830","24008","2016","3","7",
"9831","9","1996","6","5",
"9832","964827851","2012","3","9",
"9833","3524","1997","7","3",
"9834","71","2014","1","1",
"9835","6","1988","5","3",
"9836","4184708","1999","9","2",
"9837","972434099","1981","6","2",
"9838","446","2003","4","3",
"9839","349573409","2004","3","4",
"9840","962","1983","7","8",
"9841","40303","1976","3","5",
"9842","990060","1983","3","6",
"9843","50","2009","2","6",
"9844","56","2009","8","3",
"9845","4","1997","4","4",
"9846","897737666","1991","1","3",
"9847","16778","2016","5","1",
"9848","36543","1979","7","7",
"9849","42","1977","2","8",
"9850","1","1993","4","2",
"9851","978","2010","9","7",
"9852","43","2006","6","4",
"9853","7497676","2001","1","9",
"9854","21405657","2015","8","8",
"9855","0","2000","2","3",
"9856","15388164","1986","2","7",
"9857","4204291","1993","2","5",
"9858","5979","2000","7","3",
"9859","547055","2024","8","5",
"9860","6","2010","5","3",
"9861","949258073","2003","5","1",
"9862","90","2015","9","3",
"9863","36519","1988","5","6",
"9864","55820","1971","1","2",
"9865","1070","1979","8","5",
"9866","51","2021","9","9",
"9867","15807","1981","3","4",
"9868","0","1976","1","7",
"9869","3","2024","6","2",
"9870","14","1970","7","4",
"9871","6","1978","7","7",
"9872","6419752","1979","6","1",
"9873","136","2004","9","9",
"9874","95","1984","9","7",
"9875","17","1998","4","7",
"9876","68324","1986","9","3",
"9877","43","1996","2","5",
"9878","507791449","2010","1","1",
"9879","8025","1980","9","9",
"9880","435","1978","5","4",
"9881","5976","1993","9","3",
"9882","290","1999","8","7",
"9883","203793309","2015","9","3",
"9884","461","2010","4","8",
"9885","3","1996","4","4",
"9886","9887982","1981","5","4",
"9887","988","2016","1","5",
"9888","24","1988","3","3",
"9889","135","2022","2","9",
"9890","18203071","1991","5","7",
"9891","33","1977","3","1",
"9892","0","1991","4","5",
"9893","2","2004","8","9",
"9894","0","1982","3","6",
"9895","38606","2019","8","4",
"9896","97152","2004","3","9",
"9897","66534","2010","5","5",
"9898","49223","1980","7","5",
"9899","9876","1981","8","4",
"9900","1859","2023","7","9",
"9901","4","2019","4","6",
"9902","0","2024","6","7",
"9903","72","1979","4","3",
"9904","711285595","2017","8","5",
"9905","779632","1981","2","8",
"9906","9","1973","7","2",
"9907","563547102","2012","7","4",
"9908","8","1996","1","3",
"9909","88419","1984","5","2",
"9910","8","1995","5","8",
"9911","8476","1987","5","7",
"9912","693854","2008","6","4",
"9913","402045","2017","6","6",
"9914","4897","1975","4","3",
"9915","0","2012","1","8",
"9916","879942606","1970","1","8",
"9917","6700845","1983","2","8",
"9918","1077","2024","4","9",
"9919","62283941","2014","7","5",
"9920","500969","2002","2","1",
"9921","736","1992","3","6",
"9922","26238797","1989","9","4",
"9923","99084","2001","9","3",
"9924","25380944","1980","3","8",
"9925","35137","1981","8","7",
"9926","82952","2024","8","6",
"9927","0","1971","4","1",
"9928","9","2008","8","9",
"9929","0","1994","7","8",
"9930","898184","2003","3","5",
"9931","94835361","1999","3","2",
"9932","7670","2009","4","3",
"9933","4729","1997","9","8",
"9934","0","2019","4","9",
"9935","11846","1999","4","9",
"9936","12218146","2012","4","1",
"9937","46","1996","3","7",
"9938","406","2015","8","4",
"9939","970","1987","4","9",
"9940","1105721","2015","8","1",
"9941","5526","2013","6","2",
"9942","20835350","1994","9","2",
"9943","32160145","1977","1","7",
"9944","75629920","2011","2","5",
"9945","377455855","2022","7","2",
"9946","414","1983","6","3",
"9947","7","1989","3","5",
"9948","0","1977","1","5",
"9949","4590","1999","5","4",
"9950","2233","2006","2","5",
"9951","414729954","2013","2","2",
"9952","53","2003","6","4",
"9953","8632149","1972","8","7",
"9954","5","2018","2","8",
"9955","239211791","1977","2","2",
"9956","21505010","2017","2","2",
"9957","9690589","1973","7","2",
"9958","7","1996","7","8",
"9959","9","1979","5","9",
"9960","43109245","1996","5","2",
"9961","12161875","2009","3","9",
"9962","0","1971","9","1",
"9963","3802","2005","5","9",
"9964","0","2013","1","1",
"9965","49774","2022","9","8",
"9966","8380","2009","5","4",
"9967","8","1989","3","1",
"9968","63413","1997","9","4",
"9969","652","2015","7","6",
"9970","4896","1976","5","3",
"9971","0","1994","8","4",
"9972","363507643","1998","4","5",
"9973","1","1990","7","1",
"9974","8","1989","2","1",
"9975","69","2008","4","1",
"9976","244706663","2012","3","9",
"9977","2","2000","3","6",
"9978","7859","1992","5","8",
"9979","2493","1988","3","2",
"9980","72575040","2002","1","7",
"9981","4418","2024","3","8",
"9982","6","1982","9","6",
"9983","272267370","1997","4","3",
"9984","762","2002","7","5",
"9985","198991171","1993","5","1",
"9986","447567084","2023","9","1",
"9987","71529448","1978","3","9",
"9988","589809143","1976","7","8",
"9989","69","2024","6","8",
"9990","30526","1985","6","2",
"9991","72","2015","5","6",
"9992","739649","1970","7","7",
"9993","967403","2004","3","7",
"9994","312685826","1983","6","2",
"9995","0","1970","8","3",
"9996","0","2013","6","9",
"9997","80873247","1985","6","6",
"9998","3","2009","6","5",
"9999","9248579","1986","1","7",
"10000","0","1997","1","9",
