"Campus","Year","TotalEnrollment_AY","FTE_AY",
"1","1977","3027600","384",
"2","1972","89441051","36",
"3","2012","221","577",
"4","1974","0","407",
"5","2004","3310341","896",
"6","1996","5709626","388",
"7","2001","0","585",
"8","2006","24","207",
"9","1996","241247","186",
"10","2016","3","809",
"11","1974","481","148",
"12","2005","15885120","321",
"13","1976","574753","50",
"14","2023","0","120",
"15","1981","1308","502",
"16","2018","0","485",
"17","2012","171624684","812",
"18","2000","20552917","128",
"19","2017","0","822",
"20","1976","29","703",
"21","1992","0","811",
"22","1982","1785","718",
"23","2006","59177854","6",
"24","1970","519","585",
"25","1991","354916","207",
"26","1990","2","538",
"27","1974","36850","122",
"28","2003","53365","412",
"29","1974","883236","465",
"30","2016","15601","4",
"31","1977","27747","274",
"32","1974","922072356","603",
"33","2015","0","627",
"34","2003","1","746",
"35","1979","4773742","183",
"36","1995","715","803",
"37","2011","45387","752",
"38","2011","5","860",
"39","1976","0","183",
"40","2024","2121890","650",
"41","2021","146876444","680",
"42","1986","285","640",
"43","1984","0","622",
"44","1992","7","322",
"45","2014","238356561","935",
"46","2021","7","105",
"47","1999","239337","276",
"48","2019","1073","537",
"49","2005","283980","612",
"50","1996","4","724",
"51","1972","385322","648",
"52","2006","23255","535",
"53","2019","56","467",
"54","1974","0","495",
"55","1979","651732070","703",
"56","1977","64119","0",
"57","1984","1","481",
"58","1980","0","530",
"59","2012","785005","978",
"60","1977","30","444",
"61","1982","550","310",
"62","2010","0","567",
"63","2014","376327145","999",
"64","2011","188","207",
"65","1993","51","669",
"66","2007","0","240",
"67","1974","3280","968",
"68","1990","19922404","584",
"69","1975","18731933","886",
"70","1980","0","73",
"71","2002","5120477","881",
"72","2017","6444","728",
"73","2010","108","651",
"74","2014","20876","178",
"75","1981","0","349",
"76","1988","153","692",
"77","1979","0","192",
"78","1990","71","888",
"79","2018","1353545","34",
"80","1982","14190255","240",
"81","2007","301753","196",
"82","2015","136","730",
"83","1992","6694451","197",
"84","2021","27","81",
"85","2016","0","747",
"86","2007","64645743","768",
"87","1972","2","741",
"88","2015","63","996",
"89","2017","735","287",
"90","2002","7755","170",
"91","2003","461610","930",
"92","1985","1910563","926",
"93","1980","235605","514",
"94","1977","14329","155",
"95","1984","531398024","24",
"96","1995","36308","542",
"97","1999","0","347",
"98","2013","283523099","888",
"99","1987","293983567","253",
"100","2015","159","78",
"101","2005","645893","465",
"102","1991","2771","771",
"103","1988","0","95",
"104","2013","2","388",
"105","1994","6","163",
"106","1995","154069487","263",
"107","1996","1167571","605",
"108","1976","0","449",
"109","1991","25306","568",
"110","2017","100718","896",
"111","1977","1554496","62",
"112","2006","80","419",
"113","2019","9375870","866",
"114","1977","1187824","550",
"115","2021","6415","692",
"116","1978","23370298","728",
"117","2006","168180155","991",
"118","2002","4665","597",
"119","1990","29483431","907",
"120","1972","9615973","247",
"121","2007","220324009","729",
"122","2016","2","738",
"123","2005","303753793","99",
"124","2004","1228","2",
"125","2014","4316849","971",
"126","2004","36","693",
"127","2001","1200041","682",
"128","1988","4698","69",
"129","2021","4728","348",
"130","1995","0","309",
"131","1987","6914555","851",
"132","1975","2","618",
"133","2019","127","944",
"134","1973","94219","499",
"135","1998","137","77",
"136","1989","0","47",
"137","2023","14940951","525",
"138","2011","2761","199",
"139","1989","19597","765",
"140","2008","6","378",
"141","1997","11","963",
"142","2007","1992984","265",
"143","1986","1311877","837",
"144","1971","189702","216",
"145","1993","51","538",
"146","2015","1","82",
"147","1980","7874","248",
"148","1995","2444488","401",
"149","2016","28","11",
"150","1972","34","119",
"151","1981","55698","635",
"152","1983","42353","562",
"153","1981","5","319",
"154","1999","10043749","149",
"155","1995","6","967",
"156","2003","57","343",
"157","2021","36","562",
"158","1987","9221","691",
"159","1998","60258","855",
"160","1996","0","460",
"161","1970","24099959","533",
"162","1974","4","324",
"163","1970","0","597",
"164","1970","21","599",
"165","1988","4126672","245",
"166","1984","634","228",
"167","2010","987591","628",
"168","1984","6","212",
"169","2000","6259257","224",
"170","2015","83","526",
"171","1998","665","860",
"172","2005","25969","717",
"173","1987","0","157",
"174","1978","0","200",
"175","1982","730361","771",
"176","2001","56","289",
"177","2004","0","249",
"178","2017","7468341","4",
"179","2015","960","267",
"180","2000","0","724",
"181","2016","18","344",
"182","1994","1","77",
"183","1986","182548","121",
"184","1973","52","475",
"185","1980","8999681","751",
"186","2022","1","16",
"187","2022","195","576",
"188","1976","306117342","582",
"189","1992","0","636",
"190","1998","139","712",
"191","1970","0","114",
"192","2010","71123","289",
"193","2025","0","885",
"194","1995","170191","629",
"195","2016","23650468","101",
"196","1979","1","783",
"197","1996","0","846",
"198","1973","0","313",
"199","2006","5011992","629",
"200","2003","1800520","915",
"201","1998","90424","852",
"202","2008","330","4",
"203","1986","4","691",
"204","1975","309434243","541",
"205","1997","626134983","951",
"206","1994","28","997",
"207","2013","51","178",
"208","1984","0","418",
"209","1987","2","242",
"210","1979","1684653","823",
"211","1984","186604","200",
"212","1995","22836897","401",
"213","1989","12","216",
"214","2006","513428161","211",
"215","1982","275186","403",
"216","2014","37238","409",
"217","1992","401","598",
"218","1997","5","649",
"219","2010","17","472",
"220","1986","6845","497",
"221","1974","403723826","472",
"222","1975","3382841","270",
"223","2011","25","163",
"224","2011","48","129",
"225","2018","14","770",
"226","1997","0","661",
"227","1980","42313","637",
"228","1983","24","296",
"229","2003","2791912","491",
"230","2015","42259","873",
"231","1985","40520","398",
"232","2020","2516","129",
"233","2002","68903473","641",
"234","1979","238","40",
"235","1995","18","910",
"236","1974","1","283",
"237","2009","216839","358",
"238","2009","44698","381",
"239","1974","0","884",
"240","2007","6730980","49",
"241","1994","10378586","261",
"242","2024","4251","438",
"243","2016","57677465","659",
"244","1991","0","981",
"245","1977","126","43",
"246","2004","12","791",
"247","2009","640","328",
"248","1973","122535","470",
"249","2011","2629633","194",
"250","2006","1218","467",
"251","1974","0","990",
"252","2023","50487388","715",
"253","2021","39971578","89",
"254","2003","8349","942",
"255","2004","961","710",
"256","1972","442","124",
"257","1972","5219694","926",
"258","2017","692633829","859",
"259","1990","1516664","407",
"260","1975","67704919","648",
"261","1971","48","598",
"262","1995","389018","991",
"263","2000","0","77",
"264","1984","533","105",
"265","2009","26293","961",
"266","1990","7130446","769",
"267","1985","36663523","929",
"268","2012","27052","378",
"269","1987","312750","787",
"270","1984","10","205",
"271","2013","1940","795",
"272","2010","8","751",
"273","1994","660468","656",
"274","2019","0","709",
"275","2006","36","973",
"276","1992","125287","684",
"277","2010","47493","276",
"278","2021","116822943","537",
"279","2008","416661","220",
"280","2005","2","41",
"281","2021","18058","107",
"282","2023","219794","300",
"283","2020","5738795","16",
"284","2020","28205","217",
"285","1999","0","163",
"286","2016","154181","79",
"287","2013","130352","760",
"288","1985","7","537",
"289","2012","20655017","943",
"290","1981","2","82",
"291","2010","12919214","472",
"292","1998","4405093","981",
"293","2005","42744159","120",
"294","1999","17736","966",
"295","2021","4","126",
"296","1983","57","149",
"297","2011","82","543",
"298","1995","1361","282",
"299","2014","1","618",
"300","1991","805418","190",
"301","1984","288194180","812",
"302","1993","2","124",
"303","2003","3","580",
"304","1999","1344525","341",
"305","2024","25480440","580",
"306","1979","2015","209",
"307","1990","1","276",
"308","1991","11","232",
"309","1996","3","175",
"310","1985","0","109",
"311","2021","1","440",
"312","1970","0","957",
"313","2018","0","335",
"314","1972","63","646",
"315","2000","28","955",
"316","1987","22","339",
"317","1983","14266","878",
"318","2016","101493","343",
"319","1972","344742","845",
"320","2000","0","705",
"321","2010","184","280",
"322","2013","944","701",
"323","1999","70","750",
"324","2019","1695401","290",
"325","1987","13","206",
"326","2000","0","417",
"327","1973","24693","333",
"328","2011","228264","635",
"329","2016","78","463",
"330","2010","4882404","992",
"331","2021","7198369","538",
"332","2020","206880021","222",
"333","1996","6295304","367",
"334","1971","1","16",
"335","2022","8543","214",
"336","2013","3893471","805",
"337","1976","13618","575",
"338","2025","409","957",
"339","2021","501","443",
"340","2001","1","564",
"341","2014","26561","172",
"342","2020","2053","914",
"343","2002","19410","606",
"344","1980","21731691","699",
"345","1996","169656824","162",
"346","1979","22266435","500",
"347","2024","2688423","213",
"348","2020","177","87",
"349","1975","0","255",
"350","2025","154007655","609",
"351","2021","198794","657",
"352","2006","0","539",
"353","1987","335864","270",
"354","1972","68253","709",
"355","2017","2934492","144",
"356","1984","59","745",
"357","1978","6073","723",
"358","1987","547946","424",
"359","1985","22982280","19",
"360","1999","0","789",
"361","1974","1227","971",
"362","1994","1","160",
"363","2018","3","106",
"364","2022","498365","182",
"365","1998","3610","604",
"366","2016","334","422",
"367","2005","12","313",
"368","2003","222454","816",
"369","2017","23","493",
"370","2023","4388558","41",
"371","1973","4","186",
"372","2003","7082221","230",
"373","2016","4","188",
"374","1985","5","858",
"375","2019","142","775",
"376","2005","515","930",
"377","2013","52","672",
"378","1971","6186603","63",
"379","1975","7","254",
"380","2020","20","364",
"381","2015","42253","251",
"382","1990","109901","402",
"383","1975","19","701",
"384","1989","226","225",
"385","1988","21","846",
"386","1978","11238","479",
"387","1991","0","143",
"388","2001","0","855",
"389","1980","2401","919",
"390","1993","3247","731",
"391","2001","225057323","209",
"392","1983","501348973","528",
"393","1972","0","309",
"394","1983","22379","833",
"395","1997","11703909","425",
"396","1992","255888","297",
"397","1999","575815744","682",
"398","1993","25716","327",
"399","1978","2807749","93",
"400","2009","11957","417",
"401","1978","4582","399",
"402","2000","9","608",
"403","2007","2","617",
"404","2000","45594229","269",
"405","2015","175","885",
"406","1997","37","892",
"407","1985","22441","477",
"408","1981","2447","324",
"409","2019","41","505",
"410","2006","169","691",
"411","2019","0","528",
"412","1973","2164670","227",
"413","1992","5","316",
"414","1996","53829643","946",
"415","2005","209513733","650",
"416","1977","0","584",
"417","2016","55","56",
"418","1978","2","30",
"419","2024","60369078","339",
"420","1988","84128","269",
"421","2016","5472","303",
"422","1978","3997","894",
"423","2001","3","224",
"424","2016","31421","922",
"425","2017","1203402","463",
"426","2024","7","937",
"427","2009","0","426",
"428","2016","49912","505",
"429","1982","56964","715",
"430","1982","0","661",
"431","1999","294438","333",
"432","1980","213","890",
"433","1979","331","913",
"434","1982","61488925","278",
"435","1995","0","596",
"436","1986","681070","220",
"437","1993","32","634",
"438","1975","13","582",
"439","1996","86284","452",
"440","1971","162066","428",
"441","1982","0","568",
"442","1990","6134260","410",
"443","1974","13050948","999",
"444","1978","718","353",
"445","2010","875","465",
"446","2011","217686","468",
"447","2021","3765","605",
"448","2003","296","858",
"449","1980","84021","890",
"450","1987","15676827","480",
"451","1990","43","993",
"452","1994","9","791",
"453","1981","0","492",
"454","2001","0","769",
"455","2011","0","856",
"456","1970","54680881","930",
"457","1984","35563240","870",
"458","2002","0","483",
"459","1993","0","889",
"460","1988","1490","178",
"461","1992","436","959",
"462","1984","627015","196",
"463","2005","68","301",
"464","1983","1","986",
"465","2020","6881065","58",
"466","1970","0","582",
"467","1972","1709","494",
"468","1981","48","568",
"469","1974","35924","492",
"470","1993","9939067","723",
"471","2003","348","30",
"472","1975","339181059","872",
"473","1999","15232907","551",
"474","1985","0","575",
"475","1993","185012","272",
"476","1985","637597221","301",
"477","2002","44635","383",
"478","2003","494326514","637",
"479","2017","384","8",
"480","2007","163","968",
"481","1977","40","455",
"482","1981","76354187","805",
"483","1989","1933","380",
"484","1970","25731","1",
"485","1974","0","23",
"486","2003","616","623",
"487","2013","1050179","315",
"488","2006","172846","130",
"489","2011","0","896",
"490","1979","43638988","232",
"491","1970","751065","176",
"492","1975","2490","102",
"493","1985","14190","351",
"494","1999","4315246","553",
"495","2013","2","987",
"496","2008","218","145",
"497","2019","2","687",
"498","1984","517","632",
"499","1996","4151067","4",
"500","1974","72189176","778",
"501","1970","226","810",
"502","1984","3170920","680",
"503","1984","0","419",
"504","1979","1735638","700",
"505","2017","15004365","364",
"506","2013","656287","473",
"507","1999","57240697","329",
"508","2021","0","331",
"509","2008","50996971","507",
"510","2006","0","921",
"511","1992","18","133",
"512","2022","0","409",
"513","1985","108","275",
"514","2015","39113","551",
"515","1990","54606669","736",
"516","2023","201","721",
"517","2018","15239","63",
"518","2002","899","503",
"519","1980","767","378",
"520","2025","20737","426",
"521","2024","147106","994",
"522","2021","0","78",
"523","2010","634493","297",
"524","2005","546257","387",
"525","1983","56246","99",
"526","2018","683675","38",
"527","2021","0","166",
"528","1979","374004","102",
"529","2004","138395833","236",
"530","2002","18","342",
"531","2008","3","78",
"532","2022","6148","754",
"533","1974","0","933",
"534","2011","0","668",
"535","2015","968538","148",
"536","2013","634","138",
"537","1979","36585524","401",
"538","2023","313","979",
"539","2008","111636","175",
"540","2013","155224","302",
"541","2011","55061","617",
"542","1975","809826886","599",
"543","1978","37","910",
"544","1974","47","604",
"545","2013","0","737",
"546","2014","0","167",
"547","1990","17","623",
"548","2004","20","949",
"549","2012","0","370",
"550","1991","39","239",
"551","2016","108","334",
"552","1971","4026329","58",
"553","1982","286548","702",
"554","2018","55474","421",
"555","1974","7","187",
"556","1995","0","736",
"557","2021","9","696",
"558","2002","1791493","320",
"559","2011","49848","302",
"560","1986","29","216",
"561","2009","865","170",
"562","1970","6557","478",
"563","1984","0","904",
"564","1982","62403","416",
"565","2007","148929281","587",
"566","2008","797","725",
"567","1988","234414","453",
"568","2006","25","168",
"569","1993","4824","391",
"570","2022","65","80",
"571","1974","13961912","960",
"572","1998","11676","611",
"573","1983","42817525","35",
"574","2006","397","79",
"575","1981","65328667","272",
"576","2004","0","116",
"577","2000","5698672","31",
"578","1991","162866852","751",
"579","2004","439266304","825",
"580","1999","5661","605",
"581","1976","49801","350",
"582","1974","1540214","30",
"583","2022","60248","961",
"584","1978","112446","105",
"585","1998","32453355","82",
"586","1975","1701926","627",
"587","1987","77896","936",
"588","1978","0","286",
"589","1973","26199039","597",
"590","2000","475422","795",
"591","1998","688","892",
"592","2022","79","736",
"593","1978","3702","446",
"594","1989","822338","821",
"595","2017","51","200",
"596","1995","0","220",
"597","2006","1877","986",
"598","2021","23","977",
"599","2012","10346524","8",
"600","2019","141149","616",
"601","2008","25675","875",
"602","1992","33117009","672",
"603","2019","309","795",
"604","1973","4","347",
"605","1987","778117230","762",
"606","1985","616570","44",
"607","2016","469456322","645",
"608","2001","10","439",
"609","2022","307812","322",
"610","1988","4224698","963",
"611","2009","2085","206",
"612","2013","2181364","557",
"613","1992","22569","313",
"614","2011","387","636",
"615","2025","1153","31",
"616","2021","216423","186",
"617","2014","330","58",
"618","2022","300417009","449",
"619","2001","16","493",
"620","1978","221833","289",
"621","1978","3240301","957",
"622","1994","4243883","334",
"623","2001","6834378","623",
"624","2014","9","129",
"625","2002","376668","22",
"626","1971","0","68",
"627","1982","1","236",
"628","1974","4","851",
"629","1998","11","933",
"630","1989","1","133",
"631","1978","273","570",
"632","1973","7807","812",
"633","2004","2","878",
"634","2010","88734513","611",
"635","2001","4733944","942",
"636","1973","39","581",
"637","1989","0","531",
"638","1978","136","500",
"639","2000","0","943",
"640","2025","54821","65",
"641","2015","1","899",
"642","2004","0","234",
"643","2025","5348354","80",
"644","2008","0","888",
"645","2005","700951371","966",
"646","1994","0","386",
"647","2013","9","649",
"648","2012","31299659","565",
"649","2002","27563280","32",
"650","1988","4","547",
"651","1975","395","596",
"652","2004","2960789","349",
"653","2012","155","22",
"654","1982","72912","66",
"655","1996","52732768","947",
"656","2024","0","298",
"657","1976","28","143",
"658","1989","0","869",
"659","2022","0","472",
"660","2019","1620933","540",
"661","2013","0","545",
"662","2011","408","193",
"663","2005","478","139",
"664","1994","2","37",
"665","1995","17935","869",
"666","2003","212979383","649",
"667","1984","5627623","34",
"668","2014","4178401","773",
"669","2013","4145905","628",
"670","1987","4","750",
"671","1996","0","641",
"672","1982","379","985",
"673","2013","0","339",
"674","2002","64","415",
"675","1987","1","157",
"676","1980","319112","920",
"677","1982","24773591","426",
"678","2002","97262","922",
"679","2020","4249","927",
"680","2002","0","458",
"681","1977","8","438",
"682","2016","999","45",
"683","1996","212667","471",
"684","1989","194","761",
"685","2000","812133657","229",
"686","1976","0","950",
"687","2015","0","205",
"688","2021","467226102","923",
"689","1983","0","731",
"690","1998","1","442",
"691","2023","243175","58",
"692","1988","34431","748",
"693","1978","1799","237",
"694","1990","1522","282",
"695","1991","367913","141",
"696","2017","4156228","205",
"697","1977","76","585",
"698","1993","2087","654",
"699","1992","46998","680",
"700","1999","76576","462",
"701","2006","35","750",
"702","2017","4","62",
"703","1980","3985514","924",
"704","2018","2299","117",
"705","2019","4","259",
"706","1986","2815","670",
"707","2011","0","833",
"708","1971","4","797",
"709","1984","379531","91",
"710","2009","1499","179",
"711","2015","58888241","969",
"712","1998","2369","668",
"713","1970","7194110","400",
"714","2014","0","272",
"715","1973","475982961","607",
"716","1997","0","107",
"717","1977","412251320","874",
"718","2007","39958320","124",
"719","2011","6110","378",
"720","1999","314828","841",
"721","2006","11630622","882",
"722","1977","1156","837",
"723","1985","0","810",
"724","2023","0","95",
"725","2020","597717694","166",
"726","1997","7026200","783",
"727","1988","168224","595",
"728","2023","152","969",
"729","1989","0","47",
"730","2001","3613217","588",
"731","1992","321","340",
"732","1972","1","814",
"733","1986","241","967",
"734","1976","4","195",
"735","1994","134","557",
"736","2025","940702","230",
"737","2000","1949759","391",
"738","1975","4256","4",
"739","1981","18761","71",
"740","1975","10767","368",
"741","1982","832961","27",
"742","2024","64959876","326",
"743","2019","185190937","573",
"744","2014","87226","393",
"745","1982","1832","245",
"746","1985","110","454",
"747","2022","1993862","261",
"748","2009","1216654","281",
"749","1973","657","282",
"750","2003","0","56",
"751","1990","2","275",
"752","1999","0","395",
"753","1997","1652","261",
"754","2000","89","347",
"755","1994","6088","429",
"756","1993","242528060","317",
"757","2020","6389","702",
"758","1999","17872","882",
"759","2022","0","304",
"760","1984","28","506",
"761","2011","4","643",
"762","1985","8595698","900",
"763","1976","11394","918",
"764","2018","0","907",
"765","2013","6382","480",
"766","1978","165","378",
"767","1985","2419809","842",
"768","2007","4813","934",
"769","2012","65","659",
"770","1971","550533","612",
"771","1978","39445","144",
"772","1987","27216255","674",
"773","1979","152227","960",
"774","2014","17","7",
"775","1992","11157","15",
"776","2021","427","820",
"777","2016","125588","783",
"778","1992","394838845","579",
"779","1993","628284","467",
"780","2016","0","237",
"781","2001","41746","853",
"782","1971","79219199","676",
"783","1976","589196","597",
"784","1987","244315667","66",
"785","2025","0","278",
"786","2014","278773","535",
"787","2013","26571021","719",
"788","1979","6","437",
"789","1990","619640289","573",
"790","2002","0","115",
"791","1987","43","117",
"792","1985","176992","503",
"793","1977","392218454","146",
"794","1978","171059","183",
"795","2008","98083","474",
"796","1982","110126","639",
"797","1981","405","151",
"798","2020","310654","32",
"799","1989","35368","611",
"800","2025","235065621","289",
"801","1977","955468084","393",
"802","1972","0","883",
"803","1990","1","371",
"804","2024","38227","52",
"805","1996","2790","550",
"806","2020","52","558",
"807","1982","13613","674",
"808","1995","0","567",
"809","1978","13402956","596",
"810","2007","440718324","361",
"811","1996","78421015","635",
"812","1970","32","543",
"813","2006","8","852",
"814","2014","0","134",
"815","2012","518876","895",
"816","1981","0","804",
"817","2021","23","292",
"818","1991","430962","545",
"819","1972","79","798",
"820","2012","6740","163",
"821","1984","496","316",
"822","2024","790","226",
"823","2024","3","484",
"824","1997","12","15",
"825","2019","543924","905",
"826","2000","76","498",
"827","1993","983380","252",
"828","2011","546","607",
"829","1999","0","569",
"830","2001","45547","408",
"831","1990","26397943","150",
"832","1989","1193633","835",
"833","1990","3474909","247",
"834","2009","13081","231",
"835","2018","524","843",
"836","1999","216942","123",
"837","1976","10366356","287",
"838","1984","6","392",
"839","1974","420251","752",
"840","1975","261784","917",
"841","1997","71","934",
"842","1992","5836738","539",
"843","2013","1512927","844",
"844","1989","17807424","816",
"845","2003","336","912",
"846","1994","21","456",
"847","2017","2","471",
"848","1973","389","242",
"849","2017","0","901",
"850","1976","682","732",
"851","2013","2484629","255",
"852","1997","6639","729",
"853","2021","26","857",
"854","1980","29652","421",
"855","2023","1342","346",
"856","1980","0","174",
"857","1973","10","180",
"858","2019","0","116",
"859","1970","248","428",
"860","2012","1939","469",
"861","1987","0","410",
"862","1995","314","389",
"863","1998","72","170",
"864","2013","0","947",
"865","1984","4","267",
"866","1979","0","686",
"867","1985","123743389","624",
"868","2004","17454188","926",
"869","1983","0","234",
"870","2003","24103934","435",
"871","1976","7454173","736",
"872","1999","2722375","685",
"873","1973","3901628","979",
"874","1998","0","206",
"875","2010","2929243","579",
"876","1986","0","597",
"877","2004","4257891","274",
"878","2021","7855","820",
"879","2010","33467","861",
"880","1995","38","716",
"881","2010","16511","226",
"882","1973","77","212",
"883","2000","34","958",
"884","2012","4326","365",
"885","2011","287265213","391",
"886","1986","286131933","197",
"887","1979","116556","292",
"888","1978","129","538",
"889","1994","44530830","166",
"890","1998","0","199",
"891","1976","930488","912",
"892","1989","433065620","952",
"893","1993","42709929","504",
"894","2021","672","754",
"895","1996","1","683",
"896","1983","1","558",
"897","2012","384146","265",
"898","1988","0","106",
"899","2019","3","66",
"900","2011","3","714",
"901","1988","3237147","484",
"902","2021","698381493","894",
"903","1974","140793","551",
"904","2016","17504175","134",
"905","1994","59","392",
"906","2004","67686","404",
"907","1973","1213243","588",
"908","1991","6","983",
"909","2009","160984895","177",
"910","2012","108","135",
"911","1981","3980965","890",
"912","2013","87","552",
"913","2003","4378194","464",
"914","1986","40663","496",
"915","1996","0","81",
"916","1986","0","951",
"917","2017","56476","254",
"918","1976","1174","500",
"919","2016","658","900",
"920","1998","34","183",
"921","1991","362","236",
"922","1998","11071","883",
"923","2024","2","467",
"924","1982","1031631","605",
"925","1976","431","361",
"926","1977","3","392",
"927","2020","14","823",
"928","2003","7452847","243",
"929","1975","197006396","825",
"930","1993","254943691","431",
"931","1976","42","95",
"932","1983","6395602","944",
"933","1994","4547","677",
"934","2002","503674","755",
"935","1993","206038180","114",
"936","2011","36","57",
"937","2025","28243888","893",
"938","1989","103119566","988",
"939","2008","239","466",
"940","2007","250751527","765",
"941","1982","314","737",
"942","2024","2218","881",
"943","1995","384025","481",
"944","1995","2478","544",
"945","2017","45073019","862",
"946","1985","29859014","101",
"947","1976","172550","224",
"948","2018","97","350",
"949","1982","18","284",
"950","2021","262","391",
"951","2015","227805","617",
"952","2020","71020083","995",
"953","2024","1757573","711",
"954","1996","43","705",
"955","1989","4","365",
"956","1977","119","751",
"957","2011","0","597",
"958","1989","4","340",
"959","2007","1530","978",
"960","2005","10430835","182",
"961","2013","3020927","792",
"962","1972","6255","287",
"963","1984","1901229","926",
"964","1977","352","774",
"965","1977","62885741","713",
"966","1981","66","920",
"967","2001","2836","636",
"968","2000","19142","146",
"969","1975","0","855",
"970","1998","2","392",
"971","2006","48","317",
"972","1993","5440","726",
"973","1980","0","858",
"974","2008","24","451",
"975","2001","490","25",
"976","2009","2739791","690",
"977","1977","3908944","868",
"978","1972","6","680",
"979","1993","17612","643",
"980","2003","393742","85",
"981","1990","5298","856",
"982","2013","0","969",
"983","2020","304384","137",
"984","1981","248631","44",
"985","1976","2","138",
"986","2007","52015275","381",
"987","2020","18","830",
"988","2008","0","587",
"989","2018","0","255",
"990","2006","334183457","635",
"991","2021","94624524","295",
"992","1974","0","435",
"993","2002","2174","3",
"994","1991","7","868",
"995","1974","114375","910",
"996","2009","114936","840",
"997","1975","45","658",
"998","2002","0","89",
"999","1987","2619","278",
"1000","2008","29","415",
"1001","1988","634576","664",
"1002","2023","104533042","962",
"1003","1977","92949","10",
"1004","2019","383158705","386",
"1005","2012","187216","482",
"1006","1984","132210724","687",
"1007","1997","221226492","536",
"1008","1997","0","869",
"1009","2014","556","809",
"1010","1980","45612","762",
"1011","2000","36792608","237",
"1012","2025","2","926",
"1013","2015","302","732",
"1014","1972","533674","825",
"1015","2007","0","499",
"1016","1990","6489848","181",
"1017","2014","4815","402",
"1018","2014","228519","548",
"1019","2002","4426159","613",
"1020","1977","17418","649",
"1021","1988","299639100","49",
"1022","2012","449170","594",
"1023","2003","23","573",
"1024","1985","0","230",
"1025","1975","62","891",
"1026","1981","0","528",
"1027","1991","8104","164",
"1028","1996","83517","106",
"1029","2002","3","149",
"1030","2014","4200750","66",
"1031","1984","4536108","390",
"1032","2007","5746303","58",
"1033","2018","317851","295",
"1034","1980","871106","836",
"1035","2008","483341","770",
"1036","2010","358136423","564",
"1037","2012","0","216",
"1038","2002","3","401",
"1039","2024","90","808",
"1040","2025","152","102",
"1041","2024","26392689","140",
"1042","2019","2011589","449",
"1043","1992","1168","585",
"1044","2001","3","533",
"1045","2022","3695312","243",
"1046","1994","73597263","301",
"1047","2023","5329","701",
"1048","1985","1","185",
"1049","2001","821","168",
"1050","1974","0","742",
"1051","1998","6458846","911",
"1052","1999","79055","466",
"1053","1989","4454","172",
"1054","1989","38226","231",
"1055","1975","0","18",
"1056","1998","21891","928",
"1057","1996","0","969",
"1058","1971","0","851",
"1059","1992","506976133","312",
"1060","1971","0","74",
"1061","1993","12868215","237",
"1062","1984","2","200",
"1063","1985","427804487","885",
"1064","2006","3","672",
"1065","2022","49","916",
"1066","1982","32","313",
"1067","1987","43","703",
"1068","2019","481410","200",
"1069","1972","7038","195",
"1070","2003","0","52",
"1071","2001","5519","510",
"1072","2004","6953","483",
"1073","1991","8975641","876",
"1074","2007","8084","205",
"1075","2025","142452004","47",
"1076","1992","4","844",
"1077","2003","57714","240",
"1078","1987","46","604",
"1079","1993","70347","59",
"1080","2009","191745697","115",
"1081","2018","2217320","141",
"1082","2012","421555","2",
"1083","1995","238694","739",
"1084","1999","565742373","0",
"1085","1996","470","945",
"1086","1986","34251","370",
"1087","2020","9674478","642",
"1088","2001","0","196",
"1089","1980","9206","33",
"1090","1977","19524030","487",
"1091","1981","572257417","629",
"1092","1981","0","659",
"1093","1999","265032","800",
"1094","2000","3670","22",
"1095","2023","15063","237",
"1096","2002","196873","187",
"1097","1991","15","715",
"1098","1984","0","388",
"1099","1978","0","709",
"1100","1980","0","114",
"1101","1996","22835","994",
"1102","2018","17852","725",
"1103","1974","39373833","296",
"1104","2001","25364","903",
"1105","2020","570590098","256",
"1106","1975","142619","113",
"1107","1982","231734","289",
"1108","1974","570","262",
"1109","1974","25","30",
"1110","2014","18","724",
"1111","2011","278","408",
"1112","2022","61385","299",
"1113","1992","75","41",
"1114","2001","20234391","65",
"1115","1998","9","277",
"1116","2000","192","871",
"1117","1984","0","515",
"1118","2000","7888724","907",
"1119","1972","220","430",
"1120","2003","580","123",
"1121","1995","118","456",
"1122","1980","27","641",
"1123","1978","0","815",
"1124","2015","263173287","832",
"1125","1992","10915244","458",
"1126","1999","198322786","365",
"1127","2005","1694","17",
"1128","1972","515446967","157",
"1129","2011","76","178",
"1130","2000","13339897","953",
"1131","1995","0","202",
"1132","1973","19111","876",
"1133","2020","1020","138",
"1134","2014","5","69",
"1135","1983","36196","153",
"1136","1992","3","674",
"1137","2011","4","551",
"1138","1993","1625","165",
"1139","1976","34756","744",
"1140","1994","347420","78",
"1141","1999","6711","238",
"1142","1996","71413","876",
"1143","1985","54372","115",
"1144","1972","1","553",
"1145","2009","206","978",
"1146","1984","162","381",
"1147","1994","311885","834",
"1148","2007","3596468","846",
"1149","2005","0","990",
"1150","1990","1","829",
"1151","1991","566","899",
"1152","1996","165164937","800",
"1153","2015","7811","623",
"1154","1977","675267","433",
"1155","2001","56797988","465",
"1156","1988","167","458",
"1157","2012","5433014","159",
"1158","2021","0","29",
"1159","2011","119493","514",
"1160","2011","1","965",
"1161","1995","0","10",
"1162","2023","0","99",
"1163","2015","2","812",
"1164","2001","597668","234",
"1165","2023","15089292","932",
"1166","1993","57921757","608",
"1167","2016","4746014","398",
"1168","1986","72","893",
"1169","2002","1","896",
"1170","2007","324","521",
"1171","2000","137813904","82",
"1172","2011","21","30",
"1173","1974","265","494",
"1174","2000","6976","794",
"1175","2010","2","569",
"1176","1983","31","488",
"1177","1981","3","837",
"1178","1981","1600","996",
"1179","1978","336","922",
"1180","1988","1635286","255",
"1181","2011","0","56",
"1182","1989","0","673",
"1183","2020","15329400","394",
"1184","1995","133093","280",
"1185","1975","47452","567",
"1186","1997","59345134","193",
"1187","1992","18173369","492",
"1188","1996","25916","489",
"1189","1972","25809","923",
"1190","2012","12459982","782",
"1191","2024","515958898","409",
"1192","1972","1","948",
"1193","2000","39","206",
"1194","2005","1829179","318",
"1195","1980","101469","483",
"1196","1998","531147","645",
"1197","2008","58189","444",
"1198","2018","0","206",
"1199","2009","441369","445",
"1200","1998","0","382",
"1201","1992","236661","519",
"1202","1989","488","339",
"1203","2012","116","545",
"1204","1974","0","900",
"1205","2012","0","291",
"1206","2019","9","726",
"1207","1986","325032","801",
"1208","2018","135479697","100",
"1209","1981","20","389",
"1210","2016","11527","249",
"1211","1978","38","948",
"1212","2005","14798","620",
"1213","1974","6819532","319",
"1214","1985","494","21",
"1215","1970","5","177",
"1216","1986","2","684",
"1217","2017","820092782","836",
"1218","2013","3332457","392",
"1219","1972","81727","829",
"1220","2009","370","499",
"1221","1995","46","391",
"1222","1980","107","561",
"1223","1979","3987676","564",
"1224","2012","0","978",
"1225","2022","39","510",
"1226","1999","381","225",
"1227","2022","0","182",
"1228","1995","154029","703",
"1229","2005","1117397","812",
"1230","2021","521","909",
"1231","1971","14855","685",
"1232","1977","0","24",
"1233","2023","596206","739",
"1234","1987","35","612",
"1235","1998","29","580",
"1236","1988","0","612",
"1237","1977","369","511",
"1238","2024","8","554",
"1239","2002","65116","595",
"1240","2025","0","15",
"1241","1985","461","617",
"1242","1982","0","939",
"1243","1979","229930","833",
"1244","2017","8","21",
"1245","2014","3502","945",
"1246","2016","837078","998",
"1247","1984","2524","869",
"1248","1993","17698835","781",
"1249","1985","5960","593",
"1250","2012","942231","241",
"1251","1992","0","618",
"1252","2006","87","619",
"1253","1996","827245","212",
"1254","1984","257","905",
"1255","2007","43","495",
"1256","2003","5367","415",
"1257","2022","564890","968",
"1258","2010","1","467",
"1259","1971","233","271",
"1260","2012","127","9",
"1261","1980","10","851",
"1262","1975","10","66",
"1263","2004","948918","607",
"1264","2010","1","12",
"1265","1981","78941","340",
"1266","1982","1","207",
"1267","1973","33673","57",
"1268","2006","20779194","268",
"1269","2023","5","353",
"1270","1992","2","854",
"1271","2009","42164685","415",
"1272","1984","204665","700",
"1273","1986","4705760","489",
"1274","1972","336223696","351",
"1275","2022","529953","707",
"1276","1999","50170635","728",
"1277","2014","0","816",
"1278","1999","4164","373",
"1279","2015","4746102","788",
"1280","2005","3","963",
"1281","2000","24917532","547",
"1282","1993","167019","306",
"1283","1999","3","306",
"1284","1993","0","883",
"1285","2010","0","930",
"1286","1986","428497","820",
"1287","2013","4","603",
"1288","1976","217521","613",
"1289","2004","215697","766",
"1290","1993","420442","698",
"1291","1973","21544744","905",
"1292","2003","8","268",
"1293","2009","1","568",
"1294","2001","0","851",
"1295","1983","18","837",
"1296","1991","1026988","423",
"1297","1977","114674796","813",
"1298","2003","0","989",
"1299","1997","14","473",
"1300","2020","76947181","762",
"1301","1979","72492699","861",
"1302","1979","357","421",
"1303","1994","56917204","358",
"1304","2011","15492","204",
"1305","2007","189437","625",
"1306","1990","98","92",
"1307","1979","22032040","390",
"1308","2000","6252","82",
"1309","1974","418","773",
"1310","1977","60","425",
"1311","1997","1","416",
"1312","2002","0","796",
"1313","2024","363","166",
"1314","1987","1788","693",
"1315","1993","323151","846",
"1316","1994","278995115","724",
"1317","1998","2622419","88",
"1318","1985","727318","507",
"1319","2002","16","309",
"1320","2004","9461372","110",
"1321","2006","0","267",
"1322","1972","261","583",
"1323","2012","309208","444",
"1324","2006","46754","803",
"1325","2017","165","925",
"1326","2005","8760","191",
"1327","2022","57","149",
"1328","1996","357","524",
"1329","1996","0","37",
"1330","1989","2267671","587",
"1331","1987","5","882",
"1332","2015","31760","733",
"1333","1984","20468522","49",
"1334","1996","452","860",
"1335","1995","22","753",
"1336","2018","131607425","359",
"1337","1979","551","599",
"1338","2022","0","206",
"1339","2011","9387","189",
"1340","1978","8875","303",
"1341","2020","538576","735",
"1342","1995","571","258",
"1343","2006","680","193",
"1344","1987","23096","2",
"1345","1998","14318","279",
"1346","2023","31115444","982",
"1347","2005","6311481","334",
"1348","1972","18","493",
"1349","1982","25","680",
"1350","2010","50","436",
"1351","2016","6333","803",
"1352","1991","162695","792",
"1353","1995","551851983","606",
"1354","1970","1","230",
"1355","2010","33566","584",
"1356","1989","0","546",
"1357","2021","44","348",
"1358","1984","172","89",
"1359","2006","356533983","621",
"1360","1971","815","660",
"1361","1978","154","154",
"1362","1979","20092881","968",
"1363","2018","1216","703",
"1364","1971","132","364",
"1365","1999","1749906","592",
"1366","1995","11651104","832",
"1367","2013","3","326",
"1368","1989","49","600",
"1369","1971","79117301","531",
"1370","2005","3639887","63",
"1371","1970","910228","13",
"1372","2021","93216218","473",
"1373","1986","3","415",
"1374","2003","0","971",
"1375","1993","255019","752",
"1376","2018","0","512",
"1377","1998","344758","496",
"1378","1971","52307899","432",
"1379","2025","1","193",
"1380","2000","608682","877",
"1381","2011","2335","896",
"1382","1972","138420","242",
"1383","1995","336","667",
"1384","2019","15047","911",
"1385","1976","2","58",
"1386","1982","39","406",
"1387","1997","0","657",
"1388","2008","246","102",
"1389","1976","45","136",
"1390","1998","1","507",
"1391","2008","1036","783",
"1392","2025","787501653","641",
"1393","1998","139","869",
"1394","1996","41169","674",
"1395","2012","30","592",
"1396","2024","4085","676",
"1397","1971","4112916","355",
"1398","1995","1768","262",
"1399","1971","0","850",
"1400","2000","38160","745",
"1401","2009","0","789",
"1402","2007","1344","401",
"1403","1997","541980618","714",
"1404","2012","1","543",
"1405","2006","10936","501",
"1406","1974","276","244",
"1407","2014","403184536","663",
"1408","1972","555939","88",
"1409","2008","43","282",
"1410","1976","11","94",
"1411","2009","404968","124",
"1412","1982","0","943",
"1413","1992","2","47",
"1414","1986","79909","96",
"1415","1992","1764617","568",
"1416","2019","4","993",
"1417","2012","2","805",
"1418","2024","157247","818",
"1419","2013","2839","822",
"1420","1978","2","512",
"1421","1972","3","645",
"1422","1973","231","313",
"1423","2003","87","138",
"1424","1975","178345112","96",
"1425","2024","407320","232",
"1426","2004","0","748",
"1427","2018","5564582","220",
"1428","1981","4","203",
"1429","2007","196","390",
"1430","2023","2","952",
"1431","2008","520600218","978",
"1432","1987","199459","90",
"1433","2001","14054494","891",
"1434","1997","154014750","342",
"1435","2001","51","871",
"1436","1993","14","674",
"1437","1994","36737","829",
"1438","1984","2566794","895",
"1439","1975","2288710","436",
"1440","2013","99123","938",
"1441","1992","74742831","888",
"1442","1975","4702743","109",
"1443","2001","26","631",
"1444","2021","70207","754",
"1445","1982","512","74",
"1446","1987","9","574",
"1447","1997","1","449",
"1448","1996","61","449",
"1449","1982","3","689",
"1450","1981","60","20",
"1451","2022","4841","911",
"1452","1974","3825","345",
"1453","1987","1195691","607",
"1454","1990","1720","393",
"1455","1974","73","263",
"1456","1976","263","447",
"1457","1974","4639","759",
"1458","2018","27563979","419",
"1459","1995","1","253",
"1460","1991","0","780",
"1461","1980","1","229",
"1462","2013","2002","873",
"1463","1990","0","268",
"1464","1972","1983180","267",
"1465","1983","25400","449",
"1466","1998","1512546","63",
"1467","1992","222369","968",
"1468","2009","0","664",
"1469","2020","0","908",
"1470","2024","177290098","563",
"1471","1996","11871989","728",
"1472","1980","6","866",
"1473","1973","0","288",
"1474","1988","96","760",
"1475","2013","137316683","495",
"1476","1993","487573","506",
"1477","1979","31","20",
"1478","1998","5002","15",
"1479","2001","42848539","169",
"1480","2014","2","898",
"1481","2023","3","698",
"1482","2011","3937096","229",
"1483","2023","11473106","99",
"1484","1994","44894","533",
"1485","2007","36736","343",
"1486","2008","211514715","62",
"1487","2008","17394469","396",
"1488","2004","1","169",
"1489","2017","65662","935",
"1490","1976","214796","660",
"1491","2000","18775","617",
"1492","1995","3490704","520",
"1493","1977","2","1",
"1494","1993","407094","523",
"1495","1971","362871","387",
"1496","2017","8587143","788",
"1497","1987","8","152",
"1498","1992","19","599",
"1499","1994","4","490",
"1500","1985","267607838","353",
"1501","2000","0","957",
"1502","2006","0","332",
"1503","2010","10326","829",
"1504","2003","401577","813",
"1505","1997","3317","626",
"1506","2012","218978","228",
"1507","2018","0","487",
"1508","1987","13","267",
"1509","1995","37026240","5",
"1510","1992","730129","52",
"1511","2010","0","681",
"1512","2005","97393","274",
"1513","2014","3074","521",
"1514","2020","2976","163",
"1515","2018","5977870","430",
"1516","2005","5393235","723",
"1517","2016","978385","283",
"1518","2007","96","662",
"1519","2020","2223472","790",
"1520","2002","1150","90",
"1521","2004","0","434",
"1522","1980","17","169",
"1523","1979","18869","969",
"1524","2019","5","763",
"1525","1980","21","123",
"1526","2017","54813197","154",
"1527","1999","1637","260",
"1528","2016","50990104","6",
"1529","1987","137813","855",
"1530","2015","78","227",
"1531","1999","16058963","224",
"1532","1984","0","55",
"1533","2005","496","65",
"1534","1979","2695322","108",
"1535","2012","29667","147",
"1536","2000","3588377","521",
"1537","1994","0","653",
"1538","1994","2082321","914",
"1539","2010","129772","281",
"1540","2000","5","482",
"1541","2019","245158","171",
"1542","2019","5283","84",
"1543","2011","2918","333",
"1544","1985","1911","404",
"1545","1972","55361","880",
"1546","1977","73183","208",
"1547","1979","0","371",
"1548","2016","0","702",
"1549","2012","0","497",
"1550","1991","0","671",
"1551","1983","739554","456",
"1552","1979","2","422",
"1553","2014","263","191",
"1554","1970","16725","116",
"1555","1972","25914909","821",
"1556","2004","1","824",
"1557","2017","0","34",
"1558","1989","244611","237",
"1559","2021","25060","872",
"1560","2021","0","29",
"1561","1982","19184726","109",
"1562","2014","10","655",
"1563","2021","42800","944",
"1564","2016","0","649",
"1565","2023","216035549","402",
"1566","1997","734164","790",
"1567","2020","384713236","860",
"1568","2022","50626","928",
"1569","2013","34487","543",
"1570","1971","794724","97",
"1571","2010","34850625","353",
"1572","2020","0","735",
"1573","1995","41","697",
"1574","1972","41732184","963",
"1575","2025","91111","435",
"1576","2010","1576","347",
"1577","1975","0","908",
"1578","2024","398045","144",
"1579","1990","66935","216",
"1580","1999","161520","427",
"1581","1992","0","794",
"1582","2008","0","756",
"1583","1978","11961","392",
"1584","1999","336","896",
"1585","1972","488307","795",
"1586","2011","1","735",
"1587","1973","0","896",
"1588","2023","520219","902",
"1589","1975","24","774",
"1590","2022","31","837",
"1591","1970","208","520",
"1592","2002","686035","988",
"1593","2017","519","221",
"1594","1978","402","371",
"1595","2015","0","836",
"1596","2015","2","282",
"1597","1986","850147629","157",
"1598","2001","7755016","176",
"1599","2016","51","406",
"1600","1992","414","870",
"1601","2023","1281305","666",
"1602","2023","0","299",
"1603","1992","5539257","220",
"1604","2005","8246","288",
"1605","2004","192","478",
"1606","1984","18277","237",
"1607","1973","20226","354",
"1608","2003","27329564","869",
"1609","2010","154","999",
"1610","2024","547","738",
"1611","1976","352494","77",
"1612","1979","709012889","839",
"1613","2007","2054784","412",
"1614","2000","0","368",
"1615","2014","465720","936",
"1616","2016","138","217",
"1617","1987","32437416","0",
"1618","1995","3","669",
"1619","2004","104837341","99",
"1620","2009","395","418",
"1621","1981","8","584",
"1622","2024","395","497",
"1623","2015","476","707",
"1624","1972","0","572",
"1625","2002","121935658","592",
"1626","2007","1","783",
"1627","2003","41","915",
"1628","1973","77910","113",
"1629","1994","2","272",
"1630","2008","326","207",
"1631","1985","3","921",
"1632","1975","2525325","643",
"1633","1987","2385","188",
"1634","2025","12160","127",
"1635","1977","1","430",
"1636","2000","0","719",
"1637","1976","0","971",
"1638","1993","49458066","822",
"1639","1975","43319","635",
"1640","1999","40665766","106",
"1641","2012","130","102",
"1642","2016","1458786","87",
"1643","1970","22947428","122",
"1644","2009","510","711",
"1645","1975","0","730",
"1646","1979","1800","479",
"1647","2014","84925","266",
"1648","1977","0","496",
"1649","1982","36110","63",
"1650","1980","500772","822",
"1651","1999","166","166",
"1652","1977","647","305",
"1653","1998","11622","435",
"1654","1993","40590","856",
"1655","2020","59921","25",
"1656","2024","316035","18",
"1657","2010","16873","738",
"1658","1976","22438","455",
"1659","2003","171","44",
"1660","2017","639","358",
"1661","1992","76672668","873",
"1662","2001","47","414",
"1663","1987","0","754",
"1664","2004","138326","904",
"1665","1971","384142","987",
"1666","2008","39717","53",
"1667","1985","194","869",
"1668","1975","9921","216",
"1669","1977","38576575","734",
"1670","1989","19973912","755",
"1671","1973","8641878","590",
"1672","1971","30574","861",
"1673","2021","36815000","748",
"1674","2008","258332","942",
"1675","2021","5134","751",
"1676","1997","0","496",
"1677","1977","928","426",
"1678","2022","421","897",
"1679","2024","2988237","507",
"1680","1986","36884640","415",
"1681","1976","144","609",
"1682","1995","350513973","18",
"1683","2014","3443","836",
"1684","2000","0","665",
"1685","1988","132","992",
"1686","2008","99","820",
"1687","2023","4484","70",
"1688","1981","1","889",
"1689","2024","64047857","683",
"1690","2019","78","377",
"1691","2023","2534286","494",
"1692","2004","10","145",
"1693","1993","69","929",
"1694","1978","42","222",
"1695","1982","450239097","225",
"1696","2017","17713486","658",
"1697","2003","8845","444",
"1698","2015","23","517",
"1699","2007","395","495",
"1700","1986","272","458",
"1701","1985","155","777",
"1702","2018","0","337",
"1703","1987","3617390","281",
"1704","1990","302","337",
"1705","1995","177","957",
"1706","2005","1043","843",
"1707","2003","212","415",
"1708","2009","476","188",
"1709","1983","32956","680",
"1710","1972","0","814",
"1711","2009","50530358","769",
"1712","1970","20707225","488",
"1713","1993","1","688",
"1714","1998","262623933","911",
"1715","1970","79","787",
"1716","1990","113333","146",
"1717","2006","1007","665",
"1718","2024","18095266","493",
"1719","1970","42576656","638",
"1720","2017","732534","89",
"1721","1991","30142136","235",
"1722","1982","1092","78",
"1723","1999","0","86",
"1724","1992","9343","660",
"1725","1976","32","886",
"1726","2000","202567","330",
"1727","1982","9646330","394",
"1728","1973","74","694",
"1729","2012","1977035","673",
"1730","2008","10","17",
"1731","2014","40","401",
"1732","2000","0","241",
"1733","1980","120","971",
"1734","1987","42","144",
"1735","1978","444","384",
"1736","2012","1025323","509",
"1737","2012","48","75",
"1738","1995","192","379",
"1739","2009","3","48",
"1740","1983","389044","172",
"1741","1975","4","951",
"1742","2000","4442","307",
"1743","1987","0","920",
"1744","1997","2","686",
"1745","2022","2665","251",
"1746","2000","8","80",
"1747","2013","984681","627",
"1748","2003","518773","821",
"1749","2025","285026175","515",
"1750","1990","1793555","256",
"1751","1989","978149","719",
"1752","2015","19","633",
"1753","1983","256","377",
"1754","2024","0","979",
"1755","1975","2838118","843",
"1756","1989","49","174",
"1757","2002","369871","16",
"1758","1975","1911","277",
"1759","1989","0","985",
"1760","1973","485404","514",
"1761","1987","2907","280",
"1762","1998","3","518",
"1763","2017","1707","797",
"1764","2017","7698","550",
"1765","2022","1675258","218",
"1766","1995","0","633",
"1767","2006","0","785",
"1768","2024","5578","739",
"1769","1983","145438362","944",
"1770","2020","2297609","526",
"1771","1995","2","451",
"1772","2022","828491610","845",
"1773","1988","3","962",
"1774","1995","368674589","141",
"1775","1986","21126","197",
"1776","2004","2213916","840",
"1777","1982","0","331",
"1778","1970","0","122",
"1779","1999","125360477","812",
"1780","1974","2","326",
"1781","1997","267671087","321",
"1782","1980","1","530",
"1783","1990","0","123",
"1784","1973","0","694",
"1785","2005","12159","656",
"1786","1995","36","201",
"1787","1982","87","753",
"1788","1982","2","118",
"1789","1975","20271","325",
"1790","2019","116840222","24",
"1791","1974","2634264","339",
"1792","2021","57123257","191",
"1793","1990","116295","729",
"1794","1987","452","948",
"1795","1991","32199799","49",
"1796","2007","47415","112",
"1797","1983","0","991",
"1798","1991","95427","954",
"1799","1993","76233943","666",
"1800","1972","0","155",
"1801","2005","4039996","674",
"1802","2008","210","835",
"1803","2020","746","78",
"1804","1999","3","687",
"1805","2020","149","840",
"1806","1995","224103","77",
"1807","2020","213110514","404",
"1808","2016","0","402",
"1809","2012","714","818",
"1810","2011","81","554",
"1811","2007","3271468","373",
"1812","2016","0","917",
"1813","1983","16267477","783",
"1814","1977","135680034","660",
"1815","2025","31208","898",
"1816","1993","39","109",
"1817","1993","2","176",
"1818","2014","1765","813",
"1819","2018","0","103",
"1820","2021","45859","76",
"1821","2000","225649","452",
"1822","2002","752956","800",
"1823","1986","1566778","192",
"1824","1996","1232408","964",
"1825","1999","15625","583",
"1826","2021","251640","960",
"1827","2018","0","2",
"1828","2018","353128408","160",
"1829","1978","1093","98",
"1830","1993","1315","311",
"1831","1974","6","32",
"1832","2019","12405","714",
"1833","2007","157524566","87",
"1834","2014","364722","937",
"1835","1989","0","948",
"1836","2000","127","91",
"1837","1975","3604868","914",
"1838","1996","16","70",
"1839","2019","21719","732",
"1840","1996","301","514",
"1841","2002","16866","145",
"1842","1982","84","448",
"1843","1988","19040","275",
"1844","1981","555","828",
"1845","2012","57","126",
"1846","2009","675","515",
"1847","2006","0","92",
"1848","1979","3946511","957",
"1849","2015","255047946","864",
"1850","2009","355","893",
"1851","1997","3","908",
"1852","2009","0","350",
"1853","1979","248","269",
"1854","1983","45594271","311",
"1855","2010","17092488","266",
"1856","2001","0","522",
"1857","2022","2377102","923",
"1858","1998","47011507","902",
"1859","1991","1","482",
"1860","1995","180569","511",
"1861","2018","6","870",
"1862","2003","46518970","562",
"1863","1977","3124","375",
"1864","1982","4897493","603",
"1865","2021","2878","461",
"1866","1985","1037816","562",
"1867","2010","503891","514",
"1868","2015","1297","714",
"1869","2022","1464","1",
"1870","2016","29003","203",
"1871","1974","730590","922",
"1872","1989","5","913",
"1873","2003","0","165",
"1874","1984","517814345","205",
"1875","2023","0","580",
"1876","1995","237619","833",
"1877","1981","1979390","744",
"1878","2016","177156","526",
"1879","1994","0","701",
"1880","1995","41895110","404",
"1881","2012","3694","460",
"1882","1995","63","542",
"1883","2017","59066831","182",
"1884","2025","475272490","611",
"1885","1976","19","174",
"1886","2007","228","87",
"1887","2014","6","322",
"1888","1980","0","17",
"1889","2013","258","144",
"1890","1973","13921","28",
"1891","1989","151978","983",
"1892","2021","28844","376",
"1893","2011","0","711",
"1894","1976","351169","465",
"1895","2012","2308890","498",
"1896","2024","3","776",
"1897","2001","1962","207",
"1898","2009","40006","85",
"1899","1996","0","923",
"1900","1994","51","439",
"1901","1981","3011362","803",
"1902","1973","3183","59",
"1903","1995","591840697","229",
"1904","2009","522644","707",
"1905","1973","5","81",
"1906","2008","293754877","18",
"1907","1998","2056","461",
"1908","1978","69863306","96",
"1909","2017","376344","218",
"1910","1979","0","716",
"1911","1991","472584","685",
"1912","2023","481077","619",
"1913","1992","48926428","647",
"1914","2010","62","343",
"1915","1996","13","151",
"1916","2001","404820","366",
"1917","2022","6968128","963",
"1918","2015","17","256",
"1919","2021","11103863","334",
"1920","1985","359644","896",
"1921","1999","470067785","256",
"1922","1988","53","18",
"1923","2004","41437","763",
"1924","1972","0","273",
"1925","1991","52165","152",
"1926","2005","57442813","722",
"1927","1987","9513498","866",
"1928","1992","74888","219",
"1929","2001","129810141","926",
"1930","1982","440","33",
"1931","1984","18","795",
"1932","2020","3","967",
"1933","2019","4820","713",
"1934","1983","28","608",
"1935","2006","207","582",
"1936","2018","4676","911",
"1937","1995","8365","745",
"1938","2010","0","492",
"1939","1976","118","798",
"1940","2024","87","630",
"1941","1996","0","766",
"1942","1995","8550","722",
"1943","2001","8","209",
"1944","1995","166564","532",
"1945","1995","190327","299",
"1946","1989","2719","289",
"1947","1990","15","20",
"1948","2003","6","160",
"1949","2021","9","694",
"1950","1993","5065","649",
"1951","1982","738","553",
"1952","2025","27606","833",
"1953","1984","535958","450",
"1954","2023","232386805","764",
"1955","2010","1","416",
"1956","2007","3583","742",
"1957","2003","0","525",
"1958","1995","0","122",
"1959","1970","13","349",
"1960","1983","448511","943",
"1961","1976","1","618",
"1962","1996","3534","777",
"1963","2006","89671462","279",
"1964","2013","14697846","799",
"1965","1972","3431","844",
"1966","1987","6567","306",
"1967","2012","406370","860",
"1968","2004","21250021","386",
"1969","2025","46031118","82",
"1970","1996","43580","136",
"1971","2011","97","934",
"1972","1983","5073365","227",
"1973","1985","46808595","536",
"1974","1989","1303","729",
"1975","2009","406551126","613",
"1976","2024","42","116",
"1977","2018","4","854",
"1978","1991","212","17",
"1979","2016","107025555","868",
"1980","2017","29236075","383",
"1981","1976","39540","793",
"1982","1988","1269","58",
"1983","2020","425","982",
"1984","2005","0","826",
"1985","2007","2","274",
"1986","1993","484337","504",
"1987","1993","0","973",
"1988","1999","97359876","700",
"1989","2001","0","49",
"1990","1979","554","835",
"1991","2014","317","850",
"1992","2013","25793352","191",
"1993","2010","9279","212",
"1994","2018","90188","934",
"1995","1976","2","780",
"1996","1992","2225","147",
"1997","2002","8939319","384",
"1998","1988","14406","8",
"1999","1997","61806","402",
"2000","2010","192","393",
"2001","1979","13396743","215",
"2002","1985","6516743","212",
"2003","2019","36557","903",
"2004","1971","2340129","914",
"2005","1986","309","706",
"2006","2003","31","596",
"2007","2000","16434333","236",
"2008","1982","7524","265",
"2009","1971","25","606",
"2010","2011","78","313",
"2011","2024","4","617",
"2012","2001","8","884",
"2013","1990","4311846","240",
"2014","1979","11347","268",
"2015","2025","3","205",
"2016","2019","443","667",
"2017","1993","196379","361",
"2018","2015","37","399",
"2019","2000","44246","350",
"2020","2011","331441","661",
"2021","1981","269742","698",
"2022","1987","269","205",
"2023","1982","0","274",
"2024","1974","38","11",
"2025","2025","9","106",
"2026","1982","121","77",
"2027","2018","68345","60",
"2028","2015","141015","496",
"2029","2021","96","289",
"2030","2005","378","128",
"2031","2001","41087155","786",
"2032","1989","83545927","866",
"2033","2008","2112","123",
"2034","2011","994","245",
"2035","2018","0","785",
"2036","2015","0","290",
"2037","2000","504747239","53",
"2038","2020","1212","13",
"2039","1989","175156","417",
"2040","2019","1","178",
"2041","2006","27527674","235",
"2042","2018","225633","56",
"2043","1984","1","241",
"2044","1971","30381","159",
"2045","1974","1","246",
"2046","1981","49842","403",
"2047","1975","3385","204",
"2048","1996","553599","970",
"2049","2025","380","944",
"2050","2014","30485718","666",
"2051","1971","0","609",
"2052","1992","6","755",
"2053","2000","661306993","930",
"2054","2002","0","311",
"2055","1997","10447473","846",
"2056","1973","0","897",
"2057","1986","504648","304",
"2058","1987","2","198",
"2059","2015","3","146",
"2060","2023","2","581",
"2061","2012","72072375","364",
"2062","2020","7","578",
"2063","2022","806596058","894",
"2064","1995","178","917",
"2065","2005","39203","437",
"2066","1973","363","213",
"2067","2009","8","911",
"2068","1999","620843","40",
"2069","2014","221983736","4",
"2070","1974","22422334","3",
"2071","1991","32","9",
"2072","1994","0","129",
"2073","1994","5246824","561",
"2074","1983","220","863",
"2075","2016","0","762",
"2076","1981","1","190",
"2077","2025","4251184","900",
"2078","1983","25","948",
"2079","1990","4555102","333",
"2080","2012","263680","924",
"2081","2009","451926","956",
"2082","2007","0","633",
"2083","1988","0","155",
"2084","2008","30511","760",
"2085","1973","0","492",
"2086","2006","1996433","556",
"2087","2008","0","609",
"2088","2003","638643","36",
"2089","1996","283737596","138",
"2090","1987","4092","921",
"2091","1984","240730420","440",
"2092","1976","13","911",
"2093","2014","38","513",
"2094","1974","1","220",
"2095","2019","2334185","810",
"2096","2003","11466","436",
"2097","1995","100605683","903",
"2098","1988","518439","497",
"2099","1974","1702","369",
"2100","2005","632336893","10",
"2101","1984","29553868","628",
"2102","2006","4","640",
"2103","1976","4092078","668",
"2104","2020","246","474",
"2105","1977","2","570",
"2106","1995","60483905","362",
"2107","1986","330095224","695",
"2108","2017","9695766","201",
"2109","2010","370600","892",
"2110","1972","375784","820",
"2111","2025","51","184",
"2112","1980","31","376",
"2113","1986","0","607",
"2114","1972","184503","519",
"2115","1995","1256162","964",
"2116","1978","72278922","968",
"2117","2003","0","961",
"2118","1999","573719","675",
"2119","2023","9","128",
"2120","1997","153773411","952",
"2121","1977","9805","565",
"2122","1970","8362","275",
"2123","1970","28627","995",
"2124","2001","2","258",
"2125","2020","1","588",
"2126","1971","27664373","73",
"2127","2017","16","113",
"2128","2020","2","710",
"2129","2013","408","601",
"2130","1995","0","288",
"2131","2001","0","150",
"2132","1971","34653107","294",
"2133","2004","78021","592",
"2134","2005","8007854","859",
"2135","2009","23","872",
"2136","2016","16798","489",
"2137","1983","26584","740",
"2138","2020","13995092","148",
"2139","1990","6","874",
"2140","2021","1416891","891",
"2141","1996","0","394",
"2142","1990","2","575",
"2143","1992","1549","670",
"2144","2025","2518","543",
"2145","1998","111232","815",
"2146","2006","41","537",
"2147","1976","0","595",
"2148","2008","0","639",
"2149","1980","14","398",
"2150","1980","920877","896",
"2151","1972","44070","394",
"2152","1975","17","65",
"2153","1983","0","107",
"2154","1977","65","543",
"2155","2022","229","937",
"2156","1973","6678","19",
"2157","1983","359","837",
"2158","2009","248176324","373",
"2159","2011","6","846",
"2160","2022","1590","487",
"2161","2003","0","956",
"2162","2013","15","508",
"2163","2020","0","285",
"2164","2009","0","580",
"2165","2004","0","169",
"2166","2006","314","978",
"2167","2013","1","128",
"2168","2021","6560159","711",
"2169","1990","250213","524",
"2170","1983","7782","52",
"2171","1977","700802","823",
"2172","2003","63515","503",
"2173","2021","300949415","772",
"2174","2000","4","636",
"2175","2024","7015559","633",
"2176","2022","3096","406",
"2177","1990","4818485","566",
"2178","2008","30660","989",
"2179","1975","0","644",
"2180","1990","4380067","311",
"2181","2001","3825987","731",
"2182","1992","2316","597",
"2183","1974","9095530","369",
"2184","1975","1","984",
"2185","2001","0","304",
"2186","2015","585942","595",
"2187","2024","81","516",
"2188","2011","137752","416",
"2189","1971","6175","214",
"2190","1973","28","724",
"2191","1995","111","648",
"2192","2009","206","392",
"2193","2005","13465458","120",
"2194","1991","28739","710",
"2195","2019","1421215","620",
"2196","2013","4","687",
"2197","1984","849246","875",
"2198","2019","542027732","523",
"2199","1971","3159585","540",
"2200","1972","22","839",
"2201","1984","1","721",
"2202","1999","3169","227",
"2203","1973","2415","137",
"2204","1981","52055","430",
"2205","1996","1","415",
"2206","1979","322","87",
"2207","1995","7641","979",
"2208","1985","2048","428",
"2209","2015","291","402",
"2210","2002","16925","428",
"2211","2009","49885510","608",
"2212","2016","44795","347",
"2213","1980","10055995","780",
"2214","1979","0","916",
"2215","1991","5587142","118",
"2216","1977","0","452",
"2217","1990","1","734",
"2218","2012","31","728",
"2219","2013","797182573","813",
"2220","2009","41","401",
"2221","2002","413189119","697",
"2222","1970","0","825",
"2223","2018","499711","118",
"2224","2025","2","383",
"2225","2012","283","831",
"2226","1998","43741694","87",
"2227","2011","10","862",
"2228","1985","0","811",
"2229","2003","28291","981",
"2230","2011","0","373",
"2231","2005","140777878","870",
"2232","1992","17065","177",
"2233","1991","8349","122",
"2234","1983","538446","560",
"2235","2025","986833","55",
"2236","1985","70420826","827",
"2237","2013","3606537","578",
"2238","2005","206","767",
"2239","2018","8050","601",
"2240","2011","2082","984",
"2241","1979","0","543",
"2242","1973","2083","428",
"2243","1982","145219639","549",
"2244","1984","6457856","238",
"2245","2010","2994892","122",
"2246","2003","979","933",
"2247","1978","0","107",
"2248","1973","467","513",
"2249","2010","3747","941",
"2250","1973","254053401","851",
"2251","1994","46","835",
"2252","1983","247279490","885",
"2253","2008","86310","57",
"2254","2025","341","21",
"2255","1973","25418405","728",
"2256","2004","47689","748",
"2257","1993","175","304",
"2258","1986","12806573","200",
"2259","2000","0","292",
"2260","2002","167559","223",
"2261","2003","2931","270",
"2262","2013","0","349",
"2263","2009","296597","562",
"2264","1976","12543","928",
"2265","1973","1","869",
"2266","1970","882802","224",
"2267","2013","260215053","211",
"2268","2006","160","56",
"2269","2005","0","522",
"2270","1980","0","784",
"2271","1987","283499","702",
"2272","2012","0","264",
"2273","2010","831887755","595",
"2274","1997","40","968",
"2275","2015","1613","288",
"2276","1980","186070","367",
"2277","2010","4","767",
"2278","2019","74","842",
"2279","1996","12","290",
"2280","1996","5137","261",
"2281","2002","60354","27",
"2282","1998","83487349","95",
"2283","2025","201280","753",
"2284","1974","6575236","366",
"2285","2017","0","351",
"2286","1992","5017","406",
"2287","1975","432995613","306",
"2288","2007","5","601",
"2289","1997","309","977",
"2290","1980","806","864",
"2291","2020","55958","474",
"2292","2010","34052","121",
"2293","2017","36","22",
"2294","1992","72","685",
"2295","2003","0","916",
"2296","2014","5513","539",
"2297","2022","62236","161",
"2298","1974","6","957",
"2299","1984","5049","217",
"2300","2001","3112","328",
"2301","2022","0","354",
"2302","2006","7869","83",
"2303","1997","4","680",
"2304","1996","198","63",
"2305","2005","136098","873",
"2306","2012","4028291","0",
"2307","1984","0","327",
"2308","2007","701","638",
"2309","1992","443679132","127",
"2310","1975","3538","938",
"2311","2013","118","411",
"2312","1973","6578","155",
"2313","2020","823291694","945",
"2314","2018","2887358","288",
"2315","1989","2337997","480",
"2316","2009","4","621",
"2317","2025","0","699",
"2318","1982","28391","65",
"2319","2003","0","675",
"2320","1992","14044649","513",
"2321","1974","472891985","561",
"2322","2004","90","490",
"2323","1985","0","938",
"2324","1988","8137185","829",
"2325","1972","607857","794",
"2326","2006","13147129","699",
"2327","1972","0","438",
"2328","1984","0","836",
"2329","2025","2818","711",
"2330","2006","0","650",
"2331","1996","3","861",
"2332","1971","10","954",
"2333","2001","500517104","339",
"2334","1979","71195","172",
"2335","2000","0","244",
"2336","1984","0","541",
"2337","1972","58399","770",
"2338","2023","751","740",
"2339","2017","1","815",
"2340","2007","71","626",
"2341","2004","2","33",
"2342","2016","239","820",
"2343","2007","66","163",
"2344","2024","12","263",
"2345","2020","676288","138",
"2346","2012","68319","225",
"2347","2015","3313532","992",
"2348","1990","531","316",
"2349","1970","0","359",
"2350","2005","0","584",
"2351","2001","107311","550",
"2352","1984","6781","363",
"2353","1995","0","405",
"2354","1989","0","879",
"2355","2005","35629","366",
"2356","1986","2139989","118",
"2357","2004","0","373",
"2358","2019","36","280",
"2359","1999","180278","884",
"2360","1993","11","735",
"2361","1977","105371361","505",
"2362","1991","6769","500",
"2363","2018","0","373",
"2364","2018","77","249",
"2365","1988","86143686","918",
"2366","1982","4713715","758",
"2367","1979","320353","32",
"2368","2007","2232","332",
"2369","2025","867395","100",
"2370","1983","1394","29",
"2371","1989","0","925",
"2372","1997","1786","728",
"2373","2006","12784789","499",
"2374","1996","2","900",
"2375","1976","288852","909",
"2376","2018","0","825",
"2377","2022","4","284",
"2378","2023","0","921",
"2379","2022","0","275",
"2380","1986","0","95",
"2381","2022","525020560","60",
"2382","2024","2347","942",
"2383","2003","0","810",
"2384","2000","239","770",
"2385","2000","2645","593",
"2386","2013","4","437",
"2387","1974","3858","904",
"2388","2004","22","972",
"2389","1990","270","483",
"2390","1972","1","104",
"2391","2012","2","1",
"2392","1988","3284490","386",
"2393","1975","8785508","647",
"2394","1983","20","261",
"2395","2020","98703","262",
"2396","1976","88199","501",
"2397","1979","700087205","841",
"2398","1986","42419791","182",
"2399","1987","1422133","388",
"2400","1976","1758438","271",
"2401","2013","3726","998",
"2402","1995","5661435","358",
"2403","1993","2171561","279",
"2404","1987","0","615",
"2405","1974","85","248",
"2406","1986","2917","991",
"2407","2011","207","422",
"2408","2013","5239","214",
"2409","1972","116370","364",
"2410","1999","0","777",
"2411","2002","3806","228",
"2412","2012","319214402","694",
"2413","2004","771679224","537",
"2414","1982","2","364",
"2415","2016","65065","793",
"2416","2024","10972","739",
"2417","1993","0","673",
"2418","1990","197","281",
"2419","1987","2","56",
"2420","2021","250934","502",
"2421","1995","226727","270",
"2422","2014","73935","399",
"2423","2024","2","473",
"2424","2025","12","668",
"2425","1987","104","399",
"2426","1996","0","278",
"2427","2013","304","1",
"2428","2011","17734","487",
"2429","1999","990647","717",
"2430","1970","96","141",
"2431","1994","1067","896",
"2432","1995","1","397",
"2433","1977","60617","356",
"2434","1984","1","722",
"2435","1980","169141","818",
"2436","2012","145","37",
"2437","1994","34116","29",
"2438","2009","1269","444",
"2439","2016","844448","782",
"2440","1983","106","838",
"2441","1970","3148430","397",
"2442","2016","0","168",
"2443","1981","1","596",
"2444","2014","3","148",
"2445","1993","3068901","733",
"2446","2025","96890050","429",
"2447","1986","0","856",
"2448","1991","1486","230",
"2449","1973","437","594",
"2450","1996","536841","979",
"2451","1997","15807842","600",
"2452","2007","1956104","949",
"2453","2009","41006","916",
"2454","1990","480981","175",
"2455","1983","83","56",
"2456","1984","604","523",
"2457","2018","3","816",
"2458","2017","14","523",
"2459","1999","5","949",
"2460","2013","4771","657",
"2461","2021","17","812",
"2462","2007","148","200",
"2463","2003","812","415",
"2464","2007","40885","284",
"2465","2005","7504757","8",
"2466","2024","2302721","385",
"2467","1977","722424","613",
"2468","1990","108","620",
"2469","2022","5256","876",
"2470","1974","174112","660",
"2471","2024","131014845","171",
"2472","1973","0","911",
"2473","1985","2","264",
"2474","1987","525509","542",
"2475","1992","423","34",
"2476","2009","60","800",
"2477","1993","68520","988",
"2478","2008","0","653",
"2479","1989","0","674",
"2480","2020","0","44",
"2481","1971","1533622","658",
"2482","1994","64003506","222",
"2483","2014","133569","752",
"2484","2022","525","882",
"2485","2001","13876","340",
"2486","1981","194","865",
"2487","1990","12198","324",
"2488","1990","500","806",
"2489","1987","0","13",
"2490","2002","70615","586",
"2491","2010","10798506","576",
"2492","2001","19","680",
"2493","2021","21781","699",
"2494","1994","33","982",
"2495","2006","756","243",
"2496","2005","218265","971",
"2497","1973","58","653",
"2498","1990","6","692",
"2499","1999","106","171",
"2500","1981","0","194",
"2501","2009","2663464","837",
"2502","1995","8","926",
"2503","1989","3","240",
"2504","2009","481","628",
"2505","1997","32657","908",
"2506","2000","481240950","22",
"2507","2015","299053941","751",
"2508","2015","34567","857",
"2509","2009","0","865",
"2510","2005","178","29",
"2511","1973","34","66",
"2512","2008","146977","194",
"2513","2014","17897","373",
"2514","2006","20610","278",
"2515","1976","6475099","123",
"2516","1980","15665","501",
"2517","1998","1","831",
"2518","2000","611","903",
"2519","2014","0","633",
"2520","2024","7","412",
"2521","1970","56479","470",
"2522","2005","4","40",
"2523","2011","27663402","1",
"2524","1982","111956381","72",
"2525","1971","27551","100",
"2526","2016","2885","381",
"2527","1987","455267","829",
"2528","1977","473","799",
"2529","1976","251","376",
"2530","1980","406","611",
"2531","2015","622432","573",
"2532","1976","5957","48",
"2533","2009","2","995",
"2534","1994","42134376","319",
"2535","1979","4912649","813",
"2536","2021","0","720",
"2537","1973","33","746",
"2538","1978","562140469","870",
"2539","2005","6004871","187",
"2540","1976","128","97",
"2541","2001","2267","859",
"2542","2020","0","137",
"2543","1994","2","711",
"2544","1983","22013537","896",
"2545","1984","0","852",
"2546","2010","24","85",
"2547","1970","4251354","801",
"2548","2004","17","953",
"2549","2012","284034464","656",
"2550","2022","0","203",
"2551","1979","91","868",
"2552","1981","0","930",
"2553","1970","30259","531",
"2554","1973","58","121",
"2555","2010","16","77",
"2556","1994","601334141","748",
"2557","2018","52249895","663",
"2558","1975","42980","506",
"2559","1985","7411305","732",
"2560","2013","8003","179",
"2561","2013","183816","287",
"2562","1972","527229679","256",
"2563","1996","161991","921",
"2564","1997","1","206",
"2565","1978","0","698",
"2566","2015","1532290","912",
"2567","1986","1077","633",
"2568","1977","67792","169",
"2569","2004","743579","161",
"2570","2015","46348191","319",
"2571","2025","2","616",
"2572","1998","5210","718",
"2573","2024","2725","840",
"2574","2023","0","786",
"2575","1987","529","431",
"2576","1993","6","561",
"2577","1991","93167287","548",
"2578","2001","506","121",
"2579","2016","0","963",
"2580","2008","82879333","693",
"2581","1988","0","443",
"2582","2003","44","350",
"2583","1998","2","124",
"2584","1980","3039","237",
"2585","1986","92024","242",
"2586","1972","372978291","378",
"2587","2021","23343652","819",
"2588","1975","2","451",
"2589","1985","549005085","729",
"2590","1988","666","93",
"2591","2023","1","246",
"2592","2016","197305898","922",
"2593","1981","15960","252",
"2594","2004","335848","880",
"2595","2001","18279","42",
"2596","1989","21162837","130",
"2597","2014","9478","80",
"2598","2004","4743858","92",
"2599","1982","205416366","893",
"2600","1975","28","513",
"2601","2013","1490170","848",
"2602","1983","42585","659",
"2603","1986","5664507","380",
"2604","2025","1726","565",
"2605","1989","0","70",
"2606","2009","40","516",
"2607","1985","528500876","266",
"2608","2018","354774","61",
"2609","2014","44851","789",
"2610","2012","1","437",
"2611","2015","0","773",
"2612","2002","294","95",
"2613","2000","10","38",
"2614","1971","1374005","898",
"2615","1973","3","344",
"2616","2001","276","50",
"2617","1989","223672154","998",
"2618","1979","2844","345",
"2619","1990","16","628",
"2620","1993","2470","992",
"2621","1977","1412","222",
"2622","2025","69523390","975",
"2623","1973","0","542",
"2624","2010","0","636",
"2625","2021","3628063","856",
"2626","2009","949211","130",
"2627","1971","64","749",
"2628","1988","79384616","654",
"2629","1974","2","712",
"2630","2014","0","384",
"2631","2000","2119","996",
"2632","2007","122","731",
"2633","1999","0","98",
"2634","1973","470276","769",
"2635","1992","0","581",
"2636","2012","5","985",
"2637","1976","37262","684",
"2638","2004","3890486","715",
"2639","1996","416573","628",
"2640","2013","54","430",
"2641","1988","0","391",
"2642","1984","3677864","316",
"2643","2020","644","381",
"2644","2015","3015218","383",
"2645","1980","2279039","17",
"2646","1999","55780","623",
"2647","2020","225283200","880",
"2648","2010","387082842","20",
"2649","1977","4614593","961",
"2650","1979","359978","212",
"2651","2024","224","701",
"2652","1987","3209","641",
"2653","2009","1973741","700",
"2654","2004","2","831",
"2655","1981","2","631",
"2656","1987","1898","538",
"2657","2018","239743","127",
"2658","1987","80004231","780",
"2659","2003","56","258",
"2660","1994","610","595",
"2661","1980","55491","703",
"2662","1974","27889","983",
"2663","2018","503","180",
"2664","1991","35482395","432",
"2665","1981","5349760","545",
"2666","1976","0","619",
"2667","1987","3262","342",
"2668","2002","4131","410",
"2669","1999","0","50",
"2670","1972","58","426",
"2671","2016","5238","86",
"2672","1996","161","655",
"2673","1995","72325","297",
"2674","2013","2149","526",
"2675","2018","197","514",
"2676","2023","0","114",
"2677","2013","42","893",
"2678","1981","0","838",
"2679","1992","0","642",
"2680","2007","54161929","226",
"2681","2015","12651149","168",
"2682","1979","293811","83",
"2683","2019","39","763",
"2684","2011","10675","903",
"2685","2018","7521","18",
"2686","2001","14838182","681",
"2687","1979","160061727","200",
"2688","1993","55","217",
"2689","2019","817","789",
"2690","2000","458","16",
"2691","1993","70","785",
"2692","1997","81496424","908",
"2693","1979","66","870",
"2694","2004","797","598",
"2695","1993","8193","664",
"2696","2015","2","623",
"2697","2025","1","887",
"2698","2019","0","840",
"2699","1986","12","781",
"2700","2007","198","257",
"2701","2020","45","390",
"2702","1993","2539889","844",
"2703","1995","329757","792",
"2704","1995","14","244",
"2705","1981","1455","701",
"2706","2015","39528692","848",
"2707","1998","910273204","192",
"2708","1977","261151","294",
"2709","2009","9","39",
"2710","1981","3069239","552",
"2711","2005","628934","324",
"2712","1989","3212","682",
"2713","1989","81976826","829",
"2714","2008","630925","949",
"2715","1995","436106398","635",
"2716","1974","2","582",
"2717","1998","1","455",
"2718","1977","82","602",
"2719","1970","79820","542",
"2720","2007","1155562","385",
"2721","2004","544","940",
"2722","2003","71511","635",
"2723","2000","11364","279",
"2724","1991","44224","620",
"2725","1996","43866077","994",
"2726","1995","3","721",
"2727","1988","972","540",
"2728","2025","7265","416",
"2729","1998","26","902",
"2730","1990","32","495",
"2731","1997","0","952",
"2732","2005","1406824","862",
"2733","2001","438","553",
"2734","1984","9","895",
"2735","1986","629991943","56",
"2736","1977","45","203",
"2737","2020","14499002","364",
"2738","1990","15186","424",
"2739","1980","3659","302",
"2740","2023","521301","456",
"2741","1983","4478802","88",
"2742","1998","2638","963",
"2743","2008","0","522",
"2744","1979","27286","325",
"2745","2015","546","377",
"2746","1997","19","826",
"2747","1986","4965949","833",
"2748","2009","0","443",
"2749","1976","507664","870",
"2750","1984","0","784",
"2751","1996","8347491","998",
"2752","2015","0","384",
"2753","2007","8158","915",
"2754","1977","2","489",
"2755","1972","0","999",
"2756","2024","37041","877",
"2757","1999","8646533","884",
"2758","1999","0","20",
"2759","2001","0","564",
"2760","2004","34024","726",
"2761","1973","1434","854",
"2762","1990","25763","402",
"2763","2022","2965","768",
"2764","2015","0","497",
"2765","1987","305158","516",
"2766","2011","209016246","256",
"2767","2009","2","696",
"2768","1986","7218","225",
"2769","1974","215658","793",
"2770","1982","30609852","8",
"2771","2020","41254","120",
"2772","1972","44","524",
"2773","2004","0","561",
"2774","2023","123","152",
"2775","2009","521280","427",
"2776","2007","6727","851",
"2777","1971","10461","716",
"2778","1977","7","385",
"2779","2025","4850","59",
"2780","2007","3","58",
"2781","1986","555894329","949",
"2782","1979","5","758",
"2783","2015","0","678",
"2784","2001","21657811","285",
"2785","1988","530154","323",
"2786","1976","1696","343",
"2787","2018","761","511",
"2788","1997","0","40",
"2789","1992","3931135","74",
"2790","1971","158","262",
"2791","1984","0","37",
"2792","1975","1","857",
"2793","2022","3","623",
"2794","2015","1924889","274",
"2795","1976","32","359",
"2796","1990","0","927",
"2797","1996","2","168",
"2798","1994","27","33",
"2799","1999","8","25",
"2800","2000","1823239","856",
"2801","1998","1166719","212",
"2802","1996","0","765",
"2803","1989","61662","419",
"2804","2001","0","104",
"2805","2000","471426","732",
"2806","1995","2349618","605",
"2807","2022","430818","858",
"2808","1991","0","92",
"2809","2002","0","695",
"2810","1975","813","206",
"2811","1989","65210","59",
"2812","1979","2998333","741",
"2813","1981","4079","777",
"2814","1972","0","232",
"2815","1976","178524","117",
"2816","2003","53363","576",
"2817","1975","85869","901",
"2818","2015","10","531",
"2819","1970","1567","216",
"2820","1976","1973370","657",
"2821","2007","28","402",
"2822","2004","90","501",
"2823","1983","56986382","50",
"2824","1993","87","444",
"2825","2019","0","841",
"2826","1978","1171","447",
"2827","1972","121925635","628",
"2828","1985","3","721",
"2829","2015","2","720",
"2830","2017","70186","38",
"2831","2009","2990090","515",
"2832","1997","43997","491",
"2833","1981","179","217",
"2834","1983","235593","447",
"2835","2000","65237","101",
"2836","1987","17","203",
"2837","1988","8316","597",
"2838","2010","9512","31",
"2839","1993","255","342",
"2840","2022","82","547",
"2841","2020","80041502","1",
"2842","1988","223094","525",
"2843","2001","0","930",
"2844","2007","907469","989",
"2845","1985","885","417",
"2846","1991","1543959","330",
"2847","2016","1","525",
"2848","1974","0","240",
"2849","1970","1642219","421",
"2850","2019","434","836",
"2851","1975","42965","591",
"2852","2022","53","563",
"2853","2010","351","621",
"2854","1977","25982","479",
"2855","2022","11","686",
"2856","2019","0","276",
"2857","2022","58004","7",
"2858","1995","61","253",
"2859","1993","4272","551",
"2860","1975","1","486",
"2861","1980","2552","912",
"2862","1991","1271","414",
"2863","1991","3","7",
"2864","2013","599","722",
"2865","2006","504","187",
"2866","1980","12796392","654",
"2867","1982","75968604","813",
"2868","1992","0","588",
"2869","1981","155367420","670",
"2870","1986","7243","477",
"2871","1980","5286","526",
"2872","1978","65006735","116",
"2873","2001","144","258",
"2874","2023","1531","729",
"2875","2009","818","945",
"2876","1986","86","130",
"2877","2002","4","792",
"2878","2024","64232308","529",
"2879","2019","14","853",
"2880","1971","14982339","491",
"2881","2018","5","356",
"2882","1995","0","884",
"2883","1970","65616","786",
"2884","1997","739386","875",
"2885","2006","6947","586",
"2886","1985","0","353",
"2887","1978","0","80",
"2888","1987","3","851",
"2889","1987","376538833","73",
"2890","1971","0","32",
"2891","2023","82393","34",
"2892","1987","25866242","560",
"2893","1992","1022","778",
"2894","2006","4600","316",
"2895","2000","4","32",
"2896","2014","27922","109",
"2897","1973","306697","619",
"2898","2000","27819","50",
"2899","2008","10242","748",
"2900","1989","900380751","756",
"2901","1980","27756218","23",
"2902","2013","10840163","93",
"2903","1989","619","311",
"2904","2016","5037","498",
"2905","1973","38164","851",
"2906","1982","0","791",
"2907","1973","1024","789",
"2908","2011","22125","914",
"2909","1970","2","47",
"2910","1982","531","367",
"2911","1982","185","915",
"2912","1978","0","566",
"2913","1997","719","668",
"2914","2007","5008","25",
"2915","2003","137834","363",
"2916","1997","11617206","634",
"2917","2023","277589147","265",
"2918","1981","114891636","965",
"2919","1981","6","335",
"2920","1981","94203434","594",
"2921","2002","4771488","11",
"2922","1994","0","439",
"2923","1993","4416951","406",
"2924","2023","310373","510",
"2925","2015","1381502","947",
"2926","2012","4008","313",
"2927","1987","52700","409",
"2928","2012","36473018","639",
"2929","2016","2","663",
"2930","2016","1050099","887",
"2931","2021","17","683",
"2932","2024","3599259","48",
"2933","1975","67972897","290",
"2934","1988","415413167","699",
"2935","1976","120555","471",
"2936","1988","2194382","4",
"2937","1982","6860722","258",
"2938","2000","20221","577",
"2939","1970","0","149",
"2940","2018","0","922",
"2941","1998","0","955",
"2942","1997","0","62",
"2943","2019","6551","326",
"2944","2004","483585562","732",
"2945","1977","11","920",
"2946","1980","181","21",
"2947","2006","0","594",
"2948","2000","296","825",
"2949","1985","11632285","665",
"2950","2001","315412473","567",
"2951","1970","2376","43",
"2952","1981","8234","877",
"2953","2020","79334","945",
"2954","1973","106","456",
"2955","1994","748803890","289",
"2956","2015","16","665",
"2957","2005","834","717",
"2958","1986","898478","715",
"2959","1981","1571","525",
"2960","2006","0","395",
"2961","1999","4","456",
"2962","1983","3097","32",
"2963","1992","290229","134",
"2964","1989","822493","943",
"2965","1981","61092","91",
"2966","1979","81154","203",
"2967","1976","20022","174",
"2968","2021","0","212",
"2969","1987","0","918",
"2970","2005","3","571",
"2971","1975","6","160",
"2972","2022","12387856","241",
"2973","1978","362","376",
"2974","2020","0","483",
"2975","1986","486967","373",
"2976","2008","2664633","234",
"2977","2014","92230","759",
"2978","1985","363567","289",
"2979","1974","3762079","385",
"2980","1973","108","538",
"2981","2012","3020","5",
"2982","1990","24422","827",
"2983","2005","14633593","603",
"2984","2006","14","186",
"2985","2004","3211","967",
"2986","2005","0","650",
"2987","1970","104622","663",
"2988","1998","35271609","363",
"2989","1983","1","738",
"2990","1980","86490771","33",
"2991","1976","0","343",
"2992","1995","12241788","173",
"2993","2012","26723","978",
"2994","1986","1511","26",
"2995","1974","250447","213",
"2996","2000","17616","495",
"2997","2023","4713","118",
"2998","2015","68","665",
"2999","1994","16308162","242",
"3000","1994","1967009","340",
"3001","1975","0","794",
"3002","1979","9336","719",
"3003","2010","19","201",
"3004","2001","0","475",
"3005","1990","1","221",
"3006","1977","373","595",
"3007","1974","892","716",
"3008","2007","98","257",
"3009","1986","45768","469",
"3010","2009","31334","367",
"3011","2019","49826","440",
"3012","2006","3015254","173",
"3013","2011","0","217",
"3014","2014","0","365",
"3015","1991","2","102",
"3016","1977","92","318",
"3017","1995","33027","713",
"3018","1979","1898929","315",
"3019","2016","160","879",
"3020","2020","9602","153",
"3021","2022","29093191","408",
"3022","1981","29","771",
"3023","2005","5603711","477",
"3024","1991","29548130","493",
"3025","2020","16046","39",
"3026","2003","52405524","297",
"3027","2012","226844764","487",
"3028","2010","3985660","507",
"3029","2019","4097783","76",
"3030","1971","349","850",
"3031","1999","166242301","36",
"3032","1990","4","248",
"3033","1981","99","918",
"3034","1976","0","264",
"3035","2003","2","581",
"3036","2025","62152","612",
"3037","2014","6751","669",
"3038","2016","105","855",
"3039","1976","3712157","388",
"3040","2019","51","337",
"3041","2007","12254","52",
"3042","1981","0","423",
"3043","1975","1613181","320",
"3044","2024","1370","652",
"3045","2015","6297539","501",
"3046","1980","15309062","579",
"3047","2019","33041","613",
"3048","1987","0","359",
"3049","1987","339045851","667",
"3050","1999","836","44",
"3051","1996","54647394","375",
"3052","2015","8766","104",
"3053","2003","39503954","681",
"3054","2011","131140695","571",
"3055","1992","1046887","580",
"3056","1971","34","844",
"3057","1999","242544024","762",
"3058","2008","3","93",
"3059","2013","7","476",
"3060","1993","0","450",
"3061","1974","72167","650",
"3062","1982","59","698",
"3063","1994","3199449","293",
"3064","1995","1","863",
"3065","1996","12271818","25",
"3066","2015","0","252",
"3067","2017","35363","723",
"3068","2005","606","767",
"3069","2007","423","447",
"3070","2010","0","118",
"3071","2004","400535887","768",
"3072","1988","68004","707",
"3073","2010","7","637",
"3074","2011","162675987","139",
"3075","1976","2","870",
"3076","2000","36967","933",
"3077","1977","375312269","302",
"3078","2005","221079","735",
"3079","1984","13996240","30",
"3080","2016","13","11",
"3081","1998","431370","162",
"3082","1984","18340922","765",
"3083","1981","279596941","486",
"3084","1980","2295838","530",
"3085","1980","27","257",
"3086","1983","0","417",
"3087","2024","7046390","596",
"3088","2002","100138","496",
"3089","1983","5668","125",
"3090","2002","52231315","307",
"3091","1988","471","0",
"3092","1981","52751","192",
"3093","2016","103","47",
"3094","2023","227756836","148",
"3095","2021","1083249","957",
"3096","1971","1721425","980",
"3097","1971","130799","896",
"3098","2022","6760123","289",
"3099","1993","229159","244",
"3100","1973","362081","128",
"3101","2003","15","654",
"3102","1997","250000","671",
"3103","1973","138490823","985",
"3104","1994","42","172",
"3105","2019","769","635",
"3106","1991","134","732",
"3107","1997","147","120",
"3108","2024","0","996",
"3109","1987","14186","597",
"3110","2004","1242","521",
"3111","2022","16","370",
"3112","2004","103235604","979",
"3113","1970","74","157",
"3114","1978","84","36",
"3115","1971","4298243","676",
"3116","1974","0","794",
"3117","1976","0","688",
"3118","1999","569","196",
"3119","1986","0","394",
"3120","1973","229397","185",
"3121","1974","105184883","829",
"3122","2022","774","924",
"3123","1983","60357","23",
"3124","2005","1","892",
"3125","2025","31163","108",
"3126","1978","14689315","519",
"3127","1978","7396978","278",
"3128","1999","1616047","187",
"3129","1981","57345","307",
"3130","1988","1995","805",
"3131","2005","575179","278",
"3132","2001","36177","822",
"3133","1986","127003100","962",
"3134","1974","28677814","781",
"3135","1996","884911","904",
"3136","1992","0","645",
"3137","2014","1","465",
"3138","2007","10299","306",
"3139","1985","264734204","88",
"3140","1972","0","433",
"3141","1972","0","891",
"3142","2023","2101","821",
"3143","2013","2615","883",
"3144","1984","45106","850",
"3145","1999","2","78",
"3146","1998","420248492","163",
"3147","2010","2","805",
"3148","2024","4","3",
"3149","1972","821207","130",
"3150","1976","894","390",
"3151","1992","0","849",
"3152","2006","5064","245",
"3153","1989","0","764",
"3154","2005","0","302",
"3155","2013","12562","982",
"3156","1987","1707557","270",
"3157","1997","266","505",
"3158","2007","597","788",
"3159","2000","25059","455",
"3160","1995","413","984",
"3161","1994","7942315","675",
"3162","2017","15307983","391",
"3163","1993","26960271","583",
"3164","2023","4024","75",
"3165","2024","0","355",
"3166","1984","460","489",
"3167","1972","371658","531",
"3168","2001","58","513",
"3169","2021","10293092","424",
"3170","2024","35797895","825",
"3171","1978","2","624",
"3172","2006","34129150","109",
"3173","2007","8293070","30",
"3174","2018","35","365",
"3175","2000","523170","983",
"3176","2005","8","601",
"3177","2021","158555","195",
"3178","1976","23119124","195",
"3179","1974","173","340",
"3180","1973","6461227","87",
"3181","2020","1","402",
"3182","1995","2","13",
"3183","2003","48630","205",
"3184","1982","23194711","832",
"3185","2013","3030","758",
"3186","1993","18221208","675",
"3187","1970","849756","504",
"3188","1975","3589503","568",
"3189","2008","26","467",
"3190","2002","45552854","802",
"3191","2009","1368","932",
"3192","1974","1603","664",
"3193","2011","59","690",
"3194","2021","406448761","960",
"3195","2011","15572655","558",
"3196","2022","1843","983",
"3197","2006","9970825","834",
"3198","1980","47284","871",
"3199","2010","14542943","568",
"3200","1975","28505","269",
"3201","2006","119","367",
"3202","1980","66","487",
"3203","2016","14877","62",
"3204","1975","5331","721",
"3205","2017","7558115","549",
"3206","2007","23272","84",
"3207","1975","35248643","107",
"3208","2017","15","945",
"3209","1978","224029","828",
"3210","2023","1","586",
"3211","2014","3251","941",
"3212","1981","887","682",
"3213","2009","0","402",
"3214","2023","3874604","253",
"3215","2025","4832","764",
"3216","1973","12682","265",
"3217","1997","0","135",
"3218","1984","7","946",
"3219","2011","61794384","832",
"3220","1979","3178","674",
"3221","2024","4642351","437",
"3222","1981","21","133",
"3223","2018","331","120",
"3224","1970","2","301",
"3225","1975","40068021","776",
"3226","1991","19340076","171",
"3227","1993","21039","212",
"3228","1984","0","378",
"3229","2009","542331722","404",
"3230","1982","766","96",
"3231","1991","0","367",
"3232","2012","4","516",
"3233","2020","709244","794",
"3234","1993","80801774","36",
"3235","2000","6","375",
"3236","1977","5616804","107",
"3237","2001","0","691",
"3238","1998","10775526","420",
"3239","1992","31","598",
"3240","2016","5768","538",
"3241","2008","1144913","411",
"3242","1983","3767","39",
"3243","2003","3134917","383",
"3244","2011","5269","239",
"3245","2007","0","3",
"3246","2002","1","388",
"3247","2004","2336","319",
"3248","1972","4858","754",
"3249","1979","42546490","843",
"3250","1984","4074","131",
"3251","1975","7028525","392",
"3252","1990","70656","563",
"3253","2023","15320","748",
"3254","1984","27","659",
"3255","1982","69242632","994",
"3256","1973","15888243","157",
"3257","2013","0","150",
"3258","1993","2","650",
"3259","1994","2809","530",
"3260","1988","1618085","758",
"3261","1994","32","548",
"3262","2004","40037","498",
"3263","2021","32513","496",
"3264","1972","18","881",
"3265","2022","505125","283",
"3266","1997","19982335","733",
"3267","1982","0","837",
"3268","2015","5794","976",
"3269","2013","572592319","247",
"3270","1989","3383","930",
"3271","2011","0","791",
"3272","1992","2308550","198",
"3273","1970","35602","764",
"3274","2020","146","80",
"3275","1999","0","67",
"3276","1983","1841235","54",
"3277","2020","0","641",
"3278","1976","25948","797",
"3279","2003","6849","627",
"3280","2007","20","32",
"3281","2017","6","741",
"3282","2009","1","985",
"3283","2014","93","821",
"3284","1975","32","2",
"3285","1997","49511239","368",
"3286","2019","24359","293",
"3287","2022","27292591","7",
"3288","1998","3","108",
"3289","1992","1387540","401",
"3290","1973","7380","975",
"3291","1972","0","156",
"3292","1983","182938","541",
"3293","1980","397","914",
"3294","1972","42909","383",
"3295","2019","41123438","776",
"3296","2003","7762","928",
"3297","2010","0","417",
"3298","2000","148894","715",
"3299","1992","979707","573",
"3300","1987","0","774",
"3301","1986","72952","723",
"3302","1984","1","292",
"3303","1971","8","772",
"3304","1986","0","9",
"3305","1985","1","746",
"3306","2005","0","747",
"3307","2017","802","465",
"3308","1995","5","637",
"3309","1995","535375","140",
"3310","2015","143639","843",
"3311","2018","10301","420",
"3312","1978","13171","115",
"3313","1983","344144","213",
"3314","2009","0","319",
"3315","2018","347","875",
"3316","2024","439","134",
"3317","2005","21078554","854",
"3318","2000","619854452","478",
"3319","1983","5","776",
"3320","1983","74915401","779",
"3321","1996","6065","124",
"3322","1986","50","396",
"3323","1985","25","75",
"3324","2011","1066","765",
"3325","1993","18042","354",
"3326","2002","783","986",
"3327","2004","232126668","675",
"3328","1989","3861052","599",
"3329","2022","11865","314",
"3330","2009","197635184","790",
"3331","2003","581235","973",
"3332","2009","9134","443",
"3333","1986","80720899","756",
"3334","2017","68905351","648",
"3335","1998","25130","375",
"3336","2007","181974","621",
"3337","2023","1691","286",
"3338","1990","406821","154",
"3339","2019","37","431",
"3340","1975","16","448",
"3341","2024","5516314","695",
"3342","1998","790333374","202",
"3343","1985","0","987",
"3344","1971","37","703",
"3345","1993","486","449",
"3346","2005","27922786","741",
"3347","2010","215948249","61",
"3348","1988","0","902",
"3349","1998","86458231","348",
"3350","2003","4","498",
"3351","2008","34527","493",
"3352","1986","0","409",
"3353","2021","265","760",
"3354","2025","219772517","836",
"3355","1994","401652","742",
"3356","2016","54696","80",
"3357","2004","163684051","248",
"3358","1977","1782381","450",
"3359","1986","0","816",
"3360","2001","18","778",
"3361","1995","118168","931",
"3362","1981","65486771","800",
"3363","2008","13","713",
"3364","1971","52451","702",
"3365","1989","65916832","395",
"3366","2021","606247086","457",
"3367","2020","12373963","464",
"3368","1983","581167651","562",
"3369","1974","2422518","466",
"3370","1971","0","127",
"3371","1987","96133","415",
"3372","1986","20657253","402",
"3373","2000","90682","271",
"3374","1971","151","936",
"3375","2014","5250638","242",
"3376","2004","614","564",
"3377","2009","3","568",
"3378","1991","4973","632",
"3379","1978","437","504",
"3380","2025","70314362","574",
"3381","2007","1661","880",
"3382","2009","228131389","185",
"3383","2008","222971355","289",
"3384","2005","23","509",
"3385","1980","23224","696",
"3386","2016","40779666","156",
"3387","1975","132","101",
"3388","2013","9","577",
"3389","1991","31595","643",
"3390","2016","244759","403",
"3391","1979","0","494",
"3392","2003","72","570",
"3393","1987","39796117","772",
"3394","1979","255","444",
"3395","1975","409885750","743",
"3396","1977","298967129","806",
"3397","1997","172","426",
"3398","1992","0","24",
"3399","2007","11981244","398",
"3400","2015","0","912",
"3401","1973","5140","859",
"3402","2005","267","472",
"3403","1998","545","523",
"3404","2022","449","720",
"3405","2005","10106","832",
"3406","2019","1939","893",
"3407","2023","3","250",
"3408","2022","181793900","472",
"3409","1987","2164545","340",
"3410","1974","278756","996",
"3411","2009","23021380","644",
"3412","1971","0","876",
"3413","2021","70","632",
"3414","2025","0","252",
"3415","1995","70134458","520",
"3416","1994","2038","555",
"3417","2001","11864","186",
"3418","1987","0","227",
"3419","1993","9","623",
"3420","1990","62131219","793",
"3421","2004","2169","944",
"3422","1992","3","33",
"3423","1982","79","284",
"3424","2001","104899569","912",
"3425","1994","1513","440",
"3426","2019","1402846","212",
"3427","1994","0","887",
"3428","1976","0","411",
"3429","2002","0","418",
"3430","2022","65","15",
"3431","2009","2","364",
"3432","1991","0","10",
"3433","1999","5","748",
"3434","2025","29403328","42",
"3435","2017","749595","237",
"3436","2016","220350","628",
"3437","2025","1369051","495",
"3438","1993","20622004","818",
"3439","2019","29851","169",
"3440","2008","22","116",
"3441","1976","95251","376",
"3442","1970","1860885","699",
"3443","1996","41871757","691",
"3444","2002","2502","532",
"3445","2022","68","471",
"3446","1987","7294174","77",
"3447","2011","3448","440",
"3448","2025","81176661","1",
"3449","2021","8178","816",
"3450","1985","2743374","978",
"3451","1981","97155830","637",
"3452","1981","1","35",
"3453","2024","0","230",
"3454","1994","4607864","904",
"3455","1994","1","740",
"3456","2022","3","508",
"3457","1980","0","698",
"3458","1982","21","738",
"3459","1982","14261857","809",
"3460","2007","2215369","841",
"3461","2006","1501","514",
"3462","1994","315","923",
"3463","2019","73887369","33",
"3464","1986","358121515","298",
"3465","1994","35727","431",
"3466","2017","69","975",
"3467","1972","216717","541",
"3468","1971","37","40",
"3469","1989","166194","371",
"3470","1982","64206363","107",
"3471","2024","18741871","956",
"3472","2014","5","5",
"3473","1991","0","657",
"3474","1980","0","84",
"3475","1973","185","744",
"3476","1977","10982914","617",
"3477","1993","22984917","922",
"3478","2011","69210","691",
"3479","1983","12","411",
"3480","1987","972","372",
"3481","2016","232","435",
"3482","1978","134614456","110",
"3483","2018","0","371",
"3484","1981","106109","269",
"3485","1985","0","42",
"3486","2013","17070","681",
"3487","1974","0","190",
"3488","1987","970","97",
"3489","1974","80","230",
"3490","1982","56","854",
"3491","1974","3","386",
"3492","2000","14","720",
"3493","1971","323","169",
"3494","1974","17548109","871",
"3495","1990","0","538",
"3496","1975","0","709",
"3497","2020","1870690","10",
"3498","2005","5206941","925",
"3499","2025","0","102",
"3500","1999","645228601","188",
"3501","1970","5076","416",
"3502","1980","527103","812",
"3503","1982","730","823",
"3504","1976","0","234",
"3505","2018","651238746","626",
"3506","1994","249997","168",
"3507","2002","6","195",
"3508","1995","8512","912",
"3509","2023","3001805","67",
"3510","1985","18500902","573",
"3511","2000","7693","708",
"3512","2000","28320","280",
"3513","1973","2322821","709",
"3514","1984","34406","246",
"3515","1995","447747818","413",
"3516","1972","1500","346",
"3517","2003","95385","143",
"3518","2003","62057913","157",
"3519","1996","12","763",
"3520","1997","86101","855",
"3521","1978","4262","138",
"3522","1983","4","804",
"3523","2009","1","358",
"3524","1985","4032","909",
"3525","2012","53","376",
"3526","2008","2925827","209",
"3527","1990","42677985","836",
"3528","1997","75","57",
"3529","1979","69936","914",
"3530","1996","700","51",
"3531","1974","610","711",
"3532","1998","30031","269",
"3533","1995","357783320","981",
"3534","1983","3613987","327",
"3535","2017","415","120",
"3536","1994","503","84",
"3537","1987","3629","379",
"3538","2021","643","158",
"3539","1985","86","555",
"3540","2004","37467442","336",
"3541","1997","17749242","120",
"3542","2018","203127736","651",
"3543","2023","37","620",
"3544","2024","269959136","219",
"3545","1995","3535755","259",
"3546","1971","0","391",
"3547","1982","762","663",
"3548","2007","230418639","238",
"3549","2015","3866445","811",
"3550","2001","2734","508",
"3551","1981","6","551",
"3552","1995","1498414","830",
"3553","2000","4399649","130",
"3554","1992","419574999","436",
"3555","2012","4","404",
"3556","1987","29390","648",
"3557","1997","30149","941",
"3558","2014","35859","491",
"3559","2018","230018809","471",
"3560","1984","9461199","6",
"3561","1988","0","877",
"3562","1977","512883","636",
"3563","2024","0","357",
"3564","1990","12","125",
"3565","1974","142","571",
"3566","1974","549625","780",
"3567","2007","0","733",
"3568","1981","10067858","469",
"3569","1999","54","492",
"3570","2019","0","942",
"3571","1997","51","394",
"3572","1995","153776","98",
"3573","1972","0","914",
"3574","1981","0","272",
"3575","2018","176594","635",
"3576","2020","5584","923",
"3577","2005","1977866","660",
"3578","1990","0","140",
"3579","2022","2174","734",
"3580","1977","315517","957",
"3581","2024","63","547",
"3582","1973","2886","436",
"3583","2018","351","467",
"3584","2023","6","299",
"3585","2008","27168","19",
"3586","1982","12","934",
"3587","2011","74337912","206",
"3588","2013","5596649","881",
"3589","1970","1101994","813",
"3590","1991","448","676",
"3591","1988","641375","677",
"3592","2011","51516238","197",
"3593","2023","0","368",
"3594","1973","8126","370",
"3595","1990","2303224","558",
"3596","1992","325","657",
"3597","1972","492949","879",
"3598","1975","357","866",
"3599","1985","25660391","867",
"3600","2019","0","999",
"3601","1973","2735636","726",
"3602","1986","574","833",
"3603","2001","73","959",
"3604","1976","52","36",
"3605","2019","21","702",
"3606","1994","4158649","78",
"3607","1971","0","799",
"3608","2007","0","213",
"3609","1996","0","557",
"3610","2005","0","871",
"3611","1984","2662923","413",
"3612","1989","2829637","849",
"3613","1987","1532","696",
"3614","1976","1","422",
"3615","1998","0","726",
"3616","2007","3205649","56",
"3617","1977","0","214",
"3618","1984","191","372",
"3619","1996","7","431",
"3620","1975","44256","313",
"3621","2006","5990","849",
"3622","2019","0","857",
"3623","2021","193207913","374",
"3624","2001","0","817",
"3625","1986","302076","483",
"3626","2003","2","501",
"3627","1985","2269","50",
"3628","1970","4980","797",
"3629","2024","326036719","581",
"3630","2021","16207182","518",
"3631","1985","181","941",
"3632","2023","0","497",
"3633","1974","3370888","705",
"3634","2008","48138553","147",
"3635","2012","126971841","503",
"3636","1992","670550127","660",
"3637","1989","5065071","788",
"3638","2015","0","963",
"3639","1991","1","428",
"3640","2022","1236305","362",
"3641","1996","55630","261",
"3642","1990","29963","822",
"3643","2019","0","211",
"3644","2006","19","446",
"3645","2025","13348","918",
"3646","2012","10","652",
"3647","2005","7","857",
"3648","1998","2","565",
"3649","2013","156","725",
"3650","1991","5699","547",
"3651","2014","0","346",
"3652","2012","531913","41",
"3653","1986","3446","780",
"3654","2011","0","112",
"3655","2020","73","462",
"3656","1976","2003","929",
"3657","2018","448444","928",
"3658","2011","710","789",
"3659","2010","469252","473",
"3660","1979","3583","67",
"3661","2011","54","721",
"3662","2003","14","636",
"3663","2015","1583","960",
"3664","2019","6198","100",
"3665","1983","8","989",
"3666","2011","4941","671",
"3667","1976","123","769",
"3668","2005","3","758",
"3669","2024","765554","984",
"3670","1995","4719","864",
"3671","1998","6","15",
"3672","1982","3","343",
"3673","2020","107","106",
"3674","1970","4717","449",
"3675","2013","794592358","255",
"3676","1991","133530883","121",
"3677","1971","1901","173",
"3678","2024","15608","142",
"3679","1972","1796715","540",
"3680","1976","2539578","616",
"3681","1980","47","815",
"3682","1993","3","780",
"3683","2023","375440","137",
"3684","2005","399","1",
"3685","1997","20","634",
"3686","1970","420734","154",
"3687","1998","5","873",
"3688","2007","38","857",
"3689","1991","7","864",
"3690","1989","323","942",
"3691","1975","0","552",
"3692","1988","3899182","961",
"3693","1990","536004","245",
"3694","2024","1147","88",
"3695","1995","2","848",
"3696","2003","109732480","169",
"3697","1991","5400046","818",
"3698","1979","0","70",
"3699","2012","2","25",
"3700","2020","0","261",
"3701","2017","3","930",
"3702","2015","659254","463",
"3703","2018","363","717",
"3704","2016","72306482","142",
"3705","2002","6930306","680",
"3706","1987","15212","721",
"3707","2011","548749961","370",
"3708","2012","3","809",
"3709","2011","1","780",
"3710","2007","5","49",
"3711","1988","1750","9",
"3712","1996","61","389",
"3713","2012","4963","759",
"3714","1976","387611975","68",
"3715","2009","115049","406",
"3716","1998","409571","116",
"3717","1974","5602","463",
"3718","1973","5255","145",
"3719","2023","304","301",
"3720","1988","2652","658",
"3721","1989","93868","327",
"3722","1999","352","819",
"3723","2004","578","765",
"3724","1981","2325983","32",
"3725","2012","44658884","828",
"3726","2013","4235","658",
"3727","1990","35021009","693",
"3728","2006","0","535",
"3729","2001","0","976",
"3730","2024","217142","935",
"3731","1992","12222","938",
"3732","1999","10","855",
"3733","1997","188","376",
"3734","2008","411422","217",
"3735","2012","497","224",
"3736","2017","5650","154",
"3737","2003","32345","126",
"3738","1975","40110833","748",
"3739","1975","0","125",
"3740","2014","51176207","530",
"3741","2018","4064442","137",
"3742","1992","49555","614",
"3743","2005","25530","904",
"3744","2023","1","866",
"3745","1979","43432942","356",
"3746","1988","57150","697",
"3747","1993","4","936",
"3748","1998","2719","160",
"3749","2008","0","525",
"3750","1976","951598","399",
"3751","1995","521220036","706",
"3752","2006","0","913",
"3753","2005","22512","667",
"3754","1988","126","3",
"3755","1990","692139417","28",
"3756","2018","1090","891",
"3757","1992","673250","375",
"3758","2009","0","123",
"3759","2001","4007571","144",
"3760","1980","2047","58",
"3761","2024","34378","339",
"3762","1996","37","263",
"3763","2020","82","64",
"3764","1978","253821","225",
"3765","2003","2137313","307",
"3766","1975","0","458",
"3767","2000","11253","930",
"3768","2004","48260","289",
"3769","2025","24291","195",
"3770","1997","0","167",
"3771","1977","2006","140",
"3772","2020","38","202",
"3773","1996","0","24",
"3774","1974","27","213",
"3775","1996","56796","541",
"3776","1983","159","217",
"3777","2000","2200841","759",
"3778","1992","377","498",
"3779","1993","728390396","203",
"3780","2025","32059","291",
"3781","2001","2514","654",
"3782","2018","2","345",
"3783","2001","6061946","621",
"3784","2001","1445679","687",
"3785","1995","353148512","737",
"3786","1973","104","205",
"3787","1998","609","636",
"3788","2021","45","785",
"3789","2001","2152","846",
"3790","1993","0","288",
"3791","1978","20","105",
"3792","1984","102970","803",
"3793","1990","2751","316",
"3794","1980","12487","378",
"3795","2019","0","957",
"3796","2011","442646","390",
"3797","1976","21927052","214",
"3798","1994","102","221",
"3799","1988","288875","354",
"3800","2013","185387096","719",
"3801","2017","4","771",
"3802","2001","45525","137",
"3803","1978","10","284",
"3804","1995","486205","127",
"3805","2000","50","959",
"3806","1974","5389","507",
"3807","2020","5","598",
"3808","2019","187","420",
"3809","1988","16666","513",
"3810","1981","67","644",
"3811","2016","353","670",
"3812","1998","2","704",
"3813","1974","23735483","233",
"3814","2002","587920445","105",
"3815","2018","3832431","996",
"3816","1979","734585454","969",
"3817","2012","0","604",
"3818","1987","38","220",
"3819","1986","1507","521",
"3820","2004","0","566",
"3821","1978","1736172","260",
"3822","1982","49","706",
"3823","2009","2973895","464",
"3824","1971","296136051","193",
"3825","1990","6","243",
"3826","1985","0","885",
"3827","1990","31","5",
"3828","1985","3491595","241",
"3829","2011","0","684",
"3830","2013","0","495",
"3831","2007","89","366",
"3832","1975","53606","158",
"3833","2025","2","726",
"3834","1981","898994","70",
"3835","1978","701579","411",
"3836","1971","317439650","255",
"3837","1983","1","273",
"3838","2019","5103921","762",
"3839","2006","6679","935",
"3840","2003","8","870",
"3841","2018","418","410",
"3842","1981","0","175",
"3843","1970","126","356",
"3844","1986","764182","845",
"3845","2022","197182319","355",
"3846","2014","33096785","501",
"3847","2005","62723","515",
"3848","1975","5253257","256",
"3849","1979","0","642",
"3850","1986","183864620","87",
"3851","2025","0","97",
"3852","2000","79186207","664",
"3853","1974","56796","440",
"3854","1993","5274","678",
"3855","2012","3052","37",
"3856","1994","72266","875",
"3857","1987","91","19",
"3858","2016","16","611",
"3859","1973","37664","597",
"3860","1979","2750171","766",
"3861","1998","9990662","924",
"3862","1970","24343","972",
"3863","2012","0","551",
"3864","2006","504","193",
"3865","1991","0","775",
"3866","1981","755352447","626",
"3867","2016","59","953",
"3868","2017","2","124",
"3869","1979","80153","967",
"3870","1993","342116856","11",
"3871","2025","42213107","442",
"3872","1992","13995657","33",
"3873","2025","570429","40",
"3874","2006","31892266","296",
"3875","1985","548","330",
"3876","1991","399","20",
"3877","2023","1544","994",
"3878","1985","331","738",
"3879","1985","2480218","982",
"3880","1983","41201173","243",
"3881","2019","240549","188",
"3882","1990","0","289",
"3883","2015","1441","409",
"3884","1997","2","180",
"3885","2007","32","642",
"3886","2013","197072","830",
"3887","1992","5053","377",
"3888","2010","69389103","823",
"3889","1996","59","428",
"3890","1971","75904","48",
"3891","1982","30","225",
"3892","2007","8","660",
"3893","2024","0","202",
"3894","2021","294","158",
"3895","1994","420520","708",
"3896","1993","46300","613",
"3897","1980","0","874",
"3898","2011","47455","928",
"3899","2006","16030","0",
"3900","1998","0","293",
"3901","2020","408","166",
"3902","1986","10830","840",
"3903","1979","3100","199",
"3904","2021","58255","90",
"3905","1987","4","610",
"3906","2018","133624494","507",
"3907","1974","4","592",
"3908","1970","507710","557",
"3909","2015","310452","399",
"3910","2025","738","987",
"3911","1997","0","976",
"3912","2022","434096","223",
"3913","1995","9","414",
"3914","2001","1153385","151",
"3915","2006","95386","933",
"3916","2014","57","27",
"3917","2005","0","256",
"3918","1984","891","783",
"3919","2010","7","343",
"3920","2009","0","478",
"3921","1977","226","851",
"3922","1977","702","950",
"3923","2016","3","954",
"3924","1991","8401","11",
"3925","1971","2","575",
"3926","2016","289","988",
"3927","2013","64597","810",
"3928","1981","63330974","709",
"3929","2007","14436","48",
"3930","2008","2275968","629",
"3931","2024","0","242",
"3932","2008","327","358",
"3933","1999","4132521","534",
"3934","2021","7367908","398",
"3935","2007","1304","566",
"3936","2014","2","855",
"3937","1970","0","313",
"3938","1993","1887","171",
"3939","2011","86308","895",
"3940","2020","16378124","578",
"3941","1979","2666","21",
"3942","2017","0","81",
"3943","2015","58","228",
"3944","1995","8476791","292",
"3945","2002","1","259",
"3946","2013","2923","480",
"3947","1997","8","557",
"3948","1979","494494","584",
"3949","2002","5030236","260",
"3950","1992","542","938",
"3951","1975","3087499","17",
"3952","2000","4988477","748",
"3953","1972","1575423","189",
"3954","1975","503004729","368",
"3955","2004","3","365",
"3956","1983","5","592",
"3957","1983","37788","312",
"3958","1982","196","399",
"3959","1973","12071","361",
"3960","2018","58","367",
"3961","2020","1","81",
"3962","2019","3589","730",
"3963","1999","137","875",
"3964","2011","1412","798",
"3965","1979","1035","984",
"3966","2020","184","918",
"3967","2022","408175","145",
"3968","1978","235","44",
"3969","2003","62","253",
"3970","1993","38669562","431",
"3971","1997","22184591","783",
"3972","2006","2977","651",
"3973","1977","5452859","142",
"3974","1970","3448","913",
"3975","1979","1","567",
"3976","1990","809916","59",
"3977","2013","8503959","802",
"3978","1975","26","764",
"3979","2012","748296","739",
"3980","1982","1","558",
"3981","2005","32430035","447",
"3982","2018","111989451","216",
"3983","2004","32081","355",
"3984","1998","29268221","104",
"3985","1971","0","400",
"3986","2016","0","861",
"3987","2008","6","152",
"3988","1987","6856213","836",
"3989","1981","164511","544",
"3990","1996","315","64",
"3991","2003","20","466",
"3992","1972","7211","292",
"3993","1975","83849571","317",
"3994","1973","0","443",
"3995","1971","1068929","821",
"3996","1974","149884","87",
"3997","1985","126268","34",
"3998","2007","60877","311",
"3999","1997","2909235","89",
"4000","2002","40","499",
"4001","2024","0","676",
"4002","2011","21247003","532",
"4003","2003","9134","585",
"4004","1985","371","438",
"4005","1999","2","933",
"4006","2024","88","399",
"4007","2018","5158","373",
"4008","2025","375983544","168",
"4009","1985","287","27",
"4010","1988","28","818",
"4011","2013","4513","375",
"4012","1987","299978","746",
"4013","1987","10305","444",
"4014","1973","0","573",
"4015","2003","153649","212",
"4016","1975","1","469",
"4017","1982","477","943",
"4018","1983","4460755","219",
"4019","1984","72","395",
"4020","2014","32","838",
"4021","2008","0","657",
"4022","1980","2373826","839",
"4023","2018","159","400",
"4024","1997","4202633","409",
"4025","2008","23174063","154",
"4026","2019","29656645","810",
"4027","2001","922835","969",
"4028","1999","424892","30",
"4029","2021","76998","647",
"4030","2005","1830959","443",
"4031","1983","3383500","330",
"4032","1996","4","725",
"4033","1988","23748067","707",
"4034","1997","553","896",
"4035","1974","2559732","822",
"4036","1994","33924","988",
"4037","1989","551","958",
"4038","2000","443006","744",
"4039","2016","0","880",
"4040","1987","10","563",
"4041","2009","6","658",
"4042","2001","7816233","344",
"4043","2011","53","508",
"4044","1972","4805607","335",
"4045","2006","19986","875",
"4046","1973","8170","494",
"4047","2023","106516034","157",
"4048","2002","1","275",
"4049","2011","82787","801",
"4050","2022","308439240","498",
"4051","2005","0","867",
"4052","1985","456679","136",
"4053","1991","111765","724",
"4054","1980","44992","991",
"4055","1998","154","757",
"4056","1990","1131","140",
"4057","1990","111343","94",
"4058","2002","40786414","405",
"4059","1981","44394","927",
"4060","1975","0","480",
"4061","2012","935","391",
"4062","2007","0","695",
"4063","1982","503915679","212",
"4064","2013","10512","184",
"4065","1991","444","112",
"4066","1973","795793","613",
"4067","2002","506711652","714",
"4068","1983","904227","919",
"4069","1990","20","119",
"4070","2009","77678","212",
"4071","2003","1114098","250",
"4072","1989","558213","212",
"4073","1991","6754178","599",
"4074","2022","4","678",
"4075","1984","36127","619",
"4076","2020","51935","476",
"4077","1987","97065274","931",
"4078","1980","2","596",
"4079","2013","9327","215",
"4080","2016","80553012","531",
"4081","2013","0","776",
"4082","2003","253528570","495",
"4083","1977","328307","837",
"4084","1970","6540700","420",
"4085","2000","94170","157",
"4086","2003","0","51",
"4087","1974","71271","44",
"4088","1997","60472459","248",
"4089","2001","3723570","982",
"4090","1980","1026","606",
"4091","1978","0","975",
"4092","1975","13519","148",
"4093","1984","8","733",
"4094","1994","11259","557",
"4095","2009","4645","87",
"4096","1988","4","985",
"4097","1988","0","511",
"4098","1982","1245","222",
"4099","2017","26885042","814",
"4100","2010","359","544",
"4101","1973","31","459",
"4102","2000","18092","220",
"4103","1997","746","526",
"4104","2004","19796662","453",
"4105","1971","97785","516",
"4106","2011","0","403",
"4107","2015","93206933","109",
"4108","1986","1","306",
"4109","1976","279852960","81",
"4110","2016","4","70",
"4111","1991","3570526","60",
"4112","1980","0","688",
"4113","1981","525649038","501",
"4114","1985","1","958",
"4115","2012","0","362",
"4116","1977","387","382",
"4117","2025","656","632",
"4118","1984","4","868",
"4119","2020","134","781",
"4120","1972","14556171","800",
"4121","1991","0","941",
"4122","1986","3776","715",
"4123","1996","0","20",
"4124","1988","27","193",
"4125","2013","59632","369",
"4126","2020","389","822",
"4127","1973","18631550","136",
"4128","2017","14663","323",
"4129","1993","0","217",
"4130","2013","274594150","824",
"4131","1972","668428","703",
"4132","1982","218308981","476",
"4133","1973","36445","220",
"4134","1970","38877779","75",
"4135","2000","0","332",
"4136","1994","741","187",
"4137","1982","5146","672",
"4138","1995","582065","852",
"4139","1994","0","87",
"4140","2002","0","179",
"4141","1989","29","47",
"4142","2019","104","30",
"4143","2012","7651978","254",
"4144","1986","1947","249",
"4145","2011","1585131","95",
"4146","2021","0","841",
"4147","1970","4748","716",
"4148","1992","6210","629",
"4149","2025","485822","854",
"4150","1991","15622067","943",
"4151","2006","50191","992",
"4152","2015","0","117",
"4153","2017","66242","845",
"4154","2023","4771","535",
"4155","1986","868491556","271",
"4156","2004","87","336",
"4157","1979","5871","115",
"4158","2021","1032125","414",
"4159","1994","5","306",
"4160","1986","573095546","755",
"4161","2008","272740826","166",
"4162","1991","21509538","100",
"4163","2014","52679693","552",
"4164","1988","3086339","100",
"4165","2009","0","86",
"4166","1992","20","589",
"4167","1989","0","47",
"4168","1979","0","886",
"4169","1995","15004997","558",
"4170","2011","7105068","181",
"4171","1984","5","971",
"4172","2013","1463","351",
"4173","1981","5","870",
"4174","1971","30303474","937",
"4175","1981","287582779","64",
"4176","1982","50","778",
"4177","1998","6","576",
"4178","2002","460169","485",
"4179","1976","8","82",
"4180","1996","5","899",
"4181","2005","6751","809",
"4182","2001","755356","987",
"4183","2007","0","315",
"4184","2025","998439","345",
"4185","2004","51207863","923",
"4186","2014","356081418","141",
"4187","2020","639473","833",
"4188","2025","21321","496",
"4189","2002","3291858","231",
"4190","1990","24196306","540",
"4191","1989","332926","470",
"4192","1993","9413600","792",
"4193","1984","6","890",
"4194","2004","13","66",
"4195","2014","0","300",
"4196","1978","5","603",
"4197","2021","2124531","328",
"4198","2002","7758457","616",
"4199","2025","0","977",
"4200","1996","74","284",
"4201","1985","197414","52",
"4202","1999","0","421",
"4203","2016","0","111",
"4204","2017","18106","523",
"4205","1970","67354","257",
"4206","1984","20","516",
"4207","1993","1","643",
"4208","1993","1044412","260",
"4209","2000","0","907",
"4210","2005","289479951","414",
"4211","2004","0","66",
"4212","1979","2740380","318",
"4213","2024","506","4",
"4214","2025","46251213","111",
"4215","1982","479208","269",
"4216","2010","496498","368",
"4217","1987","1838","381",
"4218","1982","27189","580",
"4219","1995","12316877","569",
"4220","1983","0","423",
"4221","1999","12","868",
"4222","2017","1164446","943",
"4223","2020","995","849",
"4224","1985","123853265","591",
"4225","2008","93630010","474",
"4226","1979","36","962",
"4227","1996","855600","964",
"4228","2021","5","733",
"4229","1974","1","29",
"4230","2014","1766","708",
"4231","2001","16511096","419",
"4232","1997","193","181",
"4233","2010","293980","459",
"4234","1974","26","871",
"4235","2025","277","393",
"4236","1990","33","172",
"4237","1975","6348915","753",
"4238","1995","3552","55",
"4239","2013","128908","82",
"4240","2008","652348","678",
"4241","2006","75718713","617",
"4242","1986","48771135","829",
"4243","1990","13457471","925",
"4244","2021","1343517","665",
"4245","1973","52457681","595",
"4246","1984","8747212","892",
"4247","1978","7992","622",
"4248","2010","288197","564",
"4249","1980","2","592",
"4250","2001","1446840","855",
"4251","1996","65","124",
"4252","1972","189","742",
"4253","1997","506","222",
"4254","1992","2201370","572",
"4255","1972","12599996","183",
"4256","2006","168036572","690",
"4257","1973","0","803",
"4258","2008","1","709",
"4259","1997","390244217","41",
"4260","1995","14218816","204",
"4261","1976","0","927",
"4262","1974","1306433","228",
"4263","1993","57669","343",
"4264","1975","7","270",
"4265","2024","50","405",
"4266","1991","38","408",
"4267","1988","188481","61",
"4268","1980","0","995",
"4269","1971","50030","361",
"4270","1971","1560432","150",
"4271","2013","3776","391",
"4272","1981","85","774",
"4273","2005","419","550",
"4274","1983","249476","332",
"4275","2016","0","663",
"4276","2008","43577","128",
"4277","1998","0","565",
"4278","2025","148","680",
"4279","1985","248","543",
"4280","2010","16208","518",
"4281","2002","26","295",
"4282","1986","50","933",
"4283","1986","37905678","906",
"4284","2006","145","839",
"4285","1984","0","538",
"4286","1976","57288","241",
"4287","2014","44","807",
"4288","1970","14489","776",
"4289","2001","2826","358",
"4290","1998","353691058","153",
"4291","1999","7699","898",
"4292","1989","45939","211",
"4293","2018","52432","599",
"4294","2019","84","460",
"4295","1990","391792574","802",
"4296","1991","0","951",
"4297","1973","43313954","146",
"4298","1995","39017","95",
"4299","2009","42991607","947",
"4300","1971","261591089","976",
"4301","1975","40","690",
"4302","1973","443","511",
"4303","1992","0","612",
"4304","1978","415","217",
"4305","1982","33518236","166",
"4306","1977","0","689",
"4307","2015","82524068","968",
"4308","2025","5453444","393",
"4309","1972","1514543","204",
"4310","1997","3505","799",
"4311","1970","716","176",
"4312","1985","756","302",
"4313","2015","541846360","698",
"4314","1993","3","820",
"4315","2000","210814","73",
"4316","2022","1826339","227",
"4317","2024","550388","347",
"4318","2016","31","282",
"4319","1997","5","561",
"4320","1972","233","562",
"4321","1978","25","797",
"4322","2014","213","600",
"4323","1997","2132","856",
"4324","1976","258","946",
"4325","1995","102711","292",
"4326","2004","1467","963",
"4327","2011","68","171",
"4328","1994","477934","173",
"4329","2005","182","624",
"4330","2008","187394686","70",
"4331","1999","6309631","348",
"4332","2000","24179226","389",
"4333","1995","2","435",
"4334","2009","0","974",
"4335","2009","1061176","215",
"4336","1994","0","504",
"4337","1992","51152","907",
"4338","2018","247053","933",
"4339","2019","1939","104",
"4340","2023","24673849","732",
"4341","1989","5831680","863",
"4342","1987","69","653",
"4343","1992","1","582",
"4344","1991","2663","876",
"4345","2011","455322","329",
"4346","1978","329012846","728",
"4347","2005","5148","223",
"4348","2007","0","363",
"4349","1974","2163","685",
"4350","2012","356","435",
"4351","1983","63647104","517",
"4352","2022","593592","991",
"4353","1986","263943164","281",
"4354","2016","79661","919",
"4355","1974","797","360",
"4356","1994","1","49",
"4357","1971","0","755",
"4358","2022","4728655","710",
"4359","1990","0","829",
"4360","1995","10381740","532",
"4361","2004","4356139","230",
"4362","1998","3538145","312",
"4363","2005","645717","132",
"4364","2009","31478325","638",
"4365","1991","6390","61",
"4366","1985","1839","963",
"4367","2006","247549","446",
"4368","1984","176","55",
"4369","2012","1359","319",
"4370","2025","71","153",
"4371","1993","1256","126",
"4372","1990","1511211","159",
"4373","2001","20029","70",
"4374","1978","28555072","499",
"4375","2006","5827861","652",
"4376","1991","676856394","687",
"4377","1984","1153","264",
"4378","1979","4523","919",
"4379","1997","3","164",
"4380","2001","0","198",
"4381","1973","0","708",
"4382","2013","307","274",
"4383","2012","28319846","979",
"4384","1979","2990756","353",
"4385","2014","714491","985",
"4386","2016","12416369","137",
"4387","2012","2","266",
"4388","1984","541410","68",
"4389","2004","53","934",
"4390","2002","0","133",
"4391","2006","14","484",
"4392","1989","3","976",
"4393","2006","0","238",
"4394","1973","99","219",
"4395","2020","26229","660",
"4396","1975","1237400","697",
"4397","1976","376","542",
"4398","1980","18","271",
"4399","1998","16254","627",
"4400","1993","0","35",
"4401","1986","36","961",
"4402","1989","200","343",
"4403","1985","1","247",
"4404","2006","30","212",
"4405","1970","591175","542",
"4406","2016","18","44",
"4407","2024","123840","409",
"4408","1984","1247","455",
"4409","2003","239093760","394",
"4410","2018","1","435",
"4411","1993","196","117",
"4412","1978","455509390","150",
"4413","1971","5452065","302",
"4414","1993","35980","421",
"4415","2010","1098","314",
"4416","2006","6684","77",
"4417","1997","53147109","950",
"4418","2017","371","32",
"4419","1987","288574008","498",
"4420","1973","263128836","253",
"4421","2019","1343369","276",
"4422","1972","191","284",
"4423","2024","1","213",
"4424","2010","2","379",
"4425","1986","2754163","518",
"4426","2015","98914","23",
"4427","1988","656150","798",
"4428","2023","17980155","845",
"4429","1989","0","576",
"4430","1975","316826","143",
"4431","2016","24","632",
"4432","2020","45","705",
"4433","1988","644585932","875",
"4434","1981","593","583",
"4435","1974","89","172",
"4436","1979","134050739","367",
"4437","2000","386557","61",
"4438","2000","6140","224",
"4439","2000","4759764","859",
"4440","1986","33735700","187",
"4441","2005","740","770",
"4442","1984","3173559","134",
"4443","2003","0","2",
"4444","1978","221","25",
"4445","2010","2365","345",
"4446","2006","31","884",
"4447","2007","678476","652",
"4448","1978","26468718","491",
"4449","1985","37","561",
"4450","1974","58537989","897",
"4451","2012","341","586",
"4452","2002","4234","535",
"4453","2016","64027","199",
"4454","2017","4319149","377",
"4455","1997","7604601","645",
"4456","1997","0","659",
"4457","2001","111898","435",
"4458","2003","3","101",
"4459","1978","11802289","62",
"4460","2020","4176","223",
"4461","2000","260861535","470",
"4462","1973","19241","797",
"4463","2020","57050","557",
"4464","1979","34592","756",
"4465","2002","584","289",
"4466","1978","1748928","525",
"4467","2009","330","839",
"4468","1998","14","735",
"4469","1984","282312","661",
"4470","1976","2010","12",
"4471","1991","36988590","596",
"4472","2019","58669","820",
"4473","1970","1","151",
"4474","1992","7422","17",
"4475","1973","18","549",
"4476","2003","1411907","624",
"4477","1988","21","154",
"4478","1995","6119970","690",
"4479","1989","36016252","666",
"4480","1990","268211","130",
"4481","2021","0","959",
"4482","2021","58031736","733",
"4483","2006","11110","171",
"4484","1999","17254930","736",
"4485","1972","0","935",
"4486","1981","161","808",
"4487","1986","1","10",
"4488","2006","1772804","880",
"4489","1999","0","990",
"4490","2010","0","618",
"4491","1988","1","649",
"4492","1998","2","642",
"4493","2009","41","852",
"4494","2013","2","957",
"4495","1977","633770198","618",
"4496","1980","6","488",
"4497","1972","16661","472",
"4498","1970","5960","999",
"4499","2016","8466120","107",
"4500","1971","13956723","700",
"4501","2005","2810611","913",
"4502","1970","8","453",
"4503","2001","12416","466",
"4504","2021","94","803",
"4505","2021","51932461","413",
"4506","1972","56205","158",
"4507","1981","326","620",
"4508","2014","289452","231",
"4509","1992","0","241",
"4510","1983","241","133",
"4511","2024","3747791","121",
"4512","2004","32","777",
"4513","1997","124","504",
"4514","1976","1172302","548",
"4515","1992","8","661",
"4516","2023","1","436",
"4517","2012","5","403",
"4518","1980","249","558",
"4519","1990","1","489",
"4520","1994","870","734",
"4521","2019","3157","19",
"4522","1987","2","643",
"4523","2012","0","604",
"4524","1987","53","324",
"4525","1982","13","726",
"4526","1988","283725","222",
"4527","2020","10822","324",
"4528","2016","4","30",
"4529","1970","35","589",
"4530","2007","250002","20",
"4531","2005","50206","126",
"4532","2012","0","163",
"4533","1989","369636177","325",
"4534","2002","13074","475",
"4535","2004","38","708",
"4536","2018","806","810",
"4537","2009","1390","970",
"4538","2001","4","965",
"4539","1977","4566","20",
"4540","1997","3","357",
"4541","2020","29","138",
"4542","1979","38398187","132",
"4543","2016","176857242","210",
"4544","2022","416429","683",
"4545","1976","449543632","25",
"4546","1994","0","784",
"4547","2021","6178","933",
"4548","1991","0","430",
"4549","1996","6","214",
"4550","1989","0","664",
"4551","2022","191419","816",
"4552","1973","5087417","625",
"4553","1992","471820","693",
"4554","1974","52494192","502",
"4555","1985","3089","602",
"4556","2025","5","417",
"4557","2021","1215","519",
"4558","2016","10","552",
"4559","1971","503913","577",
"4560","1973","5712971","338",
"4561","1982","2194998","989",
"4562","1985","27458","593",
"4563","1980","7526","9",
"4564","1984","7102","476",
"4565","2019","4686","752",
"4566","2017","347084","177",
"4567","2001","353570","114",
"4568","2025","281755057","826",
"4569","1981","0","951",
"4570","1997","113","317",
"4571","1990","435126","840",
"4572","1997","0","334",
"4573","2002","1","681",
"4574","1990","18687630","513",
"4575","2011","58472937","177",
"4576","1980","156487578","527",
"4577","1997","590419","218",
"4578","2012","7","755",
"4579","1972","604","586",
"4580","1973","5427","868",
"4581","2013","85","615",
"4582","2024","3010894","612",
"4583","2013","19503","86",
"4584","1970","7005","251",
"4585","1998","0","946",
"4586","1991","1","168",
"4587","1998","301338","777",
"4588","1980","382","421",
"4589","2003","16464064","359",
"4590","2011","0","733",
"4591","1984","15137","891",
"4592","1998","25704","506",
"4593","2017","4282825","585",
"4594","2018","7455","647",
"4595","1997","12213309","597",
"4596","1983","113438029","778",
"4597","2011","2","714",
"4598","1994","222","259",
"4599","1997","0","958",
"4600","1995","5","830",
"4601","1979","1668798","673",
"4602","2019","4908337","645",
"4603","1989","317","84",
"4604","1988","2933434","973",
"4605","1987","737934234","904",
"4606","2025","33","458",
"4607","2008","67","339",
"4608","2013","154","603",
"4609","2004","48464925","645",
"4610","2004","11802739","679",
"4611","1999","20856365","109",
"4612","2020","9","493",
"4613","1987","0","548",
"4614","2017","6416","176",
"4615","1989","24629452","903",
"4616","2005","32530","59",
"4617","2013","10388","317",
"4618","2007","4","147",
"4619","2001","6923","563",
"4620","1979","313992","862",
"4621","2005","1","746",
"4622","2019","14552535","937",
"4623","2003","9528","888",
"4624","2003","47001171","423",
"4625","1978","4750344","406",
"4626","2020","1429040","307",
"4627","1996","2543","204",
"4628","1993","1009","817",
"4629","1982","0","414",
"4630","1985","0","434",
"4631","1975","353","586",
"4632","2000","0","372",
"4633","1987","206230","233",
"4634","1994","8862","16",
"4635","1994","4","169",
"4636","2002","258020524","505",
"4637","1973","450066","702",
"4638","2004","4","572",
"4639","1978","0","881",
"4640","2007","264183279","804",
"4641","1979","7364384","774",
"4642","1999","0","123",
"4643","2015","561","676",
"4644","2018","2214","662",
"4645","2009","365069968","927",
"4646","2012","882","18",
"4647","1995","0","86",
"4648","2013","0","809",
"4649","1991","33932263","157",
"4650","1979","107","627",
"4651","1974","4043","454",
"4652","1995","462267379","427",
"4653","2015","40501","431",
"4654","1996","0","297",
"4655","2011","6","451",
"4656","1992","71583","889",
"4657","2013","457438","724",
"4658","1983","2","440",
"4659","1978","22","75",
"4660","1977","30621512","12",
"4661","2012","1445760","677",
"4662","1983","56947","6",
"4663","1971","1212","607",
"4664","2021","176","261",
"4665","1972","535","837",
"4666","1983","313691","369",
"4667","1979","311333","280",
"4668","1980","2","13",
"4669","1994","23415969","285",
"4670","1971","714151","943",
"4671","2016","3","186",
"4672","1990","0","430",
"4673","1988","30","174",
"4674","1983","5614154","845",
"4675","1991","0","132",
"4676","1972","0","317",
"4677","1970","12231704","181",
"4678","1993","8654602","24",
"4679","1990","27653394","389",
"4680","2012","54951446","854",
"4681","2004","102159","135",
"4682","2005","2","865",
"4683","2012","114621","155",
"4684","1993","3383601","172",
"4685","1987","464","970",
"4686","2011","3","931",
"4687","1984","3796","935",
"4688","1989","4","768",
"4689","1973","10090","264",
"4690","2024","873782823","124",
"4691","1990","115","596",
"4692","2008","1184264","99",
"4693","2011","73501","435",
"4694","2000","0","173",
"4695","2020","126826","545",
"4696","2015","68","703",
"4697","1988","1469","174",
"4698","2016","24","363",
"4699","1971","49963624","764",
"4700","2020","0","332",
"4701","1998","68","76",
"4702","1986","7","806",
"4703","1971","118815501","677",
"4704","1993","509015","278",
"4705","1998","0","82",
"4706","1983","124","476",
"4707","2024","39609","123",
"4708","2012","3640429","964",
"4709","1998","15","122",
"4710","1996","688","210",
"4711","2023","0","392",
"4712","1983","915516","582",
"4713","1983","160441273","966",
"4714","1978","0","457",
"4715","2002","269660","660",
"4716","2022","8869","346",
"4717","1979","23589","489",
"4718","1986","2595223","127",
"4719","1978","0","877",
"4720","1985","2","688",
"4721","2004","3064","991",
"4722","2002","0","847",
"4723","2002","54262","44",
"4724","1980","10","250",
"4725","1978","473099","222",
"4726","2000","5068","25",
"4727","2004","14242","861",
"4728","2013","889171","896",
"4729","2000","131377","496",
"4730","1970","10748315","627",
"4731","1986","4","701",
"4732","2025","20","822",
"4733","2007","25","619",
"4734","1987","1020","514",
"4735","1980","682504","967",
"4736","2025","18","808",
"4737","1972","20327","664",
"4738","1981","2","258",
"4739","2023","11","217",
"4740","2009","0","999",
"4741","2014","1","354",
"4742","1987","0","785",
"4743","2018","229993","761",
"4744","1985","7103","247",
"4745","2025","44805","700",
"4746","2016","11556","625",
"4747","1989","4585724","810",
"4748","1970","22","143",
"4749","1990","13101790","690",
"4750","1980","213056039","547",
"4751","1975","50790005","584",
"4752","1974","322","162",
"4753","2024","6932","145",
"4754","1987","0","186",
"4755","2021","0","934",
"4756","2021","498843","891",
"4757","2017","134","822",
"4758","1999","892911122","915",
"4759","2002","55680227","786",
"4760","2003","7195","241",
"4761","1999","337501155","832",
"4762","1984","5","248",
"4763","1994","2902572","813",
"4764","2005","793543643","76",
"4765","1982","84218","389",
"4766","1975","467032","11",
"4767","1988","2041","333",
"4768","2007","212608","753",
"4769","2024","0","724",
"4770","1989","1","704",
"4771","1987","56155079","184",
"4772","2016","0","280",
"4773","2011","410","826",
"4774","2003","1372152","925",
"4775","1970","254448828","273",
"4776","1982","1","856",
"4777","1993","34236716","646",
"4778","2023","0","675",
"4779","2008","593","234",
"4780","1989","1","566",
"4781","2020","19","10",
"4782","2022","2103955","932",
"4783","1995","1","251",
"4784","2006","1492","275",
"4785","1993","0","508",
"4786","1986","46676","293",
"4787","1979","0","808",
"4788","1999","284233","503",
"4789","2003","0","635",
"4790","1994","2","510",
"4791","2012","0","434",
"4792","1973","14042487","596",
"4793","2013","485745","486",
"4794","1995","4","657",
"4795","1970","7166","850",
"4796","2014","1185","963",
"4797","2004","328454","887",
"4798","2013","19645","872",
"4799","1999","161542","262",
"4800","2025","82401","592",
"4801","1994","41636667","313",
"4802","1979","36","512",
"4803","1999","3","724",
"4804","1975","0","366",
"4805","2025","21724762","207",
"4806","2011","8784011","894",
"4807","1974","34250","611",
"4808","1974","21711970","956",
"4809","2025","185","649",
"4810","1978","5288","144",
"4811","1970","2129139","955",
"4812","2013","138317","371",
"4813","2003","0","786",
"4814","2018","90233877","441",
"4815","1977","189777069","497",
"4816","1984","68500","313",
"4817","1970","439","620",
"4818","2020","10197","622",
"4819","1986","10750","313",
"4820","2017","364967","574",
"4821","2000","129926","900",
"4822","2004","36","443",
"4823","1993","0","144",
"4824","1998","7253","818",
"4825","2009","14938470","415",
"4826","1995","3","382",
"4827","2003","17","134",
"4828","1977","1395302","994",
"4829","1975","2","475",
"4830","1986","956314","403",
"4831","1998","2733417","796",
"4832","1992","1","825",
"4833","1976","21","548",
"4834","2010","0","327",
"4835","1992","3","58",
"4836","1981","0","975",
"4837","2002","68630","534",
"4838","2021","1351","405",
"4839","1981","13385815","990",
"4840","2021","603042","409",
"4841","1981","47324020","715",
"4842","1990","0","731",
"4843","1978","2103","854",
"4844","1977","35806","273",
"4845","1974","2252","723",
"4846","2016","195","308",
"4847","2025","2169860","177",
"4848","1970","569052","861",
"4849","1981","5","828",
"4850","1973","8","454",
"4851","2003","10","197",
"4852","1994","1917","858",
"4853","2015","53","42",
"4854","1986","4800565","726",
"4855","1987","72009","173",
"4856","1978","208372","343",
"4857","2019","2101","606",
"4858","2017","1969350","468",
"4859","2013","1243","629",
"4860","1973","1520820","142",
"4861","2014","1133","114",
"4862","1992","18","819",
"4863","2022","24039968","309",
"4864","2020","0","671",
"4865","1994","3954077","576",
"4866","2011","58","331",
"4867","2006","303909830","322",
"4868","1974","280580170","248",
"4869","1994","14901","43",
"4870","1970","0","227",
"4871","2016","55657","694",
"4872","1975","3253514","6",
"4873","2025","32148066","472",
"4874","2005","5","336",
"4875","2017","203860","681",
"4876","1986","419","882",
"4877","1973","4","482",
"4878","2004","1","64",
"4879","2014","0","775",
"4880","2009","87552","121",
"4881","2004","309744","457",
"4882","2013","7","981",
"4883","2007","5966653","89",
"4884","1986","33809893","776",
"4885","1976","84380","927",
"4886","2004","359593","747",
"4887","2018","2258","297",
"4888","2006","47832","148",
"4889","1991","25884635","626",
"4890","2018","95123","733",
"4891","1974","3396064","790",
"4892","2010","2151","101",
"4893","1982","921579","868",
"4894","2024","0","121",
"4895","1994","143","85",
"4896","2018","72692933","631",
"4897","2016","55030912","215",
"4898","2001","7","346",
"4899","1985","3","277",
"4900","1990","11","924",
"4901","2000","12302","516",
"4902","2013","665","425",
"4903","1992","5422","92",
"4904","2016","0","326",
"4905","1984","405737113","12",
"4906","1979","4838587","274",
"4907","1986","12","860",
"4908","2012","251519","933",
"4909","1983","5655197","553",
"4910","1988","0","971",
"4911","2005","3867","175",
"4912","2014","10103854","614",
"4913","2005","72946513","524",
"4914","2015","381809502","241",
"4915","2015","37","363",
"4916","1970","4","407",
"4917","1991","6707","470",
"4918","2001","29540","669",
"4919","2024","0","346",
"4920","2005","263006","333",
"4921","1970","1388331","501",
"4922","1997","4342696","388",
"4923","1993","3","434",
"4924","2014","295251","459",
"4925","2003","9","194",
"4926","2018","24794","715",
"4927","2015","2041","868",
"4928","1994","39825880","428",
"4929","1972","523","658",
"4930","2009","1706900","773",
"4931","1979","125226591","991",
"4932","1971","40965600","992",
"4933","1978","130","437",
"4934","1993","5","512",
"4935","1973","4","86",
"4936","2012","0","949",
"4937","1982","783305158","125",
"4938","2014","241","365",
"4939","2018","609293","523",
"4940","1996","50480","192",
"4941","1976","377","674",
"4942","2000","0","591",
"4943","2009","42046","645",
"4944","1994","12931180","258",
"4945","1972","6657","726",
"4946","2021","9563","343",
"4947","2014","1783","423",
"4948","1973","16","235",
"4949","2009","207613900","764",
"4950","2020","6020797","731",
"4951","1987","287635","648",
"4952","2025","201","340",
"4953","2020","15","350",
"4954","1999","12714634","272",
"4955","2000","0","403",
"4956","2021","10170690","424",
"4957","2017","0","861",
"4958","2019","1652363","822",
"4959","1977","390424041","570",
"4960","1985","22027516","5",
"4961","2013","0","655",
"4962","2014","138476","652",
"4963","1985","15","520",
"4964","2005","239","451",
"4965","1973","33786","535",
"4966","1972","23","241",
"4967","1979","190","130",
"4968","1982","4775423","412",
"4969","2017","9676","692",
"4970","2012","9099675","648",
"4971","2009","862","860",
"4972","1975","1890","971",
"4973","1990","74278791","272",
"4974","2013","14835694","600",
"4975","2005","891309338","5",
"4976","1976","7653","660",
"4977","1974","57068","322",
"4978","2009","17490917","435",
"4979","1973","44376787","332",
"4980","1984","0","373",
"4981","1990","65813038","136",
"4982","1988","698541","320",
"4983","2024","7","608",
"4984","2002","2542","430",
"4985","1995","1","369",
"4986","2012","28772","803",
"4987","1973","12446","543",
"4988","1995","263890","706",
"4989","2022","230074","128",
"4990","1987","1110","983",
"4991","2014","11","37",
"4992","2016","2","851",
"4993","1985","0","883",
"4994","1981","22479","774",
"4995","2003","390","736",
"4996","2015","57030297","521",
"4997","1991","29623","683",
"4998","1987","0","277",
"4999","1985","0","130",
"5000","1970","16917011","732",
"5001","2021","13622804","379",
"5002","1978","21812","742",
"5003","2003","55135152","12",
"5004","2013","7774767","899",
"5005","2021","173","396",
"5006","2020","0","11",
"5007","1990","60807","261",
"5008","1976","1","525",
"5009","1998","25","497",
"5010","1973","72427","695",
"5011","1992","27","195",
"5012","2014","0","503",
"5013","1978","0","596",
"5014","2000","77432468","195",
"5015","2015","205920733","923",
"5016","1970","416","487",
"5017","1976","2437","327",
"5018","2001","23512","181",
"5019","1995","134","120",
"5020","1997","3","783",
"5021","1974","3233848","231",
"5022","1993","484836","786",
"5023","1978","0","53",
"5024","2008","53296","343",
"5025","2018","64639649","273",
"5026","1970","3132705","688",
"5027","2006","4519","896",
"5028","1971","46527","903",
"5029","2007","85","590",
"5030","1987","0","801",
"5031","2021","5321","661",
"5032","1974","30341802","632",
"5033","2023","167127","881",
"5034","2010","0","174",
"5035","2005","12","342",
"5036","2000","132","179",
"5037","1989","1","50",
"5038","1994","23056","883",
"5039","2022","1556","772",
"5040","1989","8352093","534",
"5041","1973","62544485","904",
"5042","2021","40151196","634",
"5043","1970","0","81",
"5044","1982","29056","634",
"5045","2008","29083391","202",
"5046","1990","3","350",
"5047","2017","77","234",
"5048","2006","39","634",
"5049","2009","2666","407",
"5050","1975","932690","0",
"5051","1992","286321","382",
"5052","1992","405050","611",
"5053","1996","5708935","494",
"5054","2010","27463","47",
"5055","2007","24373352","33",
"5056","1989","362","739",
"5057","2003","1","476",
"5058","1993","2865098","734",
"5059","2016","915083","879",
"5060","2000","69920837","948",
"5061","1978","186","255",
"5062","1991","0","907",
"5063","1995","2677","86",
"5064","1994","65916","637",
"5065","2009","59","502",
"5066","2002","26","176",
"5067","2008","47284949","564",
"5068","1984","0","537",
"5069","2021","2","907",
"5070","2005","596072858","646",
"5071","2013","82","901",
"5072","2017","6","164",
"5073","1996","0","252",
"5074","2001","2","632",
"5075","2016","78","690",
"5076","1991","0","748",
"5077","2001","722","89",
"5078","1985","31860","793",
"5079","1975","4","221",
"5080","1973","91","316",
"5081","1981","247","898",
"5082","2019","304885","170",
"5083","2020","63","175",
"5084","2019","3196","223",
"5085","1989","4","146",
"5086","1977","119287","454",
"5087","2012","8065","181",
"5088","1974","0","684",
"5089","1975","287088","340",
"5090","1971","5035","443",
"5091","1997","1401","11",
"5092","1979","6","571",
"5093","1973","415241076","641",
"5094","2010","410029","461",
"5095","1999","42517029","999",
"5096","2015","971","681",
"5097","1974","2051","76",
"5098","1992","13","538",
"5099","1981","24229394","339",
"5100","2005","1215708","662",
"5101","2021","3758298","973",
"5102","2000","0","390",
"5103","2019","345127724","211",
"5104","1983","56266","431",
"5105","2004","2199495","246",
"5106","2013","69","786",
"5107","1997","2","927",
"5108","2007","6","369",
"5109","1985","0","781",
"5110","2005","1368692","940",
"5111","2014","1638","725",
"5112","1992","304","423",
"5113","2017","18864903","377",
"5114","1982","598","819",
"5115","1998","152","980",
"5116","2010","878426","92",
"5117","2001","371","268",
"5118","1994","514904","130",
"5119","1971","939","856",
"5120","1973","22413","90",
"5121","2025","474407","549",
"5122","2004","2420587","772",
"5123","1987","0","588",
"5124","1991","29670632","374",
"5125","1997","7570","996",
"5126","1988","416344670","652",
"5127","2010","16788","69",
"5128","2009","30916852","880",
"5129","1978","0","16",
"5130","2022","20691","332",
"5131","1979","2","926",
"5132","1976","226969","12",
"5133","1971","6147","372",
"5134","2024","34768878","590",
"5135","1979","47737","516",
"5136","2013","58912","196",
"5137","1997","1360576","460",
"5138","2011","39983560","79",
"5139","1993","547","502",
"5140","1999","2848435","215",
"5141","2004","40","151",
"5142","2018","0","609",
"5143","1974","14564","502",
"5144","2006","52952896","195",
"5145","1981","786","869",
"5146","1985","52591","173",
"5147","1975","0","77",
"5148","2024","33009","571",
"5149","1991","17","17",
"5150","1995","274895","694",
"5151","1998","64349926","562",
"5152","1989","0","91",
"5153","2004","0","740",
"5154","2012","168215694","356",
"5155","1987","45","765",
"5156","2015","29239","303",
"5157","2021","24","97",
"5158","1997","8816452","820",
"5159","1971","82150","376",
"5160","2004","0","427",
"5161","2015","39","772",
"5162","2011","193586565","233",
"5163","1976","712","816",
"5164","2010","8","112",
"5165","2004","253238151","583",
"5166","2020","633","474",
"5167","2024","44","697",
"5168","1984","116914188","653",
"5169","2007","25546918","961",
"5170","1988","1647986","875",
"5171","2020","0","379",
"5172","2003","0","698",
"5173","1997","24504220","861",
"5174","1988","446169884","530",
"5175","1979","46703984","927",
"5176","2000","0","8",
"5177","2013","162578854","258",
"5178","1998","124","980",
"5179","2010","282990116","703",
"5180","2010","368088","47",
"5181","2009","2","663",
"5182","1978","20893","914",
"5183","1998","367357","659",
"5184","2018","46","293",
"5185","2005","0","903",
"5186","2003","474860779","739",
"5187","1997","5","466",
"5188","1993","39465624","399",
"5189","2016","714","587",
"5190","1982","0","783",
"5191","2006","6","603",
"5192","1994","404270861","712",
"5193","1974","6","420",
"5194","1979","322","441",
"5195","2017","0","755",
"5196","1971","1980","854",
"5197","2011","83802422","262",
"5198","1996","28","638",
"5199","1998","7","170",
"5200","1981","27448","393",
"5201","1982","174","636",
"5202","2007","88074","719",
"5203","1982","474855959","767",
"5204","1982","1","926",
"5205","1976","446","420",
"5206","2014","3","868",
"5207","1975","1729506","502",
"5208","1983","410565104","611",
"5209","1984","5747561","216",
"5210","2006","3","771",
"5211","1988","77589","241",
"5212","1981","610","292",
"5213","2003","436257","422",
"5214","1991","757786523","548",
"5215","2009","144351","605",
"5216","1986","86644","180",
"5217","2005","109637","286",
"5218","1995","3","973",
"5219","2025","99","295",
"5220","2008","0","2",
"5221","2013","4136888","428",
"5222","2005","3487","869",
"5223","1970","7533896","730",
"5224","1988","2","674",
"5225","2000","0","928",
"5226","2012","349083432","241",
"5227","1990","27964642","38",
"5228","2012","23696","759",
"5229","2006","4","993",
"5230","1986","233","317",
"5231","1990","0","248",
"5232","1987","3","597",
"5233","1988","66","4",
"5234","2025","2","968",
"5235","1970","907","877",
"5236","1984","547","938",
"5237","1985","2727967","804",
"5238","1999","59006","752",
"5239","1986","1269","728",
"5240","2001","5","193",
"5241","2012","21","819",
"5242","1992","3","557",
"5243","2008","3618212","64",
"5244","2009","335925874","990",
"5245","2003","3952","367",
"5246","2025","80684058","204",
"5247","2007","3412","714",
"5248","2018","222","310",
"5249","1980","6361254","129",
"5250","1994","4333","860",
"5251","2022","115","203",
"5252","1982","1454","697",
"5253","2013","10221","78",
"5254","2009","1270911","532",
"5255","2023","53872378","747",
"5256","1986","990","306",
"5257","2019","6371","707",
"5258","2025","25953017","35",
"5259","2008","340551811","204",
"5260","2015","1","374",
"5261","2010","691704","166",
"5262","2009","1401491","685",
"5263","2012","19916341","782",
"5264","1975","0","858",
"5265","2022","61","43",
"5266","1987","7","160",
"5267","1972","329182344","415",
"5268","1989","58","13",
"5269","2009","148619","167",
"5270","1983","11","260",
"5271","1998","11930","725",
"5272","1996","66132429","551",
"5273","1970","34207","210",
"5274","2022","1","711",
"5275","1986","14","309",
"5276","1996","0","567",
"5277","1993","212","41",
"5278","1992","5","777",
"5279","1999","437","398",
"5280","1989","3222","327",
"5281","2011","0","857",
"5282","1973","0","855",
"5283","1980","0","924",
"5284","1992","60","368",
"5285","2009","0","95",
"5286","1985","986","676",
"5287","2011","5","429",
"5288","2019","167186","362",
"5289","2024","20","115",
"5290","1998","149673392","785",
"5291","2006","5","272",
"5292","2009","1","293",
"5293","1978","77364","64",
"5294","1974","35955596","791",
"5295","2018","1","446",
"5296","2017","2157076","375",
"5297","1996","2366961","972",
"5298","1993","26870","402",
"5299","2025","455","86",
"5300","2018","55","162",
"5301","1980","0","935",
"5302","2009","781","72",
"5303","2023","1132391","67",
"5304","2002","465","869",
"5305","2020","37419","2",
"5306","1977","756","991",
"5307","2009","5519","824",
"5308","1977","653","21",
"5309","1985","84336204","707",
"5310","1976","0","169",
"5311","1998","18586119","271",
"5312","2007","2127","977",
"5313","1993","73","952",
"5314","1984","38849645","960",
"5315","2021","678779","227",
"5316","1976","1640500","47",
"5317","2023","0","156",
"5318","1984","0","549",
"5319","1989","2595362","639",
"5320","2004","349129174","973",
"5321","1985","3537759","615",
"5322","1982","219574","169",
"5323","2009","87971","152",
"5324","1998","25208","563",
"5325","2024","138538631","354",
"5326","2002","351","199",
"5327","1988","26","921",
"5328","1974","678691200","692",
"5329","1984","4","434",
"5330","2016","343","395",
"5331","1989","2021336","359",
"5332","1976","1181437","869",
"5333","2009","63034","994",
"5334","1996","577","12",
"5335","2013","58","873",
"5336","1970","4","969",
"5337","1988","51","686",
"5338","2005","5082323","432",
"5339","1975","8614","997",
"5340","2005","1584","25",
"5341","2020","1004488","696",
"5342","1980","688","196",
"5343","2010","776011082","805",
"5344","1970","274238","735",
"5345","1970","90676","786",
"5346","1994","8273531","65",
"5347","1989","658041","389",
"5348","1976","949","3",
"5349","1998","0","708",
"5350","1983","20746","515",
"5351","1984","25043250","842",
"5352","1978","1183037","287",
"5353","2023","2","921",
"5354","2023","6520","69",
"5355","2016","68","763",
"5356","1976","15097848","348",
"5357","2009","589106","813",
"5358","2013","26175128","478",
"5359","1983","850","927",
"5360","2020","46","160",
"5361","1988","4754","584",
"5362","2009","3","398",
"5363","2000","3173351","755",
"5364","2020","35","281",
"5365","2006","668096319","58",
"5366","1996","13305","728",
"5367","1975","4919637","93",
"5368","1972","0","569",
"5369","2013","526","476",
"5370","1982","2659488","89",
"5371","2015","0","3",
"5372","2010","538","395",
"5373","1978","49","120",
"5374","2025","40861226","218",
"5375","2019","624567474","852",
"5376","1970","319643","570",
"5377","2015","342","740",
"5378","2015","41791688","563",
"5379","1974","0","37",
"5380","2010","49195385","223",
"5381","2006","1578","277",
"5382","1980","1552244","641",
"5383","2025","20902724","37",
"5384","2017","332633","908",
"5385","2001","13846","445",
"5386","2006","1907","620",
"5387","2008","133721","326",
"5388","1973","11","406",
"5389","1980","760233","991",
"5390","2012","2744","311",
"5391","2002","477","215",
"5392","1971","99427","979",
"5393","1979","16694","397",
"5394","1980","0","269",
"5395","2025","184","207",
"5396","1974","0","493",
"5397","2009","14068897","418",
"5398","2006","8676","594",
"5399","2005","7008745","562",
"5400","2005","0","801",
"5401","2015","16","931",
"5402","1984","4","180",
"5403","1984","0","882",
"5404","2013","1516","802",
"5405","1995","513611","351",
"5406","2024","0","310",
"5407","2014","259","858",
"5408","1973","259679","79",
"5409","2000","14","57",
"5410","1980","15938","129",
"5411","1997","53","396",
"5412","2025","4539","763",
"5413","1998","1","542",
"5414","2025","2","622",
"5415","2013","90876","583",
"5416","1999","62244694","78",
"5417","2012","8042","94",
"5418","1983","5643750","279",
"5419","1971","732348","373",
"5420","1998","4066","729",
"5421","1977","172621","762",
"5422","2022","200536552","302",
"5423","1988","0","116",
"5424","1971","0","875",
"5425","2015","0","640",
"5426","2002","0","678",
"5427","2023","296","82",
"5428","1999","519","992",
"5429","1996","0","929",
"5430","2016","2440415","228",
"5431","2011","300288","811",
"5432","1986","5003","999",
"5433","2005","48","422",
"5434","1981","4788","620",
"5435","1993","594412876","848",
"5436","2005","4727","921",
"5437","2011","0","324",
"5438","2019","0","619",
"5439","2021","6655134","644",
"5440","2007","1007639","469",
"5441","2010","0","706",
"5442","1997","0","904",
"5443","1981","2","257",
"5444","2017","149908","119",
"5445","2009","0","423",
"5446","2014","0","11",
"5447","2004","17","202",
"5448","1990","18","809",
"5449","1985","797","41",
"5450","2022","3975982","24",
"5451","1975","0","501",
"5452","2015","214216123","969",
"5453","1997","1","28",
"5454","1999","393918","21",
"5455","1983","182377471","696",
"5456","1992","1328","863",
"5457","1971","2300993","446",
"5458","2019","2872","0",
"5459","1977","7684","848",
"5460","2015","1649","230",
"5461","2000","0","747",
"5462","2012","48456","283",
"5463","2013","330666673","402",
"5464","1992","169","314",
"5465","2021","20083","503",
"5466","2006","8509","558",
"5467","1980","2","775",
"5468","2005","26","15",
"5469","2017","237","588",
"5470","2015","5453365","7",
"5471","2000","1","485",
"5472","2019","6396753","592",
"5473","2008","2358140","559",
"5474","2001","1561712","43",
"5475","1981","15","579",
"5476","1994","64052","518",
"5477","1993","423199594","8",
"5478","1992","92","346",
"5479","1993","2208","73",
"5480","2017","3","620",
"5481","2013","3","784",
"5482","1972","488886","416",
"5483","2003","144512036","49",
"5484","2019","40207740","591",
"5485","2004","24934814","218",
"5486","1987","3739","926",
"5487","2013","8026783","994",
"5488","2015","17039","529",
"5489","2001","93196","252",
"5490","1974","517390161","242",
"5491","1989","8","553",
"5492","2010","1","525",
"5493","2004","751856","408",
"5494","2012","1341694","385",
"5495","1993","536226","655",
"5496","1995","87456488","333",
"5497","2022","8576","102",
"5498","1994","3747898","441",
"5499","2002","24","565",
"5500","1979","181776678","325",
"5501","1974","34004254","491",
"5502","1987","0","910",
"5503","1994","0","952",
"5504","2015","94304618","53",
"5505","1978","3010719","159",
"5506","2001","2","604",
"5507","2019","5","885",
"5508","2008","244494615","835",
"5509","2007","108","145",
"5510","1983","36420","481",
"5511","2018","0","901",
"5512","1994","14249","77",
"5513","2019","169489533","183",
"5514","2000","22887","153",
"5515","1988","328317650","851",
"5516","1982","0","418",
"5517","2010","0","975",
"5518","1972","17455422","946",
"5519","1975","386019","344",
"5520","2017","2","119",
"5521","1996","2","705",
"5522","1970","1","689",
"5523","2024","868","691",
"5524","1971","276593748","771",
"5525","2005","8922835","188",
"5526","1971","1","935",
"5527","1981","93574803","986",
"5528","2009","143","111",
"5529","1974","1368","406",
"5530","2012","667","636",
"5531","1990","5205","798",
"5532","2018","408","267",
"5533","1999","0","387",
"5534","2010","758","54",
"5535","2003","695","441",
"5536","1989","93","865",
"5537","1988","47333","749",
"5538","1999","92","90",
"5539","2007","393844575","824",
"5540","2007","87","388",
"5541","2014","27656713","540",
"5542","2001","10474174","80",
"5543","2019","6202","115",
"5544","1988","421","707",
"5545","2020","753","188",
"5546","2021","15865","485",
"5547","2003","1768557","110",
"5548","2015","0","763",
"5549","2004","198061621","489",
"5550","1999","6","1",
"5551","2000","140632180","157",
"5552","1974","148753","397",
"5553","1986","3134","64",
"5554","2008","1","182",
"5555","2012","387","475",
"5556","1999","241954754","512",
"5557","1981","0","624",
"5558","2008","7675515","530",
"5559","1981","212705","637",
"5560","1992","3","670",
"5561","1971","666146","750",
"5562","1974","8622","699",
"5563","1977","6","592",
"5564","1982","13","505",
"5565","2008","493","805",
"5566","1988","63","825",
"5567","2023","8012752","844",
"5568","2016","0","633",
"5569","2018","475951066","886",
"5570","2006","351","165",
"5571","1993","385864516","841",
"5572","1981","0","848",
"5573","2008","0","276",
"5574","2013","31388456","608",
"5575","1981","265754","764",
"5576","2016","2418002","490",
"5577","1985","22455877","227",
"5578","2017","3056522","472",
"5579","2008","8309092","317",
"5580","1997","458","896",
"5581","1984","41","799",
"5582","1985","325229824","611",
"5583","2019","1501552","824",
"5584","2017","1800","728",
"5585","1971","1","919",
"5586","2025","500263442","108",
"5587","1990","20930","96",
"5588","2008","448779","302",
"5589","1985","1836","241",
"5590","1987","157","727",
"5591","2004","67","758",
"5592","2012","2837","260",
"5593","1992","959","558",
"5594","1977","5973","885",
"5595","2010","0","103",
"5596","1994","24987","960",
"5597","1998","1","659",
"5598","1970","61403314","723",
"5599","2001","1771606","742",
"5600","2004","93","386",
"5601","2020","302991","895",
"5602","1994","16","971",
"5603","2023","327220395","473",
"5604","2007","63648","447",
"5605","2000","2","904",
"5606","2014","183","368",
"5607","2002","278","368",
"5608","1990","54","748",
"5609","2008","70779953","58",
"5610","2005","0","972",
"5611","2005","2","621",
"5612","2017","0","999",
"5613","1975","2106162","910",
"5614","1970","2137","461",
"5615","2003","52","38",
"5616","1981","309184","564",
"5617","2016","74","732",
"5618","1984","123733","427",
"5619","2025","11701","766",
"5620","1979","539198","103",
"5621","1999","2128602","968",
"5622","1970","132","746",
"5623","2003","362076501","464",
"5624","1986","0","716",
"5625","2015","252353916","162",
"5626","2006","162","676",
"5627","1972","3286975","882",
"5628","2012","152447230","101",
"5629","1974","593677900","594",
"5630","1990","51691","912",
"5631","2006","0","793",
"5632","1975","123","335",
"5633","1983","409","676",
"5634","1984","0","443",
"5635","1991","82546960","838",
"5636","1986","398226","397",
"5637","1996","418318","789",
"5638","1997","18","28",
"5639","1973","144334","753",
"5640","2009","0","581",
"5641","2005","236837","950",
"5642","2001","30","780",
"5643","2005","8968","100",
"5644","1986","100418","228",
"5645","1994","15","545",
"5646","2016","0","2",
"5647","2024","361","596",
"5648","2017","2626","465",
"5649","2021","4495","868",
"5650","2012","1929","389",
"5651","2024","862343","477",
"5652","2024","4419460","263",
"5653","2023","1568","207",
"5654","1989","135","157",
"5655","1985","0","234",
"5656","2004","69","921",
"5657","2022","301","823",
"5658","1987","266923","561",
"5659","2002","191926595","6",
"5660","2010","2","842",
"5661","1999","0","620",
"5662","2016","421976760","199",
"5663","1984","36560","414",
"5664","2013","0","855",
"5665","2010","350503","135",
"5666","1976","0","579",
"5667","1972","195","634",
"5668","1987","65","671",
"5669","1993","4","721",
"5670","1993","17759","261",
"5671","1975","242600501","932",
"5672","1982","452198","973",
"5673","2009","940","303",
"5674","1984","438370","132",
"5675","1992","284628","166",
"5676","1978","2093","643",
"5677","2023","8","709",
"5678","1982","176156","895",
"5679","1987","1","804",
"5680","2015","227842838","640",
"5681","2024","48372","236",
"5682","2022","70","131",
"5683","1988","479787","236",
"5684","1976","3301","561",
"5685","2001","1168242","187",
"5686","2019","0","338",
"5687","1973","24913","273",
"5688","2006","5732","613",
"5689","1997","0","17",
"5690","2024","0","718",
"5691","2005","349","605",
"5692","1989","767298","111",
"5693","2014","58343","212",
"5694","1978","279","670",
"5695","2015","286031","191",
"5696","1980","691639","361",
"5697","1976","1","436",
"5698","1993","54362","699",
"5699","2017","38","45",
"5700","1982","48754222","116",
"5701","1972","5","330",
"5702","2007","0","399",
"5703","2020","20","266",
"5704","1986","7861655","368",
"5705","1985","2","17",
"5706","2024","0","751",
"5707","2023","21993","390",
"5708","1995","28332","914",
"5709","2010","527206","636",
"5710","2024","87400991","400",
"5711","1972","966151","96",
"5712","1993","14789","499",
"5713","2016","5706619","0",
"5714","2004","2","158",
"5715","2010","421636214","812",
"5716","2019","453540","816",
"5717","2018","245","846",
"5718","2004","296","44",
"5719","2018","33833","779",
"5720","1970","4200663","800",
"5721","1992","20652927","741",
"5722","1997","38830366","979",
"5723","2003","2","204",
"5724","1978","0","300",
"5725","2001","497328606","696",
"5726","1981","20","29",
"5727","1970","324732418","267",
"5728","2000","568555788","570",
"5729","2006","280","207",
"5730","1977","4987","822",
"5731","1999","2002","450",
"5732","2013","141","173",
"5733","1998","1368086","117",
"5734","2022","12","580",
"5735","1972","442250","9",
"5736","1970","0","125",
"5737","2007","18470275","557",
"5738","2013","0","160",
"5739","2015","74","810",
"5740","1983","34","461",
"5741","2017","285","885",
"5742","1980","64","918",
"5743","2014","1369309","325",
"5744","1984","427117","882",
"5745","1995","119","381",
"5746","2021","8817106","371",
"5747","2012","0","130",
"5748","2017","99","645",
"5749","2024","571119","373",
"5750","2002","0","6",
"5751","2006","1731372","697",
"5752","1984","6580771","764",
"5753","2010","16","200",
"5754","2018","4481","295",
"5755","1983","4","484",
"5756","1976","2485559","789",
"5757","2009","424201","935",
"5758","1970","39847714","874",
"5759","1979","2419","578",
"5760","1995","5041692","800",
"5761","2014","18","253",
"5762","1974","265","657",
"5763","2024","1228929","912",
"5764","2008","0","152",
"5765","1994","192","672",
"5766","1998","0","377",
"5767","2012","0","757",
"5768","2015","7545","342",
"5769","1995","6257","766",
"5770","1997","33620858","428",
"5771","2021","311260","92",
"5772","1983","245","992",
"5773","1979","213","192",
"5774","1987","0","752",
"5775","1999","15088","550",
"5776","2001","505119","918",
"5777","2021","28","207",
"5778","2010","2590","7",
"5779","2012","114998551","209",
"5780","2024","96374","850",
"5781","2004","69002","695",
"5782","1970","62859528","838",
"5783","2007","48625","270",
"5784","2014","18272","871",
"5785","2011","472480","244",
"5786","1996","610","710",
"5787","1973","53643","218",
"5788","1973","7","892",
"5789","2000","1874","699",
"5790","2022","78160628","758",
"5791","2024","25158","811",
"5792","2019","2124","85",
"5793","1998","14","150",
"5794","1974","21","213",
"5795","1983","63495005","550",
"5796","2011","56","161",
"5797","1971","57565","752",
"5798","2008","10108262","260",
"5799","2008","233","504",
"5800","1989","0","262",
"5801","2020","87","590",
"5802","1989","302","551",
"5803","1972","38","522",
"5804","2012","498743","680",
"5805","1994","21739","495",
"5806","2010","338328101","793",
"5807","1988","243574","42",
"5808","2023","0","740",
"5809","1979","1111","971",
"5810","1980","311","579",
"5811","2008","0","252",
"5812","2006","8707","827",
"5813","2006","0","741",
"5814","2015","548391","64",
"5815","1990","14785939","496",
"5816","1995","12","328",
"5817","2007","5496","672",
"5818","2016","2","648",
"5819","1991","40","896",
"5820","2007","231","468",
"5821","1994","671015663","71",
"5822","2008","214946","556",
"5823","1990","91100","451",
"5824","2015","9086","645",
"5825","2012","0","520",
"5826","2020","388435023","149",
"5827","2010","331","278",
"5828","2003","2233","916",
"5829","1971","7611853","719",
"5830","1985","63385","406",
"5831","2009","5138","503",
"5832","1991","561702","356",
"5833","1973","3358","549",
"5834","2011","74550873","956",
"5835","1974","2429516","322",
"5836","1973","32242434","979",
"5837","1993","130472","152",
"5838","1971","69122753","731",
"5839","2009","7559958","685",
"5840","1975","8984","848",
"5841","1988","5","382",
"5842","2013","239","445",
"5843","1981","530062","812",
"5844","1977","0","88",
"5845","2022","267725","782",
"5846","1999","1","347",
"5847","1992","1047115","476",
"5848","2023","0","214",
"5849","1975","88925158","26",
"5850","1984","3462512","435",
"5851","1983","9","935",
"5852","1974","36","636",
"5853","1972","123","872",
"5854","1975","758","92",
"5855","2011","0","797",
"5856","1974","64","823",
"5857","1979","230887422","917",
"5858","1998","8728","697",
"5859","2001","22683","481",
"5860","2016","41","963",
"5861","1991","3928","496",
"5862","2019","628190","707",
"5863","2004","7077482","176",
"5864","1986","0","118",
"5865","1981","4","925",
"5866","2007","0","290",
"5867","1995","3","506",
"5868","2017","465133","67",
"5869","1986","6993595","926",
"5870","1975","13","123",
"5871","1981","424","310",
"5872","2023","9285543","956",
"5873","1998","29","580",
"5874","1987","5152","249",
"5875","1977","69328","15",
"5876","1982","347","681",
"5877","2025","25940500","261",
"5878","1981","19499","853",
"5879","1983","14","511",
"5880","1994","0","969",
"5881","1973","243861","386",
"5882","1971","17102","276",
"5883","1979","570","928",
"5884","1992","314260845","464",
"5885","2009","198","262",
"5886","2021","349717975","677",
"5887","1970","57506","419",
"5888","1996","311139","289",
"5889","2009","913","0",
"5890","1982","52802834","848",
"5891","2025","385","68",
"5892","1971","0","146",
"5893","2006","631393","735",
"5894","1980","1517307","40",
"5895","2013","10951641","140",
"5896","2012","0","661",
"5897","1970","837923","434",
"5898","1982","35","826",
"5899","2006","0","566",
"5900","1978","19","762",
"5901","1975","3953","885",
"5902","2022","0","490",
"5903","1992","188829","304",
"5904","2022","140","112",
"5905","2018","63611737","427",
"5906","1992","1","286",
"5907","2000","41053","482",
"5908","2008","872","750",
"5909","1979","50","283",
"5910","2023","277622","952",
"5911","2018","3982016","171",
"5912","1970","6368","644",
"5913","1971","0","31",
"5914","2006","145574","233",
"5915","1976","1341186","237",
"5916","2010","639884300","787",
"5917","1981","24","81",
"5918","1974","645116","661",
"5919","2000","25324190","844",
"5920","1982","3","677",
"5921","1990","5","596",
"5922","2008","221369","980",
"5923","1990","2859112","112",
"5924","1994","6","401",
"5925","2010","6173488","959",
"5926","2007","23452","835",
"5927","1978","355461","38",
"5928","1998","17","326",
"5929","2001","4819237","814",
"5930","2023","86","360",
"5931","1974","482","73",
"5932","1993","1330","253",
"5933","2021","7904","816",
"5934","2025","373918","682",
"5935","1994","435223","552",
"5936","1986","136747","330",
"5937","2024","30059","411",
"5938","1988","56","811",
"5939","2009","0","734",
"5940","1984","1","483",
"5941","1991","61","786",
"5942","1971","13135","847",
"5943","1992","3887505","687",
"5944","1985","10","556",
"5945","1994","315197","727",
"5946","2001","330341","983",
"5947","2012","7427243","618",
"5948","1991","3112910","338",
"5949","1973","38","283",
"5950","2016","0","772",
"5951","2025","47","401",
"5952","1978","44","122",
"5953","1993","4296","850",
"5954","2003","78854416","412",
"5955","2019","0","384",
"5956","2010","2806","619",
"5957","1990","0","704",
"5958","1999","1255","77",
"5959","1984","2","304",
"5960","2019","2820","984",
"5961","1981","16780","751",
"5962","2018","30","132",
"5963","2020","12852689","551",
"5964","2010","2722498","452",
"5965","2012","6108","161",
"5966","2024","45750","405",
"5967","2018","547","477",
"5968","2009","75312162","882",
"5969","2019","0","720",
"5970","1999","232066912","63",
"5971","2018","57484","129",
"5972","1976","621723","718",
"5973","1977","73","153",
"5974","1985","558216583","808",
"5975","2000","58","517",
"5976","2024","6895243","651",
"5977","2013","1","8",
"5978","2005","66","280",
"5979","1977","35287","445",
"5980","2001","11603984","644",
"5981","1985","27454","476",
"5982","1999","6","879",
"5983","2010","66","110",
"5984","1995","49750236","37",
"5985","2000","49","870",
"5986","1981","114152789","381",
"5987","1983","3361478","366",
"5988","1976","23130998","516",
"5989","1998","3","349",
"5990","1995","1511199","803",
"5991","1991","14693","679",
"5992","1985","637","991",
"5993","1996","5119812","830",
"5994","1974","402595138","264",
"5995","2007","31","839",
"5996","1992","358","871",
"5997","2000","931","453",
"5998","2008","2862540","673",
"5999","2010","97","100",
"6000","1995","195219843","618",
"6001","1988","503","49",
"6002","2015","11084","186",
"6003","1989","474","762",
"6004","1998","0","927",
"6005","2012","412","126",
"6006","2021","19291103","611",
"6007","1987","6","839",
"6008","2018","235001","238",
"6009","1973","0","654",
"6010","1978","600747621","97",
"6011","2020","74","28",
"6012","2012","2","345",
"6013","2001","676049","413",
"6014","2014","0","735",
"6015","1979","41994","178",
"6016","1991","406282239","609",
"6017","2024","4847","485",
"6018","2005","4","371",
"6019","1995","39966788","375",
"6020","2018","4","176",
"6021","2006","313646","478",
"6022","2003","0","413",
"6023","1994","13133855","287",
"6024","1981","44","52",
"6025","2021","60","12",
"6026","1987","39","170",
"6027","2022","4624056","426",
"6028","1974","245709543","727",
"6029","1983","682755","212",
"6030","2017","27","625",
"6031","1980","1823","8",
"6032","1983","0","433",
"6033","1981","401301221","679",
"6034","1976","2638","597",
"6035","1996","251","8",
"6036","2017","24598","309",
"6037","2015","42104","866",
"6038","1992","215660296","450",
"6039","2019","23338218","961",
"6040","1999","1","920",
"6041","1982","82","773",
"6042","2024","0","161",
"6043","2014","1048","62",
"6044","2007","24","219",
"6045","2003","6868306","214",
"6046","2011","0","558",
"6047","2005","77","609",
"6048","2010","394","906",
"6049","2025","0","842",
"6050","2022","14","825",
"6051","1986","30135","984",
"6052","1986","2","380",
"6053","1992","999","834",
"6054","1972","96","246",
"6055","2011","13","801",
"6056","1987","4417","479",
"6057","1978","326","499",
"6058","2023","5518247","412",
"6059","1989","55","139",
"6060","1999","1488230","665",
"6061","1984","0","856",
"6062","2024","40441782","126",
"6063","2017","13257","613",
"6064","1993","66719","627",
"6065","2024","57359209","12",
"6066","1994","0","663",
"6067","2014","143","547",
"6068","2012","6862","896",
"6069","2010","28","133",
"6070","1970","33703868","561",
"6071","2000","4886","549",
"6072","1992","8","944",
"6073","2007","160","663",
"6074","1987","46","956",
"6075","2002","0","981",
"6076","1974","1735766","86",
"6077","2021","2269","533",
"6078","2019","16782","838",
"6079","2020","0","66",
"6080","1994","38312503","639",
"6081","1972","2","210",
"6082","2018","0","157",
"6083","1988","47752","560",
"6084","1975","0","140",
"6085","2017","24","342",
"6086","1977","0","998",
"6087","1984","0","889",
"6088","2015","666","766",
"6089","1976","3812651","514",
"6090","2008","5683","34",
"6091","2025","2","371",
"6092","2002","29887","826",
"6093","2012","80152","75",
"6094","2002","37","184",
"6095","1998","389515520","421",
"6096","1987","1478","212",
"6097","1997","1","377",
"6098","1991","46656","161",
"6099","1994","180625228","377",
"6100","1985","226","374",
"6101","2006","0","132",
"6102","2011","2","296",
"6103","2006","271258059","629",
"6104","1999","0","489",
"6105","1976","0","237",
"6106","1971","360832","516",
"6107","2022","3478","248",
"6108","1994","802295362","487",
"6109","2003","0","212",
"6110","2018","0","305",
"6111","1989","0","401",
"6112","2003","34109775","591",
"6113","2011","130022","992",
"6114","2004","6807","90",
"6115","1987","35","700",
"6116","1974","57968965","690",
"6117","2005","0","335",
"6118","1971","27","248",
"6119","2017","4069","508",
"6120","1970","12","73",
"6121","1985","0","863",
"6122","1989","41872511","922",
"6123","2013","0","189",
"6124","1977","4651170","191",
"6125","2004","1020","707",
"6126","1981","25907","224",
"6127","2010","0","105",
"6128","1986","283","696",
"6129","1997","1811","421",
"6130","1996","5039","52",
"6131","2008","6707220","786",
"6132","1973","236216099","281",
"6133","2025","0","63",
"6134","2020","0","74",
"6135","1996","0","708",
"6136","1973","36969991","749",
"6137","2001","1818","115",
"6138","2019","162","199",
"6139","1999","3351235","959",
"6140","2016","449587","95",
"6141","2000","37100","588",
"6142","2002","2","781",
"6143","1971","45898716","476",
"6144","2009","347301","404",
"6145","2011","0","388",
"6146","1991","1255","665",
"6147","1983","5014","715",
"6148","1971","132835476","930",
"6149","1970","947583","843",
"6150","1983","41849779","253",
"6151","1978","24162","675",
"6152","1993","325035","250",
"6153","1997","10574","895",
"6154","2008","11665092","444",
"6155","1985","641","182",
"6156","1993","299","19",
"6157","1980","3","722",
"6158","1988","1601","864",
"6159","1977","57","847",
"6160","1978","4616","686",
"6161","1992","3219","382",
"6162","2012","0","25",
"6163","1992","252959","495",
"6164","1998","1405","338",
"6165","1979","67581","605",
"6166","1972","228340510","87",
"6167","2009","166898157","678",
"6168","2008","0","782",
"6169","2021","48302567","81",
"6170","1984","261667","431",
"6171","1992","26555","61",
"6172","2025","18938196","858",
"6173","1993","14","773",
"6174","1973","5536","87",
"6175","2015","110613886","743",
"6176","1980","106","82",
"6177","2018","44100","321",
"6178","1975","0","236",
"6179","1996","0","495",
"6180","1980","184654503","861",
"6181","2025","6026","130",
"6182","2013","223","30",
"6183","2021","138","215",
"6184","2020","8881","440",
"6185","1982","7431717","662",
"6186","1998","4477","793",
"6187","1992","237750903","362",
"6188","2024","47","839",
"6189","1972","0","623",
"6190","1995","9427","215",
"6191","1971","432890","996",
"6192","1995","2835","72",
"6193","2006","483586","890",
"6194","1973","0","615",
"6195","2016","0","305",
"6196","1990","28","77",
"6197","2019","60961724","685",
"6198","2010","4825187","528",
"6199","2022","0","439",
"6200","2008","521370833","397",
"6201","1976","0","664",
"6202","1999","797210","902",
"6203","1986","15987","736",
"6204","1986","13844","258",
"6205","1979","387290","449",
"6206","1993","40186","294",
"6207","2015","2669643","213",
"6208","1992","379110","334",
"6209","2015","124843","594",
"6210","2019","966","529",
"6211","2011","0","617",
"6212","2004","2","314",
"6213","1981","258","88",
"6214","2004","40464445","599",
"6215","2007","5484057","429",
"6216","1989","380","347",
"6217","2018","0","543",
"6218","2023","4","932",
"6219","1975","1529","944",
"6220","1993","529360","14",
"6221","1982","0","606",
"6222","2003","586","725",
"6223","2003","270028055","204",
"6224","1996","0","938",
"6225","2023","11","990",
"6226","2019","42900","723",
"6227","1978","0","443",
"6228","1997","0","130",
"6229","2022","0","29",
"6230","1999","1425","918",
"6231","2006","4","280",
"6232","2005","20163","486",
"6233","1986","2","962",
"6234","1973","192510","976",
"6235","1971","16980218","317",
"6236","1974","6709","558",
"6237","1974","6","324",
"6238","2012","63426","587",
"6239","1971","8171510","111",
"6240","1978","1","399",
"6241","2000","1","605",
"6242","2009","41","107",
"6243","1992","1","645",
"6244","2025","45","888",
"6245","2011","376","566",
"6246","1993","50527","974",
"6247","1975","1","518",
"6248","2007","0","830",
"6249","1974","20793988","987",
"6250","1989","322621","70",
"6251","2011","0","654",
"6252","1986","185","47",
"6253","2001","26644944","165",
"6254","1974","4743212","565",
"6255","1978","515054631","949",
"6256","1987","402397","905",
"6257","1976","8","766",
"6258","1977","639","507",
"6259","2007","0","998",
"6260","2006","7771","334",
"6261","1995","31042","780",
"6262","1977","5098150","127",
"6263","1977","12","457",
"6264","2013","2448","405",
"6265","1983","29","550",
"6266","1974","21420024","772",
"6267","1991","347277839","619",
"6268","2003","1557893","595",
"6269","2016","2541","432",
"6270","1970","677666","194",
"6271","2012","219","469",
"6272","1991","41676915","355",
"6273","1999","46237","188",
"6274","2011","0","326",
"6275","2021","7785078","922",
"6276","1976","25632","608",
"6277","1975","0","170",
"6278","2011","6694","317",
"6279","1997","0","795",
"6280","2019","0","542",
"6281","1995","4575","413",
"6282","1997","3848477","453",
"6283","1977","52787417","187",
"6284","2024","0","486",
"6285","1981","46298463","375",
"6286","2019","2","756",
"6287","2024","131871164","52",
"6288","1987","50851","47",
"6289","1974","0","288",
"6290","2011","2","820",
"6291","1976","0","300",
"6292","2007","0","599",
"6293","1987","1186749","59",
"6294","2019","0","91",
"6295","2010","31576","55",
"6296","2012","29710","585",
"6297","1972","3905","48",
"6298","1973","1","964",
"6299","1997","18994046","243",
"6300","1988","192956525","931",
"6301","1970","340","608",
"6302","2011","2","875",
"6303","2007","1","118",
"6304","2002","51","422",
"6305","2004","19","325",
"6306","1970","167","947",
"6307","2023","566267","977",
"6308","2005","61","411",
"6309","1982","502","292",
"6310","2019","49","230",
"6311","2009","2","617",
"6312","2025","15604","931",
"6313","1977","389567","797",
"6314","2015","19862","870",
"6315","2013","712","1",
"6316","1975","107151069","681",
"6317","2018","12451072","248",
"6318","1983","1793568","958",
"6319","1970","1","896",
"6320","1982","49110","409",
"6321","2024","241713","892",
"6322","2003","25","164",
"6323","1999","2259","167",
"6324","2011","61","982",
"6325","2006","4943","661",
"6326","1986","192","200",
"6327","1994","2","454",
"6328","2005","8881","377",
"6329","2024","881522114","945",
"6330","1979","5","90",
"6331","2004","113","683",
"6332","2000","84444438","540",
"6333","2011","9273237","457",
"6334","2023","254367","500",
"6335","2005","4889","634",
"6336","2014","18589720","410",
"6337","1978","48312593","420",
"6338","1980","81737664","505",
"6339","2011","2341","400",
"6340","2015","14473","198",
"6341","2003","0","100",
"6342","2016","0","683",
"6343","2023","0","488",
"6344","1988","38076","327",
"6345","1981","49","6",
"6346","1998","6","749",
"6347","2005","313","66",
"6348","1972","960522","255",
"6349","2017","66","560",
"6350","2001","3316380","849",
"6351","1988","75","556",
"6352","1970","305104138","131",
"6353","2007","1944","31",
"6354","2002","22321","719",
"6355","2004","35633","613",
"6356","1972","4265856","80",
"6357","2015","2047","649",
"6358","1978","4286","110",
"6359","2020","0","184",
"6360","2023","23307448","634",
"6361","2008","94848757","491",
"6362","2014","105","674",
"6363","2017","264338029","770",
"6364","1982","8","205",
"6365","1984","49237859","922",
"6366","1973","29","711",
"6367","1970","11339242","936",
"6368","1976","3","236",
"6369","2001","46","629",
"6370","2017","45341952","609",
"6371","1971","94569","534",
"6372","1990","16","307",
"6373","2003","81220","126",
"6374","2005","589","925",
"6375","2011","7569","682",
"6376","1984","47","119",
"6377","1977","88367302","873",
"6378","1988","3671","53",
"6379","2007","0","163",
"6380","1981","4","148",
"6381","1986","439550217","727",
"6382","1987","0","291",
"6383","2014","52036","438",
"6384","1974","101919","111",
"6385","1999","0","67",
"6386","2018","23921","654",
"6387","1971","1991920","639",
"6388","2023","2","406",
"6389","2011","52446448","893",
"6390","1980","161","367",
"6391","2008","15","512",
"6392","1993","58015","228",
"6393","2011","26261311","266",
"6394","2022","0","753",
"6395","2018","4416","553",
"6396","2011","210","387",
"6397","1971","0","691",
"6398","2020","1","971",
"6399","1994","0","25",
"6400","2016","551","906",
"6401","1984","280","196",
"6402","1973","1","434",
"6403","2021","0","939",
"6404","1976","102369","306",
"6405","1986","3367046","613",
"6406","2010","273","83",
"6407","1988","36881","727",
"6408","1970","0","872",
"6409","1984","0","327",
"6410","2025","35","351",
"6411","1972","595249","754",
"6412","1983","208707","398",
"6413","1998","253373","888",
"6414","1987","1756546","158",
"6415","1993","52680","233",
"6416","2019","5","521",
"6417","1997","90763629","546",
"6418","2024","4","744",
"6419","1973","370","843",
"6420","1975","4","675",
"6421","2013","3128957","520",
"6422","1993","13197280","564",
"6423","1975","5733","846",
"6424","1999","2193","400",
"6425","2016","62656849","351",
"6426","2006","0","349",
"6427","2008","1586","491",
"6428","1985","12999874","519",
"6429","1970","28774","522",
"6430","2006","9020","298",
"6431","2009","10519","818",
"6432","2010","0","190",
"6433","2011","1","609",
"6434","2009","115","263",
"6435","1995","2028841","343",
"6436","1974","0","221",
"6437","1985","847","683",
"6438","2000","3673","183",
"6439","1987","35","932",
"6440","1979","0","439",
"6441","1970","42893","837",
"6442","2022","3","693",
"6443","1982","41818","856",
"6444","1996","51223847","141",
"6445","1986","1422633","70",
"6446","1983","28762","794",
"6447","1973","31720381","725",
"6448","1982","384111677","39",
"6449","1979","156","725",
"6450","2006","62413","517",
"6451","2011","1","628",
"6452","2012","716435127","413",
"6453","2006","3","27",
"6454","1979","3011","389",
"6455","2009","1865","466",
"6456","2020","0","347",
"6457","2013","832","998",
"6458","2016","5","360",
"6459","2021","310080","483",
"6460","2009","267841","924",
"6461","2009","5","953",
"6462","1994","15403","424",
"6463","1978","194603","53",
"6464","2014","408892181","563",
"6465","2022","136321841","67",
"6466","2019","6","626",
"6467","2012","4287","371",
"6468","1974","2283458","212",
"6469","1976","2516505","327",
"6470","1997","88791","789",
"6471","2013","803067","799",
"6472","1983","294","267",
"6473","2007","190406763","955",
"6474","2011","39","968",
"6475","2011","79675127","369",
"6476","2015","11","246",
"6477","1996","209","792",
"6478","2012","0","274",
"6479","2016","18395","67",
"6480","1988","0","221",
"6481","1987","29598829","87",
"6482","2002","6905134","486",
"6483","1995","611","540",
"6484","2020","90066462","705",
"6485","2012","0","119",
"6486","1982","13","798",
"6487","2023","65","781",
"6488","2009","4021210","126",
"6489","2018","21285527","572",
"6490","2016","573","609",
"6491","1980","809","479",
"6492","1996","1754672","332",
"6493","1978","339169","564",
"6494","1970","802","889",
"6495","2018","1874865","755",
"6496","1978","4","651",
"6497","2009","9950","751",
"6498","1982","0","449",
"6499","1989","0","910",
"6500","1984","19676411","313",
"6501","1978","0","255",
"6502","1976","319","931",
"6503","1986","83187851","70",
"6504","2014","26392864","0",
"6505","1988","2","506",
"6506","2019","11019","255",
"6507","2018","4","64",
"6508","2004","5349754","990",
"6509","1986","6565","246",
"6510","1995","277","97",
"6511","1975","143370","505",
"6512","1981","14857956","806",
"6513","2007","74211228","529",
"6514","2017","5","426",
"6515","1990","426773","41",
"6516","1986","79870153","166",
"6517","2018","25422964","400",
"6518","1997","18","178",
"6519","2002","55322","654",
"6520","1985","540531","236",
"6521","2013","37899","969",
"6522","2006","21445","294",
"6523","1974","331383","562",
"6524","2007","44","260",
"6525","2015","3","676",
"6526","1995","54","583",
"6527","2004","177234254","11",
"6528","1985","398","350",
"6529","1998","4","150",
"6530","2020","0","632",
"6531","1990","2842","361",
"6532","2015","0","221",
"6533","1986","80","64",
"6534","2014","0","401",
"6535","1975","2197937","515",
"6536","1993","6","674",
"6537","2006","5613","595",
"6538","2025","310529","544",
"6539","2020","0","421",
"6540","2022","6","708",
"6541","1985","119065720","388",
"6542","2018","35","524",
"6543","2018","18779316","627",
"6544","2021","0","301",
"6545","2024","725112","535",
"6546","1981","178244","685",
"6547","2011","33077184","223",
"6548","2017","0","134",
"6549","2009","3420","519",
"6550","1971","284911","826",
"6551","1997","1","571",
"6552","1992","93","978",
"6553","1986","0","618",
"6554","1993","3121288","683",
"6555","1988","4474423","616",
"6556","1980","6493739","276",
"6557","1970","43713","771",
"6558","1996","29971524","132",
"6559","2003","125923984","471",
"6560","2001","381357137","329",
"6561","2002","575","304",
"6562","2011","88818","423",
"6563","2023","22","767",
"6564","1994","3455","645",
"6565","2006","37005534","25",
"6566","1997","750","838",
"6567","2025","0","785",
"6568","2002","20327944","893",
"6569","1998","34","705",
"6570","1984","2911","914",
"6571","1992","8506","753",
"6572","1993","3","16",
"6573","2006","2456414","76",
"6574","2018","0","380",
"6575","2021","477571","941",
"6576","2020","538","348",
"6577","2019","1","590",
"6578","2006","7459","67",
"6579","1992","773407","154",
"6580","2025","7","285",
"6581","1973","6961662","570",
"6582","1981","189685778","176",
"6583","2011","371","947",
"6584","2024","2816","785",
"6585","1991","406","785",
"6586","2008","3703","583",
"6587","2005","4","982",
"6588","1992","3","537",
"6589","2000","68686","993",
"6590","2009","343966937","356",
"6591","2022","1667545","268",
"6592","2007","501530178","394",
"6593","1984","1","322",
"6594","2019","59817838","545",
"6595","1986","627","597",
"6596","2013","552","995",
"6597","1997","0","695",
"6598","1986","102","969",
"6599","1971","23537","319",
"6600","2003","1727403","790",
"6601","2014","5751408","942",
"6602","1990","3","564",
"6603","1993","523542","296",
"6604","2005","76","916",
"6605","1978","54722184","49",
"6606","1987","38","998",
"6607","2001","207","187",
"6608","2021","40","880",
"6609","1974","59","77",
"6610","2020","0","68",
"6611","1977","585348","828",
"6612","1992","3090365","244",
"6613","2013","158","325",
"6614","1996","0","83",
"6615","2021","116198265","199",
"6616","1988","0","983",
"6617","1999","12","291",
"6618","1975","19691","35",
"6619","2021","4","191",
"6620","1971","133099589","141",
"6621","1974","6224022","215",
"6622","1988","44434","575",
"6623","2013","1005996","446",
"6624","2025","58573117","167",
"6625","2022","112533451","895",
"6626","2004","140338388","559",
"6627","1970","0","645",
"6628","1971","3923","740",
"6629","1986","3691083","857",
"6630","1990","2715","289",
"6631","2013","63","335",
"6632","1978","378432","28",
"6633","1976","274","219",
"6634","1978","29809","809",
"6635","2000","656","9",
"6636","1978","14178","466",
"6637","1991","50069416","173",
"6638","2023","45920","576",
"6639","1987","0","935",
"6640","1970","34787","124",
"6641","2007","53","609",
"6642","1973","8202592","587",
"6643","2017","1590","140",
"6644","2004","10","446",
"6645","1990","33","195",
"6646","1981","138","580",
"6647","1996","4279367","413",
"6648","2023","0","957",
"6649","2025","1701571","66",
"6650","2016","213316","213",
"6651","2021","3428720","993",
"6652","2001","68","724",
"6653","1988","400","464",
"6654","1987","818606","131",
"6655","2011","27","989",
"6656","2014","2","562",
"6657","2018","103657958","752",
"6658","2008","27063663","919",
"6659","2020","4","150",
"6660","2011","4472311","95",
"6661","1995","4","786",
"6662","2019","3856252","875",
"6663","1975","4645","392",
"6664","1995","8631280","256",
"6665","1993","5976","927",
"6666","2007","193864979","44",
"6667","2003","24860","808",
"6668","2018","789","26",
"6669","2024","6737","343",
"6670","1989","5659","915",
"6671","1974","475","452",
"6672","1995","401433245","752",
"6673","2014","48712","122",
"6674","1983","1831491","663",
"6675","1979","871742","436",
"6676","1991","5","380",
"6677","2005","1857566","231",
"6678","2006","269","578",
"6679","1989","2535","597",
"6680","1973","121603","595",
"6681","2003","117","141",
"6682","2017","1420","592",
"6683","2011","10","308",
"6684","2005","0","943",
"6685","1988","204869","766",
"6686","2003","18","103",
"6687","1990","3230708","968",
"6688","1994","988","726",
"6689","1993","254931854","471",
"6690","1974","13496","734",
"6691","2009","335603","675",
"6692","2004","5","545",
"6693","2018","1710","497",
"6694","2006","351","727",
"6695","2012","54","97",
"6696","1999","2461353","517",
"6697","1996","5620","81",
"6698","1972","0","517",
"6699","2002","499796","898",
"6700","1997","10271195","802",
"6701","2016","2197","951",
"6702","1980","12","70",
"6703","1978","11305","161",
"6704","1976","505651282","338",
"6705","2004","14931","551",
"6706","2019","711663767","213",
"6707","2005","42171901","316",
"6708","2001","953762","554",
"6709","2011","0","511",
"6710","2017","6845","6",
"6711","2003","340","713",
"6712","2000","5990","605",
"6713","2002","4","810",
"6714","2020","5773198","537",
"6715","1987","56","923",
"6716","2000","5","133",
"6717","2014","145","226",
"6718","2009","0","783",
"6719","1971","700030740","152",
"6720","2005","3440708","63",
"6721","2013","26829902","427",
"6722","1974","5248757","388",
"6723","2011","581344792","484",
"6724","2017","69092","32",
"6725","2021","5137508","567",
"6726","2021","131276730","267",
"6727","1973","23275","590",
"6728","1991","1247838","935",
"6729","2001","0","426",
"6730","2009","5435197","74",
"6731","1976","143984600","650",
"6732","1978","53658164","319",
"6733","2001","0","547",
"6734","1997","4","808",
"6735","2010","6","245",
"6736","2025","0","327",
"6737","1991","4924","555",
"6738","2016","353","823",
"6739","1983","2617","30",
"6740","1977","683","40",
"6741","1999","28","900",
"6742","1978","619287479","579",
"6743","1999","39042","191",
"6744","2021","580","84",
"6745","2021","0","754",
"6746","2025","2200","673",
"6747","1992","219","899",
"6748","1994","1120255","644",
"6749","1987","11323302","310",
"6750","2001","2","430",
"6751","2021","0","867",
"6752","1976","4461","673",
"6753","2009","0","208",
"6754","2010","128","352",
"6755","1988","0","51",
"6756","2012","10681085","24",
"6757","2001","254052099","412",
"6758","1999","2","501",
"6759","1973","943","868",
"6760","1981","2418518","265",
"6761","2002","1354","462",
"6762","2000","2","307",
"6763","1998","0","331",
"6764","2005","0","976",
"6765","2006","9464","293",
"6766","2021","0","120",
"6767","1990","377","608",
"6768","2014","214","543",
"6769","2003","167155530","715",
"6770","1981","476","987",
"6771","1977","7","857",
"6772","2021","724","909",
"6773","1980","0","597",
"6774","2022","0","922",
"6775","1997","40232","381",
"6776","1987","56398","714",
"6777","1986","28365","347",
"6778","2023","3127","524",
"6779","1970","158303","142",
"6780","1996","0","588",
"6781","2002","6025","401",
"6782","2012","376663","941",
"6783","1976","110277981","901",
"6784","1987","87","618",
"6785","2000","534712","671",
"6786","2024","47084654","111",
"6787","1972","231387339","501",
"6788","1996","15227368","358",
"6789","1977","7021574","215",
"6790","2010","22555","951",
"6791","1974","8","883",
"6792","2010","52416","636",
"6793","1976","757","985",
"6794","1982","409","553",
"6795","1986","1","343",
"6796","2002","1","477",
"6797","2013","1557","570",
"6798","1989","11","950",
"6799","1971","30788714","622",
"6800","1978","62490","351",
"6801","2009","3","842",
"6802","2008","1","42",
"6803","2015","36811","787",
"6804","1974","101502977","921",
"6805","1998","1270021","526",
"6806","2018","74954207","699",
"6807","1975","5","590",
"6808","2006","114","941",
"6809","2006","45","516",
"6810","2013","23299122","779",
"6811","1992","796346","69",
"6812","1996","0","763",
"6813","2002","0","457",
"6814","2008","444824","388",
"6815","2003","7","347",
"6816","2019","0","54",
"6817","1997","6","929",
"6818","2024","2038","765",
"6819","2022","55","863",
"6820","2024","11848019","170",
"6821","2017","1142","667",
"6822","1984","174217040","920",
"6823","1982","25340788","378",
"6824","1985","0","54",
"6825","2020","67876796","249",
"6826","1999","97","440",
"6827","2023","266476","953",
"6828","2020","0","966",
"6829","1992","1","230",
"6830","2003","552822","811",
"6831","1974","239493","675",
"6832","2002","2790799","87",
"6833","1970","78163411","931",
"6834","2021","64942102","392",
"6835","1999","1039","520",
"6836","1985","1073329","109",
"6837","1975","300829","271",
"6838","1999","7528","332",
"6839","2010","1795997","443",
"6840","2023","0","268",
"6841","2012","3575076","86",
"6842","1970","3","957",
"6843","1998","9327697","379",
"6844","1996","827","585",
"6845","2008","35118","551",
"6846","2014","309","920",
"6847","1995","388419","296",
"6848","1991","67071","469",
"6849","1998","377","898",
"6850","2014","2477","487",
"6851","2001","0","10",
"6852","2024","1","645",
"6853","2015","369","506",
"6854","1996","457287","258",
"6855","1978","21","650",
"6856","1982","73956","908",
"6857","1989","297708","697",
"6858","2018","5","581",
"6859","2012","10488","768",
"6860","1996","6830482","227",
"6861","1988","1","977",
"6862","2006","50211","445",
"6863","1978","22270","765",
"6864","2023","21","368",
"6865","2003","0","841",
"6866","2019","3","63",
"6867","2010","870","750",
"6868","1979","96","10",
"6869","1971","26","915",
"6870","1992","2893688","807",
"6871","1980","33106","366",
"6872","1993","155","409",
"6873","1982","48","996",
"6874","2007","77923953","661",
"6875","2003","0","764",
"6876","1989","165244","84",
"6877","1976","3","829",
"6878","2020","500158","49",
"6879","1984","1367879","376",
"6880","2001","26","396",
"6881","1987","294","454",
"6882","1972","768482","682",
"6883","2005","378820","557",
"6884","1992","142627","823",
"6885","2025","0","50",
"6886","2001","0","374",
"6887","2012","0","488",
"6888","2007","16566255","657",
"6889","1999","68792489","173",
"6890","2014","496","181",
"6891","1970","12409","475",
"6892","1996","16067688","26",
"6893","1970","39","836",
"6894","2013","1","699",
"6895","2006","22","691",
"6896","2004","47289","554",
"6897","1988","1","768",
"6898","1983","0","400",
"6899","2010","91","202",
"6900","1998","300694346","352",
"6901","1972","419","581",
"6902","2006","0","394",
"6903","1983","4","2",
"6904","1980","29142","30",
"6905","2005","23015","487",
"6906","1981","3345","645",
"6907","1973","373579","319",
"6908","1971","20571","96",
"6909","2003","27549365","812",
"6910","2009","4036798","445",
"6911","1992","7653623","281",
"6912","1975","2","356",
"6913","1973","4","702",
"6914","2021","13848","607",
"6915","1974","7","841",
"6916","1972","250151","718",
"6917","2005","505503","258",
"6918","1983","3","216",
"6919","1998","18","90",
"6920","2005","282","367",
"6921","2025","531879095","126",
"6922","1973","19181829","972",
"6923","1994","785","470",
"6924","1981","51048","455",
"6925","2007","2","982",
"6926","1970","9445","835",
"6927","1977","52845617","833",
"6928","1996","0","505",
"6929","1987","0","462",
"6930","1978","15","40",
"6931","2003","57403","660",
"6932","2011","38","616",
"6933","1996","52652869","632",
"6934","2007","1363470","501",
"6935","1993","3","439",
"6936","1998","38","153",
"6937","2006","955","465",
"6938","2020","41641211","606",
"6939","2024","36246","955",
"6940","2000","40049392","398",
"6941","2006","0","531",
"6942","1996","780","553",
"6943","2006","1","15",
"6944","1982","38","595",
"6945","1987","9604785","13",
"6946","2024","430209281","478",
"6947","2008","16","137",
"6948","2008","30","972",
"6949","1973","18198","203",
"6950","1980","114","394",
"6951","2015","0","446",
"6952","1970","4312801","904",
"6953","1975","0","15",
"6954","1970","23718695","386",
"6955","2000","276867735","521",
"6956","2001","12","599",
"6957","1994","48","618",
"6958","2009","5","679",
"6959","1997","174","861",
"6960","1979","33","436",
"6961","1991","0","709",
"6962","2004","2675064","776",
"6963","2004","4","848",
"6964","2010","1","214",
"6965","2002","104","943",
"6966","1975","2015","747",
"6967","1997","82311","825",
"6968","1992","48578095","683",
"6969","1990","182467536","240",
"6970","2016","2244088","200",
"6971","2008","0","274",
"6972","2010","1","445",
"6973","2025","33311","384",
"6974","1992","768242","104",
"6975","2017","2700222","863",
"6976","2020","1","452",
"6977","1988","487","739",
"6978","1987","218","214",
"6979","1981","64685","974",
"6980","1975","29","799",
"6981","2005","156739","202",
"6982","2014","554202641","824",
"6983","1975","16681","912",
"6984","1976","2149","698",
"6985","1984","1648","15",
"6986","2025","391","307",
"6987","1980","138933116","494",
"6988","1993","59448","640",
"6989","1995","484493940","193",
"6990","1991","617","175",
"6991","2008","7692875","731",
"6992","1973","91397","14",
"6993","1990","68","929",
"6994","2003","2","514",
"6995","2013","3296614","659",
"6996","1980","115","238",
"6997","2018","0","751",
"6998","1996","6200","424",
"6999","2008","0","527",
"7000","1980","44944836","264",
"7001","1995","165","853",
"7002","1982","310","224",
"7003","1980","13588","473",
"7004","1985","0","229",
"7005","1983","6364","991",
"7006","1977","281","857",
"7007","1985","0","840",
"7008","2016","0","826",
"7009","1985","37544","776",
"7010","2024","5","405",
"7011","2022","4380","46",
"7012","2001","6824595","701",
"7013","1976","53105","950",
"7014","1970","696818","226",
"7015","1984","6690","415",
"7016","2013","0","373",
"7017","2004","1083","263",
"7018","1996","3498","574",
"7019","2013","37613373","596",
"7020","2011","1916029","13",
"7021","1997","8","34",
"7022","2007","4057491","877",
"7023","1980","0","157",
"7024","2005","81642","975",
"7025","1974","16323","544",
"7026","1974","0","706",
"7027","2000","0","156",
"7028","2012","4474","46",
"7029","1977","479837","661",
"7030","1996","909","642",
"7031","2007","5498","945",
"7032","1993","7838","415",
"7033","2023","32","58",
"7034","2024","2680","558",
"7035","1982","0","949",
"7036","1995","275","304",
"7037","1983","201","74",
"7038","1984","13","83",
"7039","1974","6","767",
"7040","2016","147828","442",
"7041","1998","0","511",
"7042","1995","3959646","509",
"7043","1986","394180","195",
"7044","2025","32300218","586",
"7045","2011","2261","950",
"7046","1984","29","59",
"7047","1996","19","972",
"7048","1978","40","246",
"7049","1984","361","300",
"7050","1979","248610","932",
"7051","1970","7665642","493",
"7052","1979","51671215","70",
"7053","1997","37","197",
"7054","1999","1683","900",
"7055","2010","272318806","728",
"7056","2003","1785249","545",
"7057","1976","7","530",
"7058","2021","52956302","850",
"7059","1995","188558789","856",
"7060","1971","72511657","973",
"7061","1971","17586983","595",
"7062","2025","6834166","183",
"7063","1992","7","250",
"7064","1970","338","585",
"7065","1997","190","77",
"7066","2001","187","684",
"7067","1977","15","158",
"7068","1977","204861334","428",
"7069","1996","6","503",
"7070","2010","94","911",
"7071","1991","99","630",
"7072","1988","145841","847",
"7073","2005","2405130","555",
"7074","1991","17","24",
"7075","1980","6839658","292",
"7076","1984","0","410",
"7077","1975","0","861",
"7078","2005","5201731","359",
"7079","2009","7195194","273",
"7080","2015","0","613",
"7081","2008","92432","347",
"7082","1987","0","656",
"7083","1992","9","71",
"7084","2025","220","908",
"7085","1974","711","311",
"7086","1976","136","387",
"7087","2005","330","436",
"7088","2012","319","430",
"7089","1987","4194179","347",
"7090","2019","42","909",
"7091","2008","1","388",
"7092","2002","0","736",
"7093","2015","1017502","43",
"7094","2007","8","654",
"7095","2022","540","280",
"7096","1995","44702952","200",
"7097","1978","29","750",
"7098","2016","55217791","191",
"7099","2017","27955612","849",
"7100","1972","9297","687",
"7101","2023","1927650","449",
"7102","2016","37011","44",
"7103","1971","7434","852",
"7104","2020","0","178",
"7105","1997","258231","364",
"7106","2009","0","820",
"7107","1994","8","154",
"7108","1977","13990619","630",
"7109","1974","528","246",
"7110","2021","92","470",
"7111","2006","4281247","592",
"7112","2008","3","634",
"7113","1987","493225051","195",
"7114","2014","3229602","861",
"7115","2011","0","711",
"7116","1970","5","503",
"7117","2018","0","404",
"7118","1982","43","409",
"7119","1978","9503","379",
"7120","1985","2569697","9",
"7121","1979","1019","675",
"7122","2007","28","334",
"7123","2008","24604750","713",
"7124","2002","1620","879",
"7125","1998","5987188","724",
"7126","1999","670589","248",
"7127","2002","2","549",
"7128","2010","6224170","755",
"7129","2003","90165591","638",
"7130","1990","3119","748",
"7131","1984","24657157","659",
"7132","2009","10","610",
"7133","1999","331865","687",
"7134","1986","0","317",
"7135","1974","1064395","281",
"7136","1987","4170564","486",
"7137","1973","48389","986",
"7138","1984","256","667",
"7139","1999","1","366",
"7140","1987","1145","95",
"7141","2013","926","786",
"7142","2019","0","850",
"7143","1991","51711","843",
"7144","2024","13919890","375",
"7145","2017","0","362",
"7146","1996","996572","13",
"7147","1991","0","43",
"7148","2009","73048","88",
"7149","2022","6","906",
"7150","1975","4944","694",
"7151","2007","15266527","480",
"7152","2004","2255","137",
"7153","1999","593","495",
"7154","1983","85619","173",
"7155","2006","0","976",
"7156","2021","282505","679",
"7157","2017","4201026","406",
"7158","1971","296","350",
"7159","1996","67","372",
"7160","1989","24563730","389",
"7161","1982","425714","92",
"7162","2008","1","440",
"7163","1985","1","651",
"7164","1998","297785","728",
"7165","1982","3","62",
"7166","2021","4627","152",
"7167","2023","3","31",
"7168","1988","1259724","160",
"7169","1986","220948","834",
"7170","2000","30843","875",
"7171","1986","594356","188",
"7172","1983","894","575",
"7173","1980","0","86",
"7174","1979","9909","168",
"7175","1997","62359","556",
"7176","1990","0","156",
"7177","1999","17849","535",
"7178","1994","1","373",
"7179","1985","517","25",
"7180","1977","26030628","672",
"7181","2004","29","292",
"7182","1983","45","791",
"7183","2023","5781","319",
"7184","1986","21280","45",
"7185","2003","629","25",
"7186","1978","11","468",
"7187","1985","16860","480",
"7188","1990","513","874",
"7189","1970","5373251","101",
"7190","2002","765924","179",
"7191","1981","44117","394",
"7192","1974","20294664","857",
"7193","2023","51539","113",
"7194","1984","369","686",
"7195","1998","75","379",
"7196","2012","4004477","690",
"7197","1989","0","743",
"7198","1993","1","22",
"7199","2009","175","258",
"7200","2018","0","518",
"7201","1975","40496928","127",
"7202","2018","0","310",
"7203","2015","35979","55",
"7204","1978","2807207","979",
"7205","2020","5497422","459",
"7206","2024","164178","900",
"7207","2013","17","177",
"7208","2025","974405","188",
"7209","2006","39941797","676",
"7210","2025","19436","285",
"7211","2013","2584873","142",
"7212","2025","2","308",
"7213","2010","402258023","528",
"7214","2016","755","429",
"7215","2016","12790833","745",
"7216","1993","0","385",
"7217","2003","46","876",
"7218","1977","269","42",
"7219","1994","2021","618",
"7220","2018","1985","209",
"7221","1993","305900","573",
"7222","1982","323930746","637",
"7223","2010","3163030","189",
"7224","1970","0","230",
"7225","2007","4813","699",
"7226","1991","2","62",
"7227","1997","5","437",
"7228","2000","56214","43",
"7229","2025","9733821","995",
"7230","2014","2597","806",
"7231","1983","2125631","372",
"7232","2001","35709","111",
"7233","2012","1290","336",
"7234","1986","9599169","236",
"7235","2011","839295169","326",
"7236","2006","25960","20",
"7237","2020","24265","841",
"7238","1971","137","280",
"7239","1998","0","268",
"7240","2022","18","468",
"7241","2014","337287057","965",
"7242","2007","2","167",
"7243","1982","918","323",
"7244","1984","573726","382",
"7245","1985","184053229","776",
"7246","1984","14101","785",
"7247","1970","488463850","494",
"7248","2007","10978990","0",
"7249","1998","1347579","975",
"7250","1975","14577765","424",
"7251","2005","502586","193",
"7252","2002","4790","863",
"7253","1978","3","86",
"7254","2004","18","352",
"7255","1988","31679","974",
"7256","1977","87021697","396",
"7257","1994","47775207","201",
"7258","1972","45774","661",
"7259","2004","5","873",
"7260","1979","67","633",
"7261","1983","0","319",
"7262","2000","687","416",
"7263","1974","3","545",
"7264","2002","1094","262",
"7265","1996","340419773","789",
"7266","2014","136213344","109",
"7267","1993","3","118",
"7268","1997","570832","893",
"7269","2004","6982","311",
"7270","1990","1264237","148",
"7271","2021","662886906","248",
"7272","1984","377995","699",
"7273","1979","615432","990",
"7274","1971","48171","174",
"7275","2019","24948961","785",
"7276","1980","5","920",
"7277","1989","1574015","554",
"7278","2007","35","388",
"7279","1972","706440418","251",
"7280","2025","807","958",
"7281","1992","65742777","342",
"7282","2023","0","222",
"7283","2022","188457947","570",
"7284","2000","16665737","381",
"7285","1989","3064480","416",
"7286","1975","2","473",
"7287","2022","7519","550",
"7288","2016","300","321",
"7289","1977","1134670","481",
"7290","1984","18761450","592",
"7291","1994","196","575",
"7292","1988","1","424",
"7293","1979","15930484","62",
"7294","2011","18","649",
"7295","1977","320","335",
"7296","2019","573","300",
"7297","2007","77279","418",
"7298","1991","11969881","583",
"7299","1983","0","298",
"7300","1983","25794502","566",
"7301","2015","1143934","467",
"7302","1977","43843","186",
"7303","1971","53067163","411",
"7304","1982","5","924",
"7305","2007","1","553",
"7306","2003","142","448",
"7307","2002","5583","707",
"7308","1979","10","605",
"7309","2018","590692318","139",
"7310","2001","1680","743",
"7311","2024","1","761",
"7312","2003","38","468",
"7313","1989","0","450",
"7314","2019","313290043","739",
"7315","1981","77143887","146",
"7316","2009","308839732","139",
"7317","1983","2742497","683",
"7318","1983","1","907",
"7319","1973","23507","190",
"7320","2025","38918","673",
"7321","1996","9860","925",
"7322","1990","472017","352",
"7323","2024","1","401",
"7324","2021","1446902","408",
"7325","1982","143758","916",
"7326","2006","18","351",
"7327","1992","3758303","957",
"7328","2018","291","423",
"7329","2007","335","744",
"7330","2010","1846309","694",
"7331","2002","45630602","938",
"7332","1992","743","292",
"7333","2006","34","852",
"7334","2022","29451","162",
"7335","1993","2","572",
"7336","1979","0","59",
"7337","2007","3586","966",
"7338","2010","113","356",
"7339","2009","10","614",
"7340","2016","22685394","24",
"7341","1981","283","105",
"7342","1989","28432","444",
"7343","1978","79","648",
"7344","2004","401","724",
"7345","1981","58","423",
"7346","2025","10318173","57",
"7347","1991","1605","456",
"7348","1981","2359","257",
"7349","2012","0","868",
"7350","2005","2689","583",
"7351","2006","17916","182",
"7352","2005","5191472","225",
"7353","1980","6","322",
"7354","2023","2333","764",
"7355","2008","48740514","46",
"7356","1994","5","134",
"7357","2000","4043","180",
"7358","1995","0","388",
"7359","1984","509081","479",
"7360","1995","1","552",
"7361","1977","3","229",
"7362","1973","21","884",
"7363","2019","0","895",
"7364","2025","21","710",
"7365","2020","80","182",
"7366","1977","195781708","352",
"7367","2007","0","224",
"7368","1972","3143","636",
"7369","1994","2214","889",
"7370","2015","0","0",
"7371","2025","30431733","650",
"7372","1979","30","16",
"7373","1984","33265447","357",
"7374","2000","22","614",
"7375","1986","1143085","626",
"7376","1975","177606","95",
"7377","1987","29542376","183",
"7378","2022","491464696","11",
"7379","2020","8106620","321",
"7380","2015","5","804",
"7381","2018","38345048","480",
"7382","1988","405","4",
"7383","2012","206","386",
"7384","2002","11371597","992",
"7385","2007","0","604",
"7386","1991","61748331","431",
"7387","1978","0","147",
"7388","2021","0","824",
"7389","1999","4388772","882",
"7390","2024","573368","675",
"7391","1975","81","860",
"7392","2017","1279980","810",
"7393","1991","903","83",
"7394","2009","16046007","673",
"7395","1972","0","926",
"7396","2017","33","903",
"7397","1973","18","609",
"7398","1996","26","737",
"7399","2013","3144","814",
"7400","2002","18659374","259",
"7401","2022","1811","877",
"7402","1980","76","399",
"7403","1986","14716","156",
"7404","2012","527459487","995",
"7405","1998","36651","443",
"7406","1993","25921528","406",
"7407","1995","0","762",
"7408","2020","1547412","584",
"7409","1981","2773","632",
"7410","1998","470","280",
"7411","1976","410228","547",
"7412","2018","0","835",
"7413","2002","34","136",
"7414","1981","32195","127",
"7415","1985","2877043","974",
"7416","1990","5","820",
"7417","2015","15103","564",
"7418","1971","324763869","411",
"7419","1971","48012882","183",
"7420","1989","0","817",
"7421","2006","0","376",
"7422","2012","16","434",
"7423","2007","193554","830",
"7424","1971","5523693","149",
"7425","1971","84812","41",
"7426","1983","43844554","127",
"7427","1973","3","133",
"7428","2002","3330030","435",
"7429","2010","0","257",
"7430","2002","17980277","120",
"7431","2008","972","439",
"7432","1992","17929","145",
"7433","1970","0","532",
"7434","2010","44","334",
"7435","1988","0","273",
"7436","1977","3","599",
"7437","2006","58769","859",
"7438","1978","21","367",
"7439","1999","182","592",
"7440","2005","11","465",
"7441","2004","330","411",
"7442","2005","2200","787",
"7443","2007","100733268","259",
"7444","2023","140","404",
"7445","1988","7","828",
"7446","1995","6120633","775",
"7447","2006","287052","228",
"7448","1976","3080","581",
"7449","2006","2","686",
"7450","1978","73702","212",
"7451","2010","137","82",
"7452","1975","100972","454",
"7453","2008","3","24",
"7454","1996","7182776","690",
"7455","2010","14903","131",
"7456","1978","51","376",
"7457","2015","188","676",
"7458","1982","5","207",
"7459","1970","13171338","106",
"7460","1995","150","308",
"7461","2018","22475","27",
"7462","2019","61615","758",
"7463","2002","12864599","798",
"7464","1973","1221","214",
"7465","1972","0","194",
"7466","2015","0","581",
"7467","2014","69","175",
"7468","2010","0","19",
"7469","2015","66541317","618",
"7470","2009","1","933",
"7471","2014","8076161","882",
"7472","2002","0","362",
"7473","2002","0","661",
"7474","1991","5653","871",
"7475","1972","37","250",
"7476","1988","47839567","841",
"7477","1970","996618","568",
"7478","2022","144","89",
"7479","2015","3","683",
"7480","2022","147392","976",
"7481","1999","9152614","91",
"7482","1992","733881","316",
"7483","1978","1407","438",
"7484","1984","46","162",
"7485","2016","4329","697",
"7486","2020","100491943","552",
"7487","1981","1048","1",
"7488","2004","1490761","396",
"7489","2014","4701","39",
"7490","1976","0","224",
"7491","2005","241359","401",
"7492","2018","65353052","435",
"7493","1999","176","27",
"7494","2011","15244","169",
"7495","2020","160772844","556",
"7496","1971","297","143",
"7497","1976","23","773",
"7498","1981","2530223","574",
"7499","1972","6","788",
"7500","2021","138784536","732",
"7501","2013","25","247",
"7502","2003","41361236","83",
"7503","1985","218881300","709",
"7504","1981","22973817","592",
"7505","2008","304072","630",
"7506","2025","3357731","83",
"7507","1976","30869","319",
"7508","1987","0","801",
"7509","2019","4690141","734",
"7510","2019","53660","167",
"7511","2000","12982461","552",
"7512","1991","214","585",
"7513","2014","0","660",
"7514","2023","114399","122",
"7515","2009","0","71",
"7516","2000","107","456",
"7517","2015","3","617",
"7518","2011","528","175",
"7519","1982","4","887",
"7520","2010","66357","819",
"7521","1975","12","543",
"7522","1979","2095","607",
"7523","2009","271230094","398",
"7524","1980","67523","567",
"7525","2011","5663","176",
"7526","2022","28982049","187",
"7527","1986","13810099","264",
"7528","1998","30116","261",
"7529","2023","1880803","256",
"7530","1982","144457","290",
"7531","2005","211454","517",
"7532","1993","3187395","429",
"7533","2008","2","837",
"7534","1975","90","270",
"7535","1984","46","20",
"7536","1982","0","945",
"7537","1981","65","159",
"7538","1981","8591745","727",
"7539","1994","1437","56",
"7540","2003","471793636","592",
"7541","1984","504833","766",
"7542","2003","585978","663",
"7543","2016","2434952","18",
"7544","1989","11680","812",
"7545","1994","72","337",
"7546","2004","288202494","25",
"7547","2018","7172","822",
"7548","2023","6844","199",
"7549","1984","18857971","981",
"7550","1972","21007","160",
"7551","1974","3994490","178",
"7552","2000","163614891","143",
"7553","2014","3540892","100",
"7554","1983","902811632","802",
"7555","1981","3704656","671",
"7556","1981","799","907",
"7557","2007","9","496",
"7558","2017","480590","466",
"7559","1988","3","919",
"7560","2008","3692","529",
"7561","1998","0","657",
"7562","1976","0","776",
"7563","1974","10883094","535",
"7564","2004","83447169","440",
"7565","1979","0","478",
"7566","1989","218202","595",
"7567","2006","0","215",
"7568","1973","518","481",
"7569","2004","27467687","403",
"7570","1999","5178","679",
"7571","2016","68","636",
"7572","2024","389","407",
"7573","1974","0","29",
"7574","1997","10128","454",
"7575","2006","684554","366",
"7576","1990","7","246",
"7577","1999","472198974","496",
"7578","1988","39063","497",
"7579","1991","0","492",
"7580","2015","5","961",
"7581","1983","0","272",
"7582","2006","23612993","730",
"7583","2025","143055359","989",
"7584","2008","340287705","805",
"7585","2007","0","59",
"7586","2001","1186378","78",
"7587","1972","65343","480",
"7588","2001","0","181",
"7589","1971","3","264",
"7590","2009","78555","547",
"7591","1975","4688176","376",
"7592","1982","23209433","997",
"7593","2024","0","995",
"7594","2013","22589289","819",
"7595","1986","57753","248",
"7596","2017","17","98",
"7597","1993","0","750",
"7598","1983","332696810","314",
"7599","1985","26636015","797",
"7600","1990","0","282",
"7601","2007","1721811","776",
"7602","1982","301","498",
"7603","1984","6880","914",
"7604","2003","1443","349",
"7605","1984","0","946",
"7606","1983","430","887",
"7607","2018","662","588",
"7608","2009","3520160","161",
"7609","2019","26","93",
"7610","2006","193","417",
"7611","1970","259067686","484",
"7612","1995","7209931","506",
"7613","1986","1446926","954",
"7614","1992","470179","96",
"7615","1996","0","455",
"7616","1984","19893","800",
"7617","1997","95049591","818",
"7618","2004","400548","386",
"7619","1993","40","778",
"7620","1987","2110041","165",
"7621","1986","31","727",
"7622","1999","682971597","217",
"7623","2016","0","412",
"7624","2015","3","736",
"7625","1997","1219115","272",
"7626","2014","4","439",
"7627","1973","50379","643",
"7628","2010","13804","453",
"7629","2011","46755596","602",
"7630","1993","0","333",
"7631","1986","104691","695",
"7632","1998","248","192",
"7633","2012","73801","584",
"7634","1991","0","467",
"7635","1996","4","732",
"7636","1995","69704437","411",
"7637","2024","4176","638",
"7638","1992","1990989","339",
"7639","1981","4787267","303",
"7640","1988","644328228","744",
"7641","2011","6043","575",
"7642","2025","145529959","410",
"7643","1990","273","447",
"7644","1978","3704656","242",
"7645","1998","2","799",
"7646","1989","36","998",
"7647","1999","84","814",
"7648","2002","3692","720",
"7649","1970","44908","899",
"7650","2002","4527","577",
"7651","2010","3820","360",
"7652","1995","9700","590",
"7653","2006","553","847",
"7654","2007","672254","660",
"7655","1987","4567158","24",
"7656","1970","1177352","227",
"7657","1977","79","931",
"7658","2004","677","731",
"7659","1986","101289571","275",
"7660","1995","199","931",
"7661","1994","124243739","724",
"7662","1990","4","588",
"7663","1974","0","860",
"7664","1992","0","635",
"7665","1997","0","25",
"7666","1995","7006848","314",
"7667","1995","1","414",
"7668","2008","2005815","512",
"7669","1972","68","808",
"7670","2023","0","932",
"7671","2010","414351","494",
"7672","2021","3247","154",
"7673","2012","542","691",
"7674","2018","1","606",
"7675","2001","37153","514",
"7676","1992","663568","200",
"7677","2017","3356","454",
"7678","1975","461163","186",
"7679","1984","23612188","732",
"7680","1976","10060","25",
"7681","2011","0","893",
"7682","1978","351619501","445",
"7683","1984","623777797","918",
"7684","2019","2","575",
"7685","1970","38","87",
"7686","1984","66516","347",
"7687","1995","221","73",
"7688","2011","0","119",
"7689","2023","90","703",
"7690","1990","0","859",
"7691","1997","33","84",
"7692","1997","230651068","971",
"7693","1979","17054084","535",
"7694","1980","0","736",
"7695","2023","59114","115",
"7696","1999","21994676","287",
"7697","1994","133","784",
"7698","1971","634908","138",
"7699","1977","0","10",
"7700","1975","0","945",
"7701","2023","0","174",
"7702","1995","39081","93",
"7703","2003","3","667",
"7704","2005","737134","923",
"7705","2009","860870","200",
"7706","2000","36537","157",
"7707","1981","0","66",
"7708","2020","7107824","73",
"7709","2024","335","512",
"7710","2008","9113","219",
"7711","2004","924093","29",
"7712","1998","51417088","284",
"7713","1994","28400531","713",
"7714","1970","2407","519",
"7715","2005","22719425","454",
"7716","1986","0","657",
"7717","1975","6652","766",
"7718","2019","631878","957",
"7719","2019","307","771",
"7720","2003","38451908","753",
"7721","1989","176550134","307",
"7722","1977","286819","581",
"7723","2016","51258","729",
"7724","1997","34","423",
"7725","2016","327793429","274",
"7726","1992","701","918",
"7727","1976","81","954",
"7728","1971","1","727",
"7729","1992","4954011","212",
"7730","2007","3940823","282",
"7731","2024","0","580",
"7732","2025","2348","825",
"7733","1971","2","619",
"7734","1987","37536387","204",
"7735","2010","36973","951",
"7736","1988","825045705","289",
"7737","1982","12791048","935",
"7738","1988","3173","721",
"7739","1991","63008307","362",
"7740","1998","282","430",
"7741","2001","29","553",
"7742","1984","60","62",
"7743","2025","80166989","899",
"7744","2009","0","26",
"7745","2009","5149","972",
"7746","1985","25250665","652",
"7747","2017","416707024","924",
"7748","2004","10861","890",
"7749","2018","46490762","976",
"7750","1994","575","201",
"7751","1980","133","304",
"7752","2015","21","723",
"7753","1987","29831","635",
"7754","2024","37214","472",
"7755","1992","26","775",
"7756","1970","41","242",
"7757","1970","5","159",
"7758","2002","1611762","651",
"7759","2010","0","542",
"7760","2004","11329","603",
"7761","1982","1","893",
"7762","1981","0","642",
"7763","2005","1","256",
"7764","2017","80","641",
"7765","1985","476558","299",
"7766","1972","8","147",
"7767","2004","44","61",
"7768","1986","45","721",
"7769","2024","126482","120",
"7770","2022","615552","87",
"7771","2017","1051","591",
"7772","1972","0","542",
"7773","2022","11534","841",
"7774","2012","2032013","39",
"7775","2016","62906765","550",
"7776","2004","739540210","524",
"7777","2014","45","25",
"7778","1975","25","795",
"7779","2011","0","422",
"7780","1988","41","709",
"7781","2014","2720","937",
"7782","2017","45128176","669",
"7783","1986","6","571",
"7784","1985","6057","445",
"7785","1986","4","601",
"7786","2017","460066059","407",
"7787","1997","164","345",
"7788","2018","6738503","262",
"7789","2021","299","609",
"7790","1989","4307875","695",
"7791","1987","400245","889",
"7792","2001","5803","638",
"7793","1976","604329","684",
"7794","1986","45047659","138",
"7795","1990","31908934","255",
"7796","2022","7","667",
"7797","1977","62","417",
"7798","2005","10","116",
"7799","2009","663","587",
"7800","2004","0","455",
"7801","1997","21198092","895",
"7802","2022","0","451",
"7803","2020","50","41",
"7804","2025","3","616",
"7805","1980","131477050","528",
"7806","2024","0","868",
"7807","2021","855","113",
"7808","1994","372","56",
"7809","1971","4033","423",
"7810","2022","1","830",
"7811","2011","7927680","908",
"7812","2011","2","192",
"7813","2009","27544","81",
"7814","1982","130935377","11",
"7815","2003","213","594",
"7816","1989","4201624","551",
"7817","2004","582554","623",
"7818","2008","83283","401",
"7819","2019","18","475",
"7820","1981","17","102",
"7821","1988","2698","629",
"7822","2017","963953","164",
"7823","1992","14","666",
"7824","1981","288519071","136",
"7825","1983","10952","0",
"7826","1980","75821","927",
"7827","1980","1","731",
"7828","1980","332364674","971",
"7829","2011","491725069","254",
"7830","1993","162907","801",
"7831","2005","1380695","872",
"7832","1976","208472","870",
"7833","2016","20413","495",
"7834","2001","174902","165",
"7835","1972","284520735","344",
"7836","1978","500106002","803",
"7837","2017","1","322",
"7838","1974","7170","602",
"7839","1998","3518","36",
"7840","2009","5625395","131",
"7841","1981","35988","231",
"7842","1971","80214","902",
"7843","2005","4187814","207",
"7844","2018","0","258",
"7845","2018","57","705",
"7846","1992","638","219",
"7847","1997","0","298",
"7848","1983","29444","676",
"7849","1988","37","309",
"7850","2006","4321","895",
"7851","1971","0","937",
"7852","2004","22917964","533",
"7853","1983","8747","953",
"7854","1990","47676","152",
"7855","1990","4","203",
"7856","2008","5","603",
"7857","1995","230044192","542",
"7858","2005","0","581",
"7859","1977","0","662",
"7860","1978","13083","565",
"7861","2005","860515","489",
"7862","2009","1026145","154",
"7863","2001","1713","814",
"7864","2023","2","996",
"7865","1973","222404","882",
"7866","1993","412","213",
"7867","1981","0","596",
"7868","1975","3","409",
"7869","1974","0","950",
"7870","1992","1","345",
"7871","1971","7","912",
"7872","2017","68051557","418",
"7873","1980","4347","677",
"7874","2011","230786040","668",
"7875","2018","296941","242",
"7876","1994","21440021","827",
"7877","1994","29405734","324",
"7878","1970","30","192",
"7879","1978","2264729","75",
"7880","2009","88861605","267",
"7881","1986","92673754","81",
"7882","2007","17","372",
"7883","2004","321587071","296",
"7884","1997","0","707",
"7885","1976","0","585",
"7886","1988","33","407",
"7887","2022","457","311",
"7888","2024","494418","5",
"7889","1992","4","46",
"7890","2007","307199470","928",
"7891","1979","87112","770",
"7892","1973","9231","349",
"7893","1978","11855195","563",
"7894","2004","2489699","764",
"7895","1991","3662","294",
"7896","1984","1","701",
"7897","1990","0","846",
"7898","1991","474","150",
"7899","2010","514600","676",
"7900","1996","6","340",
"7901","1988","7","393",
"7902","1993","42851","229",
"7903","2013","54168","833",
"7904","1978","194784","442",
"7905","1997","202","813",
"7906","2007","2","804",
"7907","1987","763087","182",
"7908","1985","8182","380",
"7909","2000","2836","224",
"7910","2025","199165","627",
"7911","1989","47873041","360",
"7912","1985","639","706",
"7913","1987","3138","385",
"7914","1986","9","168",
"7915","2008","2","414",
"7916","1970","0","63",
"7917","1977","1","271",
"7918","1992","422740","437",
"7919","2017","0","672",
"7920","2000","517803916","243",
"7921","1981","3870540","144",
"7922","1991","0","816",
"7923","2022","312946440","660",
"7924","2002","31259556","798",
"7925","1999","0","215",
"7926","2017","2","269",
"7927","1997","280","101",
"7928","2015","451976","774",
"7929","1992","4","933",
"7930","2015","3117352","180",
"7931","1997","34849084","637",
"7932","2016","11310420","703",
"7933","2023","355","559",
"7934","1982","126103787","646",
"7935","1997","880398","252",
"7936","1980","415","607",
"7937","1988","1","404",
"7938","2016","34821835","717",
"7939","1996","1110545","195",
"7940","1974","48613","964",
"7941","2005","6093808","860",
"7942","1977","65","710",
"7943","1990","0","359",
"7944","1988","185207","278",
"7945","2017","27339","347",
"7946","1998","34","146",
"7947","1999","959","460",
"7948","1988","84646","756",
"7949","2022","707","604",
"7950","2007","17541043","591",
"7951","1980","65843469","922",
"7952","1998","50929","917",
"7953","2005","923","288",
"7954","1998","385053263","893",
"7955","1996","21573","75",
"7956","1973","301539","863",
"7957","2009","2","140",
"7958","2005","164562","291",
"7959","2024","634053","451",
"7960","1976","1260","943",
"7961","1989","1","570",
"7962","1973","2115721","350",
"7963","2014","51","951",
"7964","1975","79807938","501",
"7965","2025","5","169",
"7966","2019","504","553",
"7967","1985","17262","351",
"7968","2001","0","985",
"7969","1996","2223402","302",
"7970","2012","1850448","441",
"7971","1972","442419000","798",
"7972","1992","3559","266",
"7973","2018","11335","928",
"7974","2003","128386314","684",
"7975","2001","0","773",
"7976","2018","0","599",
"7977","1999","110584788","205",
"7978","1983","894","356",
"7979","2002","149370335","515",
"7980","1984","1747085","676",
"7981","2012","2740","930",
"7982","1981","16760","633",
"7983","1977","20603290","299",
"7984","1995","0","680",
"7985","1986","0","663",
"7986","2015","9","96",
"7987","1978","220446836","270",
"7988","1988","0","915",
"7989","1998","36","18",
"7990","1995","1523","467",
"7991","1995","624172","666",
"7992","1984","5","789",
"7993","2000","0","590",
"7994","1972","119961825","691",
"7995","2022","6109021","657",
"7996","2022","7840","838",
"7997","1979","8710","177",
"7998","2015","420742","659",
"7999","2007","2","386",
"8000","2022","116","865",
"8001","2009","0","730",
"8002","2012","493","888",
"8003","1978","4","73",
"8004","1991","1941586","707",
"8005","2011","2901","248",
"8006","1973","4","538",
"8007","2012","565847","234",
"8008","2013","508098472","666",
"8009","1995","43843271","127",
"8010","1980","24","880",
"8011","1983","0","569",
"8012","1986","2255","681",
"8013","2000","100957311","243",
"8014","1997","0","154",
"8015","2012","0","883",
"8016","2009","5","301",
"8017","1977","3","195",
"8018","1979","533057","563",
"8019","1985","725811","820",
"8020","1991","841","179",
"8021","2022","6211","325",
"8022","1980","0","395",
"8023","1975","182524348","730",
"8024","1980","2909869","769",
"8025","1996","230","498",
"8026","1976","98","902",
"8027","1989","11","871",
"8028","1973","0","16",
"8029","2002","0","168",
"8030","2003","1","985",
"8031","1991","4","330",
"8032","2019","0","115",
"8033","2002","275510","326",
"8034","1990","768149","104",
"8035","2012","351034","830",
"8036","1992","68736060","426",
"8037","1992","4421","814",
"8038","1997","33","580",
"8039","1984","0","541",
"8040","2015","176422948","410",
"8041","1991","97","465",
"8042","2010","0","29",
"8043","2005","34","813",
"8044","2014","7941169","234",
"8045","1994","0","228",
"8046","1980","12","462",
"8047","2019","24255","223",
"8048","1989","1123744","742",
"8049","1980","5064","979",
"8050","2013","2230","797",
"8051","1991","11","310",
"8052","1986","6","830",
"8053","2007","76","366",
"8054","1991","681431","556",
"8055","1973","73945","7",
"8056","2014","0","440",
"8057","1970","529367","38",
"8058","2002","6","533",
"8059","2011","10297398","978",
"8060","2017","21416","652",
"8061","2001","1983452","671",
"8062","2015","69415956","614",
"8063","1993","0","862",
"8064","1991","610667576","808",
"8065","1997","0","937",
"8066","1984","153","167",
"8067","2002","17","956",
"8068","1993","289","573",
"8069","2001","468","781",
"8070","2012","1808","698",
"8071","1987","380","995",
"8072","2012","544","521",
"8073","2002","505266","934",
"8074","2011","1","919",
"8075","2022","69628253","49",
"8076","2024","528474812","210",
"8077","1991","0","355",
"8078","2012","16","504",
"8079","1995","0","578",
"8080","1973","3221","760",
"8081","1970","0","431",
"8082","2002","0","469",
"8083","2015","0","453",
"8084","1980","959","384",
"8085","2006","0","431",
"8086","1999","41","638",
"8087","1978","765","941",
"8088","1982","0","625",
"8089","1982","117540780","91",
"8090","2022","114381900","109",
"8091","1973","12198","847",
"8092","2011","19365196","571",
"8093","1986","0","454",
"8094","2021","3035","53",
"8095","2010","35542","456",
"8096","1978","6796","978",
"8097","1998","0","455",
"8098","1994","15","516",
"8099","2000","0","357",
"8100","2003","1","488",
"8101","1999","0","950",
"8102","2008","61697","297",
"8103","1989","1641319","977",
"8104","2020","339508","61",
"8105","1996","11079","450",
"8106","1999","121378","969",
"8107","2015","2","715",
"8108","2020","0","246",
"8109","1977","229350","82",
"8110","1978","0","623",
"8111","1978","8","416",
"8112","1977","15107954","317",
"8113","2008","5","331",
"8114","1972","9","543",
"8115","1992","0","176",
"8116","1994","2534","995",
"8117","1989","916","582",
"8118","2006","1432220","334",
"8119","2000","29614","378",
"8120","2017","18534236","530",
"8121","1973","1200440","140",
"8122","2006","59701","352",
"8123","2022","993482","578",
"8124","2019","5","161",
"8125","1977","5","129",
"8126","2009","6","374",
"8127","1980","129882257","915",
"8128","2024","1758567","592",
"8129","2006","176","225",
"8130","1975","12834","405",
"8131","2002","224196","687",
"8132","1970","5875889","571",
"8133","1991","396562","353",
"8134","2010","4706851","740",
"8135","1990","3703","204",
"8136","2012","0","498",
"8137","2004","1861193","144",
"8138","2011","62","178",
"8139","2015","6858530","290",
"8140","1982","24416565","814",
"8141","2019","658198","428",
"8142","1981","26","891",
"8143","2020","8","646",
"8144","1974","508124","616",
"8145","2018","68551229","646",
"8146","1972","7996","461",
"8147","2008","1432","989",
"8148","1971","29218947","180",
"8149","2025","4","512",
"8150","1995","2301","601",
"8151","1995","0","107",
"8152","2025","131672","533",
"8153","2009","205","204",
"8154","1989","301","73",
"8155","1981","21116","702",
"8156","2020","587253839","765",
"8157","2005","4","835",
"8158","2018","456738","199",
"8159","2009","6951694","314",
"8160","2023","29505","686",
"8161","2008","41069416","760",
"8162","2006","24","29",
"8163","2025","1","314",
"8164","1999","2","174",
"8165","2014","43","781",
"8166","1975","13821369","319",
"8167","2015","900008","906",
"8168","1983","482","515",
"8169","2021","4065","456",
"8170","2003","0","917",
"8171","2016","21","418",
"8172","2013","144","412",
"8173","2020","16086171","59",
"8174","2002","288556403","434",
"8175","1982","31037374","313",
"8176","1985","23","341",
"8177","2016","2","240",
"8178","1985","33956224","39",
"8179","2010","10105822","582",
"8180","1979","11307170","634",
"8181","1976","1424581","586",
"8182","1973","12","760",
"8183","1974","132375414","665",
"8184","2015","519051266","855",
"8185","1994","2030530","700",
"8186","1970","3","746",
"8187","2003","1","396",
"8188","2019","22589404","163",
"8189","2018","9325702","232",
"8190","2006","2991","439",
"8191","2004","26005","41",
"8192","1991","5","648",
"8193","1979","17434","530",
"8194","2025","0","34",
"8195","1971","271","234",
"8196","1989","1","851",
"8197","1991","41380","439",
"8198","2019","0","657",
"8199","1984","0","685",
"8200","2020","4100298","123",
"8201","2025","70527527","22",
"8202","2013","0","34",
"8203","1984","90","552",
"8204","2020","1166","94",
"8205","2003","588589328","605",
"8206","2010","346735","542",
"8207","1984","120","415",
"8208","1995","1","406",
"8209","1971","97964272","229",
"8210","2004","586","303",
"8211","2020","2796","636",
"8212","1992","183","519",
"8213","1981","19517","630",
"8214","1994","74250596","65",
"8215","1973","345","585",
"8216","2003","474174251","153",
"8217","1992","8884","730",
"8218","1985","166811835","491",
"8219","1994","4487","890",
"8220","2018","92870","581",
"8221","1982","1","41",
"8222","1994","40","319",
"8223","1985","56360","898",
"8224","1984","3","821",
"8225","1985","16482179","846",
"8226","2005","3","932",
"8227","2008","2862955","146",
"8228","2007","3458429","755",
"8229","2008","3139","266",
"8230","2021","24740","653",
"8231","2003","0","481",
"8232","1991","103","80",
"8233","2024","0","718",
"8234","2003","1175","689",
"8235","1981","3931069","366",
"8236","2007","0","545",
"8237","2004","8789","89",
"8238","1972","0","546",
"8239","2017","0","155",
"8240","2013","2117","282",
"8241","2019","20065540","649",
"8242","2023","98","613",
"8243","1985","5938","397",
"8244","2010","37","692",
"8245","2009","381","460",
"8246","1985","57502545","474",
"8247","2006","461246824","111",
"8248","2002","7895","747",
"8249","2011","19196722","755",
"8250","2006","2739","72",
"8251","1998","3","288",
"8252","2000","1","883",
"8253","2016","3","190",
"8254","1998","35","589",
"8255","2003","6367","124",
"8256","1983","5","790",
"8257","1975","86368","28",
"8258","2022","36","487",
"8259","1982","37162","475",
"8260","1999","296418055","726",
"8261","2017","4326510","713",
"8262","2009","40","165",
"8263","1973","375","601",
"8264","2002","758329","123",
"8265","1996","24","711",
"8266","2021","2030975","695",
"8267","2013","0","626",
"8268","1987","411051183","732",
"8269","2010","0","544",
"8270","1988","40716","720",
"8271","2004","0","562",
"8272","2000","95","272",
"8273","1994","4","617",
"8274","1978","73131","1",
"8275","2010","3","83",
"8276","2013","591630","469",
"8277","1981","73777572","757",
"8278","2016","37318","917",
"8279","1976","186","147",
"8280","1990","1448","960",
"8281","2016","22","913",
"8282","1974","361","265",
"8283","1979","5","101",
"8284","1995","118","160",
"8285","2011","0","625",
"8286","2002","8215","608",
"8287","1996","1","163",
"8288","1985","6254","787",
"8289","2022","6","300",
"8290","1992","6","991",
"8291","2012","0","205",
"8292","2022","10381","238",
"8293","1996","0","975",
"8294","1993","13871309","253",
"8295","2007","186","737",
"8296","2022","3042","602",
"8297","2023","0","42",
"8298","2022","16","673",
"8299","2024","35585471","235",
"8300","2025","0","35",
"8301","2005","5","990",
"8302","1988","3965650","670",
"8303","2022","0","538",
"8304","2004","17","247",
"8305","1992","252495","556",
"8306","2025","178392","522",
"8307","2007","5061687","338",
"8308","1996","3076","784",
"8309","2024","2","41",
"8310","2004","9007764","755",
"8311","1994","88","408",
"8312","2004","354287245","244",
"8313","2008","1156","635",
"8314","1986","10332","315",
"8315","1981","2822","490",
"8316","1988","119354517","459",
"8317","2006","3684","721",
"8318","1988","212878888","314",
"8319","2000","359053","527",
"8320","1993","8","744",
"8321","2002","19","351",
"8322","2011","0","60",
"8323","2015","42354","976",
"8324","2013","17704369","406",
"8325","1997","223744","401",
"8326","2007","16489","889",
"8327","1975","5369","725",
"8328","1981","0","750",
"8329","2014","55803","872",
"8330","2006","1873354","116",
"8331","1977","22270432","189",
"8332","1992","0","940",
"8333","2002","62","190",
"8334","2003","1988","948",
"8335","1977","30436899","765",
"8336","1999","11","812",
"8337","2006","217","325",
"8338","2003","719050963","636",
"8339","2005","4683","194",
"8340","1978","4216245","818",
"8341","2023","48073417","532",
"8342","1977","306671008","447",
"8343","1972","558088","5",
"8344","2004","104806","932",
"8345","1973","1056","62",
"8346","1976","28","679",
"8347","1984","4036993","332",
"8348","2000","82","293",
"8349","1988","3399358","69",
"8350","1979","8110745","21",
"8351","1993","249728","42",
"8352","2022","6143906","347",
"8353","1995","8193","713",
"8354","1987","14823063","690",
"8355","2017","6","999",
"8356","1978","3","619",
"8357","2015","2462655","878",
"8358","1975","426271975","38",
"8359","2003","261826","269",
"8360","2018","13899","314",
"8361","2020","0","705",
"8362","1996","1","461",
"8363","1999","54","322",
"8364","1983","177","744",
"8365","2007","3513","619",
"8366","1986","14405891","423",
"8367","1988","25","29",
"8368","1989","4663","594",
"8369","2008","71735","739",
"8370","1985","111154135","315",
"8371","2015","338309056","76",
"8372","2018","1074041","579",
"8373","2001","50","77",
"8374","2022","7277","492",
"8375","2023","2","370",
"8376","2009","25","5",
"8377","2017","1","458",
"8378","1993","1","794",
"8379","1986","25","841",
"8380","2018","5","17",
"8381","1975","97","502",
"8382","1996","72652997","798",
"8383","2004","678395","604",
"8384","1976","0","357",
"8385","2021","557935","88",
"8386","1991","51514","139",
"8387","2013","134680234","573",
"8388","2018","65","596",
"8389","2019","395937","980",
"8390","1983","1043","354",
"8391","2022","4","101",
"8392","1983","56397","774",
"8393","1972","27285671","496",
"8394","2025","0","34",
"8395","2008","14465","865",
"8396","2017","337427988","798",
"8397","2022","0","59",
"8398","1994","1256","894",
"8399","2008","167","247",
"8400","1995","515","408",
"8401","1977","39734214","565",
"8402","2008","3562","746",
"8403","1981","31562","1",
"8404","1993","5462","831",
"8405","2011","239","847",
"8406","2017","5061158","881",
"8407","1977","7","13",
"8408","1989","1845886","653",
"8409","2019","1","761",
"8410","2001","5","789",
"8411","1979","18878","481",
"8412","2021","497249","784",
"8413","1989","135870095","118",
"8414","2014","50","841",
"8415","1996","33598","666",
"8416","1995","322887740","489",
"8417","2004","912","467",
"8418","2022","2999881","983",
"8419","1984","49810","332",
"8420","2016","145","581",
"8421","2013","1","830",
"8422","1978","0","366",
"8423","1971","0","71",
"8424","2008","1575","952",
"8425","2020","282","36",
"8426","2019","211702","776",
"8427","1988","0","572",
"8428","1975","2","353",
"8429","1995","4757","923",
"8430","2022","3544033","157",
"8431","1978","315700","843",
"8432","1985","5924580","413",
"8433","1979","379938","594",
"8434","1990","0","561",
"8435","1985","1897","231",
"8436","1975","382429","30",
"8437","2018","4975463","447",
"8438","1976","90","449",
"8439","1992","4455818","97",
"8440","2010","106175082","253",
"8441","2021","130","703",
"8442","2019","0","978",
"8443","1985","158","964",
"8444","2014","23579","846",
"8445","2003","49813","382",
"8446","1981","7581","599",
"8447","2001","508523","372",
"8448","1986","2","689",
"8449","2006","0","508",
"8450","2016","4184554","62",
"8451","1973","194","26",
"8452","1972","128140584","764",
"8453","2013","1455173","392",
"8454","2013","4","795",
"8455","2013","329","255",
"8456","1996","2","36",
"8457","2002","41093606","726",
"8458","2009","0","743",
"8459","1993","227","691",
"8460","1984","2","191",
"8461","1973","267","283",
"8462","1977","25826171","981",
"8463","2017","28138667","916",
"8464","2017","1660198","595",
"8465","1988","0","542",
"8466","1973","534372118","19",
"8467","2012","47477","35",
"8468","1978","96083509","197",
"8469","2019","2594","416",
"8470","2015","23","715",
"8471","1995","37064761","255",
"8472","2022","37532976","248",
"8473","1973","324737709","38",
"8474","1985","843041","965",
"8475","1990","0","702",
"8476","2009","1994","563",
"8477","2024","87707479","853",
"8478","1989","5151","91",
"8479","2015","1014","500",
"8480","2006","1542","898",
"8481","1995","14981","992",
"8482","2012","37905","35",
"8483","1975","390","893",
"8484","2005","0","378",
"8485","1987","471","691",
"8486","2024","1521494","800",
"8487","1986","44004","40",
"8488","1998","140356245","589",
"8489","2013","202319048","731",
"8490","2003","1","888",
"8491","2016","8","8",
"8492","1997","4235","545",
"8493","1996","345877212","117",
"8494","1981","6","118",
"8495","1973","2963895","484",
"8496","2005","399","696",
"8497","2019","5911808","930",
"8498","1970","14","135",
"8499","1989","963697","809",
"8500","2005","175313","98",
"8501","2016","2254","142",
"8502","1995","65172045","109",
"8503","2008","35400117","520",
"8504","2014","128","104",
"8505","2000","65882300","406",
"8506","2001","1531","642",
"8507","2022","3050","255",
"8508","1985","4365","149",
"8509","2021","401057040","605",
"8510","2012","59","74",
"8511","2010","5540124","930",
"8512","1980","2","118",
"8513","2015","50249450","326",
"8514","2010","120712","598",
"8515","1972","0","276",
"8516","1995","3439","914",
"8517","2010","52498","533",
"8518","2000","518730","429",
"8519","2014","2271700","995",
"8520","2017","290355852","465",
"8521","1991","186421","538",
"8522","2006","1678071","639",
"8523","2025","426","855",
"8524","1971","5","907",
"8525","2007","52923","287",
"8526","1982","2095","772",
"8527","1999","54108","569",
"8528","2009","12566","805",
"8529","2023","8155652","908",
"8530","2020","26280","367",
"8531","2002","2548","882",
"8532","2005","5","741",
"8533","2020","238","326",
"8534","2008","0","680",
"8535","2005","11553756","463",
"8536","2025","0","150",
"8537","1999","0","809",
"8538","1983","7421","686",
"8539","2021","0","714",
"8540","2014","187","11",
"8541","2023","10","137",
"8542","1995","65","770",
"8543","2003","18732678","156",
"8544","2013","1570","10",
"8545","1998","47982","168",
"8546","2021","606214","999",
"8547","1984","10082","920",
"8548","2019","1","247",
"8549","2008","0","707",
"8550","2009","9843","810",
"8551","1975","2741050","740",
"8552","2022","2182","982",
"8553","1994","0","454",
"8554","2009","3","302",
"8555","2020","5698718","35",
"8556","1983","47","856",
"8557","1996","23192421","838",
"8558","1988","1","327",
"8559","1971","37435","358",
"8560","2004","61","499",
"8561","2022","2017","108",
"8562","2014","265299702","604",
"8563","2010","70","585",
"8564","2001","71","983",
"8565","1984","193531","579",
"8566","1977","127","930",
"8567","2025","27812","871",
"8568","1975","1","116",
"8569","2010","2","687",
"8570","1973","728","461",
"8571","2004","1","345",
"8572","1974","0","351",
"8573","2014","80454","693",
"8574","1979","25125","317",
"8575","2022","732","478",
"8576","2018","1572","981",
"8577","1977","3435403","572",
"8578","2012","650","41",
"8579","2017","8177101","880",
"8580","1978","1228","549",
"8581","1973","2606418","31",
"8582","1986","19219006","618",
"8583","2001","244426604","897",
"8584","1981","3","145",
"8585","2006","180473759","769",
"8586","2017","61","114",
"8587","1993","0","845",
"8588","2020","402704","661",
"8589","2011","0","844",
"8590","1983","24557782","256",
"8591","2006","0","733",
"8592","1997","351","910",
"8593","2020","84639","525",
"8594","1991","80","851",
"8595","1984","505","607",
"8596","2013","49188","762",
"8597","2022","616196","322",
"8598","1987","1","272",
"8599","2001","0","561",
"8600","1988","710","966",
"8601","1996","121973","885",
"8602","2019","369","983",
"8603","1990","8001984","243",
"8604","2009","2382","454",
"8605","2015","62","990",
"8606","1991","485","142",
"8607","1977","14500315","772",
"8608","1970","29365","217",
"8609","1994","1030676","884",
"8610","1979","2205142","48",
"8611","2020","0","567",
"8612","2020","6153447","229",
"8613","1974","0","125",
"8614","2020","3734198","225",
"8615","1986","3152526","81",
"8616","2003","0","463",
"8617","2012","12163594","880",
"8618","1976","24370981","515",
"8619","1975","12089","253",
"8620","1994","6729","356",
"8621","1994","39696456","311",
"8622","1986","0","272",
"8623","1997","444","772",
"8624","1990","15242","324",
"8625","2018","1008","503",
"8626","1981","0","230",
"8627","2017","0","521",
"8628","1990","0","241",
"8629","2007","450622","820",
"8630","1984","41","256",
"8631","1987","92601652","381",
"8632","1997","11905","228",
"8633","1985","67085539","482",
"8634","2003","395","602",
"8635","2003","0","534",
"8636","1998","147301665","461",
"8637","1983","0","172",
"8638","1979","549","175",
"8639","1995","26","944",
"8640","1989","4","361",
"8641","2021","70","27",
"8642","2004","7404126","941",
"8643","2000","5070167","706",
"8644","2023","5","32",
"8645","2008","2226","641",
"8646","2024","3","655",
"8647","1995","21565451","435",
"8648","2014","132809","478",
"8649","1976","1151","987",
"8650","1976","12743","585",
"8651","2003","30873","721",
"8652","1985","41283","454",
"8653","2016","577978","331",
"8654","1997","1623809","235",
"8655","1997","482934","265",
"8656","2013","442791412","287",
"8657","2003","57472","367",
"8658","2004","4","925",
"8659","2006","53","200",
"8660","1989","0","506",
"8661","2005","2865580","178",
"8662","1998","1","636",
"8663","2003","26","269",
"8664","1983","16995062","580",
"8665","1982","456746","862",
"8666","1975","327","600",
"8667","2004","615942","220",
"8668","2023","382","625",
"8669","1980","0","884",
"8670","1984","1","132",
"8671","2012","4758","271",
"8672","2015","2","21",
"8673","1992","7027","196",
"8674","2008","76","471",
"8675","1975","85792","659",
"8676","1990","12769","870",
"8677","1977","817854","414",
"8678","1992","216268866","170",
"8679","1986","570","157",
"8680","1990","236100220","533",
"8681","2011","55804","149",
"8682","2014","642975","416",
"8683","2000","349","41",
"8684","1985","3011","517",
"8685","2000","3994","97",
"8686","1976","1","99",
"8687","1974","208881517","598",
"8688","1971","62047878","235",
"8689","2003","481264088","323",
"8690","2020","318512056","144",
"8691","2009","581","77",
"8692","2012","0","681",
"8693","2002","0","36",
"8694","2018","28","875",
"8695","1974","2","28",
"8696","1988","0","369",
"8697","1971","2","818",
"8698","1980","8","506",
"8699","2009","6","202",
"8700","2002","6","225",
"8701","2008","0","251",
"8702","2007","474883","800",
"8703","2005","22061","861",
"8704","2009","1","119",
"8705","1999","34","4",
"8706","2018","3144","696",
"8707","1972","39435","37",
"8708","1985","34","496",
"8709","2000","82505905","924",
"8710","1976","434783","6",
"8711","1993","1","516",
"8712","2008","31","447",
"8713","1986","3374","774",
"8714","1973","2","843",
"8715","2009","625","444",
"8716","1986","567357","315",
"8717","2002","22200","674",
"8718","2018","674134901","256",
"8719","2010","29579153","772",
"8720","2007","0","602",
"8721","1996","313264","224",
"8722","2007","0","358",
"8723","1979","51","779",
"8724","1994","76714","532",
"8725","2000","544561904","369",
"8726","1975","45","561",
"8727","1995","58684","442",
"8728","1977","961","486",
"8729","2018","311223550","909",
"8730","1972","13776282","291",
"8731","1982","0","95",
"8732","1976","54723201","705",
"8733","2015","0","802",
"8734","1973","3","848",
"8735","1989","76498","307",
"8736","2001","1523897","697",
"8737","2000","66","981",
"8738","2016","3628","226",
"8739","2024","4358","148",
"8740","1970","24677246","751",
"8741","1973","8997","924",
"8742","1972","462","690",
"8743","2001","10416","374",
"8744","1979","216837","297",
"8745","2008","0","264",
"8746","2007","283824","602",
"8747","1995","37","638",
"8748","2018","502","736",
"8749","1997","85574","936",
"8750","1986","39","111",
"8751","1988","184","408",
"8752","1998","0","754",
"8753","2003","717271","528",
"8754","2012","425184163","975",
"8755","2025","1107473","869",
"8756","2021","0","846",
"8757","1976","91","291",
"8758","2000","229886","248",
"8759","2000","111891271","406",
"8760","1971","216214","821",
"8761","2013","194320651","694",
"8762","1991","1202","741",
"8763","2025","376210","660",
"8764","1970","300","716",
"8765","1971","5450445","177",
"8766","2019","42","567",
"8767","2023","38538","440",
"8768","1977","2","927",
"8769","2022","2355","315",
"8770","2006","144353","374",
"8771","2008","541611","544",
"8772","1992","23","157",
"8773","1970","19632","476",
"8774","1982","0","245",
"8775","1983","738809","258",
"8776","1994","58064599","635",
"8777","1978","24211","423",
"8778","1982","15950","946",
"8779","1989","8340229","363",
"8780","1983","19932515","914",
"8781","1973","99","698",
"8782","1998","3807073","719",
"8783","1974","88","985",
"8784","1986","0","857",
"8785","1985","1776","127",
"8786","2012","111869","261",
"8787","1979","96760227","124",
"8788","1994","397","620",
"8789","1987","0","981",
"8790","1984","15902080","113",
"8791","1990","0","919",
"8792","2019","5","726",
"8793","1974","5138","886",
"8794","2025","1","743",
"8795","2021","942207","764",
"8796","2012","3","481",
"8797","1994","4","108",
"8798","1993","105467621","85",
"8799","1976","55489221","115",
"8800","1990","253039640","704",
"8801","2003","0","167",
"8802","1971","5944409","499",
"8803","1996","276783645","266",
"8804","2017","505","728",
"8805","1988","943","874",
"8806","2012","1241","451",
"8807","2005","8255154","259",
"8808","2004","269","925",
"8809","1976","48924885","800",
"8810","1974","50011","182",
"8811","1988","8","802",
"8812","2006","53","292",
"8813","2025","39","987",
"8814","1982","1699481","407",
"8815","2014","98858","852",
"8816","1994","139","231",
"8817","2015","246981","839",
"8818","1979","63","848",
"8819","2024","562","748",
"8820","2025","25827","92",
"8821","1998","647","862",
"8822","1975","0","318",
"8823","1976","23","372",
"8824","1976","2823","585",
"8825","1981","692","201",
"8826","1980","6","968",
"8827","1975","166766222","269",
"8828","2011","31","707",
"8829","1996","2278","637",
"8830","1975","463627","677",
"8831","2016","0","383",
"8832","2025","49811443","107",
"8833","1983","292442","232",
"8834","1998","62816864","520",
"8835","1971","2541340","871",
"8836","2021","642479633","141",
"8837","2003","44","871",
"8838","1994","3309395","799",
"8839","2020","30","798",
"8840","1987","4","424",
"8841","1979","248","561",
"8842","1981","0","496",
"8843","2000","53828851","151",
"8844","2021","15","660",
"8845","2014","21299","352",
"8846","2011","1","209",
"8847","2002","1","886",
"8848","1985","1199717","260",
"8849","2016","51079","183",
"8850","2010","39571234","264",
"8851","2020","30","421",
"8852","2017","843","771",
"8853","1981","8795","651",
"8854","1972","88948777","788",
"8855","1988","230","550",
"8856","1989","29529","703",
"8857","2010","23296","797",
"8858","1979","25009","560",
"8859","1987","20","377",
"8860","1974","7","808",
"8861","1987","2536","546",
"8862","2006","63996053","43",
"8863","2020","523707","343",
"8864","2023","0","559",
"8865","2012","12923","398",
"8866","1985","43419648","734",
"8867","2022","691445","590",
"8868","1977","0","96",
"8869","1972","35930600","52",
"8870","2008","0","483",
"8871","2001","0","227",
"8872","1999","736","263",
"8873","2006","7703","883",
"8874","2001","44628918","939",
"8875","2000","3","741",
"8876","1982","290477462","881",
"8877","2025","557","919",
"8878","2002","25929","922",
"8879","2007","5517","760",
"8880","2020","624","338",
"8881","2023","39648036","139",
"8882","2009","1146504","343",
"8883","2001","12","728",
"8884","2010","34","816",
"8885","2000","31959","81",
"8886","2023","126519","905",
"8887","1970","4807","218",
"8888","2009","104643","782",
"8889","1975","461","308",
"8890","2007","111573","594",
"8891","1972","151","150",
"8892","2023","362650380","479",
"8893","2001","4423","473",
"8894","2004","59","663",
"8895","1983","1","574",
"8896","1976","867071","93",
"8897","2021","501232","738",
"8898","1977","39548065","378",
"8899","2025","5","482",
"8900","1991","42756","846",
"8901","1972","282","0",
"8902","1991","7984","126",
"8903","2012","449","670",
"8904","1994","1395","918",
"8905","1974","2","118",
"8906","1972","2542133","742",
"8907","2012","72710313","776",
"8908","2022","401","785",
"8909","2025","138470","159",
"8910","1970","677258050","510",
"8911","2004","1894","649",
"8912","1987","43059","562",
"8913","2018","2499767","427",
"8914","1986","6978185","702",
"8915","2020","0","153",
"8916","1990","0","17",
"8917","2024","1834573","476",
"8918","2006","5030103","390",
"8919","1989","0","587",
"8920","1978","236","621",
"8921","1999","49","78",
"8922","2009","0","843",
"8923","1973","251927","758",
"8924","1988","4592778","124",
"8925","2020","222","242",
"8926","2010","3","332",
"8927","2016","6191724","730",
"8928","2019","6117668","42",
"8929","2020","3112","884",
"8930","1977","8867201","810",
"8931","1970","66577","830",
"8932","1980","30161077","455",
"8933","1974","0","287",
"8934","1987","2576788","33",
"8935","1989","1013853","936",
"8936","1983","24466","319",
"8937","2009","522","155",
"8938","1991","0","968",
"8939","1979","4","217",
"8940","2000","32792409","567",
"8941","2008","0","112",
"8942","2025","2266738","507",
"8943","1984","274028910","37",
"8944","2024","1","992",
"8945","1981","0","790",
"8946","1986","371","702",
"8947","1971","559595","276",
"8948","1982","23","852",
"8949","1987","8815","849",
"8950","2017","4","789",
"8951","2022","0","316",
"8952","1995","0","180",
"8953","1980","0","393",
"8954","1978","143","32",
"8955","2024","571","195",
"8956","1997","116","39",
"8957","1992","0","998",
"8958","2024","5531711","225",
"8959","2011","67441687","89",
"8960","1981","211","31",
"8961","2002","0","420",
"8962","1983","4646869","142",
"8963","2022","4512021","787",
"8964","1981","169","368",
"8965","2013","90","579",
"8966","2010","134403764","983",
"8967","2020","3","802",
"8968","2018","52915753","323",
"8969","1978","103","861",
"8970","1986","0","172",
"8971","2001","206182996","782",
"8972","2010","1","775",
"8973","2002","4487","488",
"8974","1985","51","581",
"8975","2018","0","364",
"8976","2021","5918969","611",
"8977","2016","13","427",
"8978","1988","0","284",
"8979","1993","561949","875",
"8980","1995","578","144",
"8981","2002","7704","762",
"8982","1999","2491285","566",
"8983","2004","37835","726",
"8984","2005","23997158","192",
"8985","2020","8520937","811",
"8986","2009","29394504","720",
"8987","2025","2162","384",
"8988","2019","385616109","166",
"8989","2017","582","110",
"8990","1999","84","451",
"8991","2023","332321562","339",
"8992","1976","3453590","25",
"8993","1980","33864","302",
"8994","1979","564","308",
"8995","1987","7778","258",
"8996","1988","0","374",
"8997","2005","787","135",
"8998","1978","37919","648",
"8999","1990","3","369",
"9000","2010","0","134",
"9001","2011","3","553",
"9002","2021","56","632",
"9003","2025","0","810",
"9004","2021","4","308",
"9005","2004","419","525",
"9006","1985","10","97",
"9007","1992","0","538",
"9008","2025","423","785",
"9009","1989","474775026","466",
"9010","1992","4","393",
"9011","1991","0","185",
"9012","2010","763","694",
"9013","2011","56176","455",
"9014","1975","155","359",
"9015","2000","338027","779",
"9016","1980","0","225",
"9017","2024","3","353",
"9018","2004","3677","807",
"9019","1991","6732646","932",
"9020","2016","0","113",
"9021","2017","150766726","246",
"9022","1998","4","992",
"9023","2015","380012","115",
"9024","1996","319767992","483",
"9025","2015","43","823",
"9026","2006","192609359","438",
"9027","1978","22","150",
"9028","1996","142111398","621",
"9029","2023","30488","223",
"9030","1975","1690254","700",
"9031","2019","29","231",
"9032","1989","34485","560",
"9033","2006","570128536","262",
"9034","2002","12","55",
"9035","2002","0","714",
"9036","1978","0","636",
"9037","1971","0","397",
"9038","1978","1796","561",
"9039","1998","18527","811",
"9040","2007","72444981","652",
"9041","1977","23","56",
"9042","1988","0","743",
"9043","1993","0","374",
"9044","1993","0","865",
"9045","2004","502700680","185",
"9046","1986","0","399",
"9047","2002","0","495",
"9048","1978","8","376",
"9049","1977","47794103","102",
"9050","2007","8712","996",
"9051","1997","877620","506",
"9052","1978","46607","416",
"9053","1994","46299934","29",
"9054","1999","2533","670",
"9055","1986","1","131",
"9056","2025","0","946",
"9057","2012","2","549",
"9058","1984","1","457",
"9059","1991","870514461","539",
"9060","1978","3","168",
"9061","2024","627967195","234",
"9062","1986","7","504",
"9063","1997","717685","929",
"9064","1970","9166888","28",
"9065","2010","0","812",
"9066","1997","70774","714",
"9067","1992","2763","957",
"9068","2009","590","704",
"9069","2017","1","274",
"9070","2003","1489","464",
"9071","1986","2","672",
"9072","2006","2455043","707",
"9073","1984","53164408","716",
"9074","1986","603247","673",
"9075","2003","655986","329",
"9076","2001","357","695",
"9077","1990","91243","220",
"9078","1979","1","126",
"9079","2025","197327","478",
"9080","1983","6","813",
"9081","1998","6","897",
"9082","2024","134","800",
"9083","2018","403892","516",
"9084","2018","282","172",
"9085","1972","2","575",
"9086","1981","17","120",
"9087","2020","70","181",
"9088","2003","17905","60",
"9089","2007","9754360","905",
"9090","2007","347223","169",
"9091","2005","67","570",
"9092","2007","3","560",
"9093","1976","44509495","209",
"9094","1992","74","709",
"9095","1986","504959680","222",
"9096","2005","60920818","232",
"9097","1990","0","16",
"9098","2019","38","10",
"9099","1988","468490","97",
"9100","2023","295266","532",
"9101","2024","358013","349",
"9102","1985","117","914",
"9103","1990","556","524",
"9104","1982","2034","379",
"9105","1993","1","61",
"9106","2007","19","985",
"9107","2002","81648370","831",
"9108","2020","9989188","565",
"9109","1993","23","175",
"9110","2017","248082","506",
"9111","1984","11998","734",
"9112","2008","0","821",
"9113","2003","407","332",
"9114","2018","1087372","405",
"9115","1996","271894","564",
"9116","1971","3260656","37",
"9117","1988","638555527","348",
"9118","2022","4","331",
"9119","2009","292","415",
"9120","2011","7505","170",
"9121","2006","57434075","727",
"9122","2015","2858","393",
"9123","1996","621872539","302",
"9124","2015","3948003","289",
"9125","2005","17","263",
"9126","1987","0","93",
"9127","2002","0","850",
"9128","2006","740550","43",
"9129","2016","347920","864",
"9130","2018","5562","236",
"9131","1994","228","57",
"9132","1981","88341","271",
"9133","2012","2329356","733",
"9134","2000","4985912","534",
"9135","1986","0","702",
"9136","1975","21577400","696",
"9137","2011","2820","863",
"9138","1983","522366285","689",
"9139","1973","2756","828",
"9140","2014","140131","39",
"9141","1996","0","421",
"9142","2001","153995","682",
"9143","2003","669028","983",
"9144","1996","401139271","336",
"9145","2007","0","31",
"9146","2010","2264","162",
"9147","1984","704","3",
"9148","1978","14921248","40",
"9149","2024","8494972","849",
"9150","1976","2","930",
"9151","2012","0","899",
"9152","1971","4187","47",
"9153","2022","307080","0",
"9154","2018","39728980","941",
"9155","1971","408223","53",
"9156","2019","0","340",
"9157","2011","6981","740",
"9158","2022","5","696",
"9159","1974","22554090","45",
"9160","1977","0","470",
"9161","1975","13683","942",
"9162","1979","871230","536",
"9163","1989","38281861","476",
"9164","2009","33680","779",
"9165","1988","921014","294",
"9166","1978","1241","350",
"9167","2023","4","732",
"9168","1984","30394","211",
"9169","2025","1046","613",
"9170","2003","572284","443",
"9171","1996","1421850","847",
"9172","2010","0","520",
"9173","2022","50608621","100",
"9174","2009","29502","844",
"9175","2005","3804","811",
"9176","1976","0","521",
"9177","1986","80539","51",
"9178","2021","1","461",
"9179","1972","3938","685",
"9180","1994","0","872",
"9181","2024","73219","457",
"9182","1982","10704815","806",
"9183","2013","13905530","545",
"9184","2015","688","115",
"9185","1982","205","475",
"9186","1979","927446023","104",
"9187","2017","310","405",
"9188","2005","59","136",
"9189","1994","2242","323",
"9190","2018","4390","539",
"9191","2005","2","429",
"9192","1995","40","668",
"9193","1977","0","632",
"9194","2013","120112","964",
"9195","2007","1111464","516",
"9196","1973","263","525",
"9197","2016","2002960","169",
"9198","2010","921040","493",
"9199","2024","6","617",
"9200","2010","6","757",
"9201","2009","597","242",
"9202","1976","81","715",
"9203","1985","4","20",
"9204","1990","0","437",
"9205","2012","0","737",
"9206","1990","281","688",
"9207","2015","98128809","755",
"9208","1999","11","730",
"9209","1972","264072923","889",
"9210","2000","533998321","490",
"9211","1981","783845","971",
"9212","2009","5831","168",
"9213","1996","0","509",
"9214","2013","387226026","958",
"9215","2008","5","726",
"9216","2011","0","745",
"9217","2004","0","912",
"9218","1994","1","997",
"9219","1981","5","6",
"9220","2009","0","286",
"9221","1992","29476365","181",
"9222","1991","5","634",
"9223","2002","423086511","672",
"9224","2017","8043","505",
"9225","2004","2","689",
"9226","2002","87087","310",
"9227","1977","10252815","684",
"9228","1998","785841021","815",
"9229","1992","0","540",
"9230","1993","3076283","940",
"9231","2006","2438741","380",
"9232","1994","115247416","174",
"9233","2019","167691318","467",
"9234","1990","243384343","185",
"9235","1993","1","538",
"9236","1988","3278","399",
"9237","1989","0","380",
"9238","1970","339","990",
"9239","1974","88393475","670",
"9240","2002","437319","962",
"9241","1989","15150","217",
"9242","1974","112899161","662",
"9243","1986","3968067","777",
"9244","1997","0","398",
"9245","2013","22481","928",
"9246","1992","39","276",
"9247","2025","1","852",
"9248","1999","1","202",
"9249","2000","243","216",
"9250","1998","542","66",
"9251","1992","561050","382",
"9252","1980","122","371",
"9253","2021","552083","340",
"9254","2021","21787","866",
"9255","1999","1102825","420",
"9256","1980","2646","51",
"9257","1991","57905","444",
"9258","1981","27","435",
"9259","2001","7283","165",
"9260","2001","6122","267",
"9261","1988","21657957","108",
"9262","2006","1","203",
"9263","2007","4682181","329",
"9264","1997","0","484",
"9265","1971","6487889","970",
"9266","1994","7630","378",
"9267","2018","0","666",
"9268","2020","1","799",
"9269","1995","3267","323",
"9270","1985","206359","963",
"9271","1976","3","522",
"9272","1995","6","524",
"9273","2020","257027","184",
"9274","1992","66311","987",
"9275","2000","11137311","336",
"9276","1987","57529","65",
"9277","1984","0","401",
"9278","1976","604702","551",
"9279","2024","0","183",
"9280","2018","4068","633",
"9281","1971","30911","33",
"9282","2004","114954384","94",
"9283","2000","2146055","86",
"9284","2025","1666930","107",
"9285","2017","34","551",
"9286","1991","2397602","30",
"9287","2002","177310470","508",
"9288","1984","21874218","819",
"9289","2023","1","740",
"9290","2008","27686","77",
"9291","1977","63","746",
"9292","1973","26","400",
"9293","2023","74271","192",
"9294","2004","21","638",
"9295","1977","1","492",
"9296","2016","0","890",
"9297","2019","49816363","11",
"9298","1991","236183","835",
"9299","1980","1","903",
"9300","1981","4","503",
"9301","1975","2","313",
"9302","1997","27572550","319",
"9303","1974","8","977",
"9304","1985","265","677",
"9305","2003","993","677",
"9306","1990","103082","342",
"9307","1971","5354","674",
"9308","1995","975302","531",
"9309","1996","405757","762",
"9310","1973","44","799",
"9311","1985","261","203",
"9312","2024","1891665","651",
"9313","2002","0","384",
"9314","2016","20340","787",
"9315","1986","5","453",
"9316","1977","73286","639",
"9317","1973","1","635",
"9318","2021","0","742",
"9319","2000","15468326","441",
"9320","2006","302239","954",
"9321","2018","109002294","913",
"9322","1989","229659","779",
"9323","2000","190131110","720",
"9324","1996","1211717","115",
"9325","2021","0","640",
"9326","2024","12400","537",
"9327","2018","34956","40",
"9328","1972","618483959","976",
"9329","1985","1151","74",
"9330","1971","166786","212",
"9331","2007","18271099","349",
"9332","1979","432967","437",
"9333","1971","4","536",
"9334","2015","201829595","45",
"9335","2025","0","720",
"9336","1986","79","55",
"9337","1978","45808","249",
"9338","1979","1287762","463",
"9339","2020","2803","314",
"9340","2017","140","475",
"9341","2011","6239","475",
"9342","1998","5086353","351",
"9343","2019","35","405",
"9344","1979","0","641",
"9345","1986","28789032","920",
"9346","1974","204","436",
"9347","1986","1183014","996",
"9348","2023","474830","795",
"9349","2019","81","61",
"9350","1982","44821790","428",
"9351","1973","2822","524",
"9352","1972","14901","603",
"9353","1990","0","639",
"9354","2021","48323665","98",
"9355","2018","0","658",
"9356","1985","17100","989",
"9357","1982","205705","203",
"9358","1988","8277043","616",
"9359","1984","4057032","432",
"9360","1989","256311603","909",
"9361","1986","3747819","633",
"9362","2021","0","838",
"9363","1989","155","287",
"9364","2013","5","798",
"9365","1979","0","162",
"9366","1992","0","486",
"9367","1981","1","823",
"9368","2024","0","952",
"9369","2021","4442","590",
"9370","2000","15566","210",
"9371","2013","27594315","630",
"9372","1987","22798","142",
"9373","2013","455368803","172",
"9374","1971","3841675","324",
"9375","1983","1","500",
"9376","1997","24873","486",
"9377","2003","5293","728",
"9378","2015","29316","762",
"9379","1985","0","542",
"9380","1986","4534736","594",
"9381","2023","828787","828",
"9382","1996","92574","759",
"9383","2017","373005","185",
"9384","1971","34337078","925",
"9385","2023","743","234",
"9386","1986","271940","49",
"9387","1977","421508954","162",
"9388","2023","266","431",
"9389","2001","0","288",
"9390","1975","4","171",
"9391","2014","380","514",
"9392","1999","0","463",
"9393","1996","57861","241",
"9394","1993","6","948",
"9395","1974","18486","299",
"9396","1997","0","790",
"9397","1992","3345","958",
"9398","2009","168413581","909",
"9399","1986","85","16",
"9400","1978","151472","545",
"9401","1978","119427","738",
"9402","2014","3583945","985",
"9403","1977","3678","415",
"9404","1977","488322918","425",
"9405","2014","51814985","644",
"9406","2009","51400","49",
"9407","1992","66192416","166",
"9408","2016","147292340","990",
"9409","1972","1843","314",
"9410","2004","30565402","244",
"9411","2002","721","910",
"9412","1995","4648","86",
"9413","1987","54","129",
"9414","1979","0","800",
"9415","1973","6266","442",
"9416","2014","393970","928",
"9417","2013","475200","787",
"9418","1975","2642","803",
"9419","1988","4194","361",
"9420","2001","4","403",
"9421","2001","6","415",
"9422","1990","0","866",
"9423","2003","0","165",
"9424","2010","29338883","281",
"9425","2025","219733","465",
"9426","1997","321716225","560",
"9427","1991","24","78",
"9428","1992","627","213",
"9429","2025","78","683",
"9430","1978","0","909",
"9431","1981","696230","511",
"9432","1998","0","837",
"9433","1991","12758","585",
"9434","2008","41534","129",
"9435","1993","2","756",
"9436","2000","78","289",
"9437","1977","330314927","177",
"9438","2016","22319","75",
"9439","2009","78","442",
"9440","2000","39088","823",
"9441","2015","27729","562",
"9442","1989","6","223",
"9443","1972","15","609",
"9444","1984","2","773",
"9445","2021","23052","368",
"9446","2004","28818","7",
"9447","1993","4","649",
"9448","2013","19229178","458",
"9449","2025","4","652",
"9450","1984","47895","3",
"9451","2002","260","362",
"9452","2006","503631","531",
"9453","2023","23364","664",
"9454","1973","223","641",
"9455","2004","429161","218",
"9456","1982","121740204","43",
"9457","1989","7384252","47",
"9458","2024","6645","932",
"9459","2018","29","961",
"9460","2001","9","634",
"9461","2012","0","152",
"9462","1997","190","862",
"9463","1986","23","758",
"9464","1983","821491","520",
"9465","2021","57104","570",
"9466","1996","5","486",
"9467","1983","40980699","921",
"9468","1971","348835","542",
"9469","1981","2393469","26",
"9470","1997","60","700",
"9471","2024","3520554","752",
"9472","1993","223519285","341",
"9473","2007","409","662",
"9474","2017","0","255",
"9475","1997","6","591",
"9476","1975","23465130","465",
"9477","1972","20824162","797",
"9478","2007","2113","848",
"9479","2022","25443","337",
"9480","2001","25421","42",
"9481","1977","5644","359",
"9482","2009","0","548",
"9483","2013","16","162",
"9484","1998","569474","604",
"9485","2004","1","436",
"9486","1975","47025745","700",
"9487","1994","4661","69",
"9488","2007","0","946",
"9489","1979","15","424",
"9490","1972","459529","847",
"9491","2003","74785558","933",
"9492","2016","422405","838",
"9493","1986","246164180","760",
"9494","1994","2807","341",
"9495","2007","4","843",
"9496","1970","130616215","256",
"9497","2019","410295","137",
"9498","2007","180784753","252",
"9499","2015","487","189",
"9500","1999","521902","402",
"9501","2023","5360","861",
"9502","2003","0","647",
"9503","2001","6908","173",
"9504","1979","0","159",
"9505","2023","2","133",
"9506","1974","2","858",
"9507","2011","0","194",
"9508","2015","37131","640",
"9509","2009","635","939",
"9510","2020","8239","678",
"9511","1980","77245907","448",
"9512","2015","128","557",
"9513","2003","0","868",
"9514","2025","111947","224",
"9515","1988","616006","272",
"9516","1996","5","529",
"9517","2009","129","876",
"9518","1985","71","691",
"9519","2004","42688473","828",
"9520","1983","17183234","893",
"9521","1973","438895","139",
"9522","2024","828260262","77",
"9523","2002","9","860",
"9524","1982","60353873","422",
"9525","2025","2215","693",
"9526","1980","5210228","292",
"9527","1999","78750","85",
"9528","2008","0","995",
"9529","1996","72614693","637",
"9530","1986","0","716",
"9531","1993","1","720",
"9532","2009","7382308","547",
"9533","2007","120959","655",
"9534","2025","0","495",
"9535","2011","140245","937",
"9536","2012","0","222",
"9537","1974","169","764",
"9538","1983","0","903",
"9539","1987","5120987","526",
"9540","2005","0","788",
"9541","2022","642","813",
"9542","1972","26380","940",
"9543","1993","252","492",
"9544","2009","17","672",
"9545","2016","0","217",
"9546","1976","203","845",
"9547","1995","28652020","523",
"9548","1990","0","620",
"9549","2010","677754092","220",
"9550","1970","1","705",
"9551","2010","1635933","545",
"9552","1971","13","736",
"9553","1982","681030652","668",
"9554","2018","101369","352",
"9555","1971","115","564",
"9556","1977","857206","748",
"9557","2014","865541","384",
"9558","2005","635","420",
"9559","2000","345756447","26",
"9560","2022","78259313","713",
"9561","1996","23","143",
"9562","2003","0","281",
"9563","1977","486995696","100",
"9564","1981","531","621",
"9565","1983","0","207",
"9566","2004","79586","537",
"9567","1973","130340","15",
"9568","2006","107","866",
"9569","2014","79568835","550",
"9570","2025","0","563",
"9571","1970","3331961","954",
"9572","2008","136","672",
"9573","2020","0","547",
"9574","1972","2","846",
"9575","2013","411366574","985",
"9576","1986","880382761","888",
"9577","2025","6","873",
"9578","2002","7","604",
"9579","1978","11","188",
"9580","2020","25517878","828",
"9581","2007","48047","507",
"9582","1973","3","443",
"9583","1971","15","432",
"9584","1974","143178","877",
"9585","1975","400925815","86",
"9586","1983","8179140","237",
"9587","1982","62876471","598",
"9588","1984","60","446",
"9589","2021","0","464",
"9590","1978","7876","850",
"9591","2014","803","943",
"9592","2024","59","290",
"9593","2010","5591207","151",
"9594","2007","9568","207",
"9595","2024","25","488",
"9596","2009","27","414",
"9597","2015","54154","513",
"9598","1988","2","157",
"9599","2019","9994326","277",
"9600","1993","23013","433",
"9601","1991","2248554","903",
"9602","1985","61338989","794",
"9603","1976","24843","611",
"9604","2001","6516","326",
"9605","1974","200469851","176",
"9606","2009","14925","664",
"9607","1981","76260","856",
"9608","1974","38","133",
"9609","1992","97","413",
"9610","1974","10427976","838",
"9611","1983","341828940","925",
"9612","1970","8967666","514",
"9613","2016","2","511",
"9614","1997","19074","341",
"9615","1990","0","409",
"9616","1980","56","314",
"9617","1988","0","226",
"9618","1978","2128078","698",
"9619","2022","2","246",
"9620","1999","1889630","145",
"9621","1972","8405","889",
"9622","1972","0","937",
"9623","2012","2200846","813",
"9624","1971","4019","908",
"9625","1996","0","987",
"9626","1976","871","246",
"9627","2004","452","78",
"9628","2003","4","620",
"9629","1973","146923","875",
"9630","2000","574","402",
"9631","1986","90","173",
"9632","2012","215458","383",
"9633","2009","24247443","323",
"9634","2012","31548791","129",
"9635","2004","249","652",
"9636","1985","0","662",
"9637","1989","486512964","382",
"9638","1993","14","170",
"9639","2020","3729256","20",
"9640","2013","225","517",
"9641","1973","3","46",
"9642","2006","2","485",
"9643","1971","2","954",
"9644","2006","0","918",
"9645","1992","0","22",
"9646","2005","28999","968",
"9647","2001","342","49",
"9648","2000","64","26",
"9649","1992","8","625",
"9650","2006","459473","278",
"9651","2020","0","448",
"9652","1974","37","961",
"9653","1976","56","51",
"9654","2021","2","165",
"9655","2018","237529","83",
"9656","2020","326736","888",
"9657","1975","4758123","559",
"9658","2024","2308769","466",
"9659","2015","10445972","393",
"9660","2024","6","277",
"9661","2003","41739","522",
"9662","2016","0","192",
"9663","2015","1512","329",
"9664","1981","1","390",
"9665","2002","31071839","398",
"9666","1979","22301871","12",
"9667","2002","15059","381",
"9668","1990","2","530",
"9669","2021","24545525","650",
"9670","1970","0","247",
"9671","1980","0","854",
"9672","1995","174","632",
"9673","1988","270","84",
"9674","1973","56","616",
"9675","1976","3631","274",
"9676","1991","55938064","356",
"9677","2001","2","100",
"9678","2001","1381","940",
"9679","1988","2002666","85",
"9680","2006","67","857",
"9681","2020","329404","917",
"9682","1998","108","692",
"9683","1970","0","631",
"9684","1981","16","821",
"9685","2023","565167","834",
"9686","2022","54266122","177",
"9687","1983","17376551","334",
"9688","1976","340","680",
"9689","1998","10451111","294",
"9690","1993","374743","955",
"9691","1970","179185815","124",
"9692","1985","0","374",
"9693","1996","35706","660",
"9694","2014","1454","238",
"9695","2018","367","122",
"9696","1990","72","999",
"9697","2000","24660","615",
"9698","2019","123","107",
"9699","2024","13089477","174",
"9700","1988","213068352","961",
"9701","2022","6","27",
"9702","1992","6521","733",
"9703","1995","45185092","933",
"9704","1982","12798378","929",
"9705","2002","0","958",
"9706","1976","2040","857",
"9707","2015","5","563",
"9708","2013","46","920",
"9709","2007","312799","789",
"9710","2019","480","657",
"9711","1975","46","445",
"9712","2001","518","399",
"9713","1973","40","518",
"9714","1994","6817400","291",
"9715","2010","2","878",
"9716","1997","0","22",
"9717","2010","7813","353",
"9718","1996","26580509","454",
"9719","2010","38965","441",
"9720","2023","5159","610",
"9721","2023","168","737",
"9722","2006","54104","681",
"9723","2002","52","770",
"9724","1993","1913","30",
"9725","2008","44594","958",
"9726","2018","2309","349",
"9727","2015","1571","61",
"9728","2016","284","90",
"9729","1988","6","828",
"9730","2014","2797","503",
"9731","2025","28524","2",
"9732","2004","16686324","602",
"9733","1996","173885987","359",
"9734","1972","2","756",
"9735","2009","15","369",
"9736","2000","0","335",
"9737","2010","1574","963",
"9738","2003","2967489","664",
"9739","2015","18927","353",
"9740","2000","0","62",
"9741","2006","6567","329",
"9742","1999","37254","848",
"9743","2025","992","942",
"9744","2009","3","544",
"9745","2023","1160","116",
"9746","1986","23555744","347",
"9747","1978","438071209","731",
"9748","2017","52358691","485",
"9749","1996","9","29",
"9750","2008","54","445",
"9751","2023","0","424",
"9752","1973","576505","31",
"9753","1974","0","181",
"9754","2011","8816204","849",
"9755","1979","317","59",
"9756","1998","0","99",
"9757","1971","70","24",
"9758","2016","12721","236",
"9759","1993","2840","217",
"9760","2010","81475","106",
"9761","2009","9236","113",
"9762","1986","0","424",
"9763","1994","3707","300",
"9764","2010","875","673",
"9765","2002","6437","957",
"9766","1987","3706","522",
"9767","1983","2340758","143",
"9768","1993","0","540",
"9769","2010","2914","464",
"9770","2017","3","137",
"9771","2011","10700239","956",
"9772","1983","197009943","150",
"9773","2020","2","403",
"9774","2024","42400751","765",
"9775","2005","20857498","220",
"9776","2003","26026126","493",
"9777","1996","1","578",
"9778","2019","16509","32",
"9779","1997","27","142",
"9780","1995","53491","640",
"9781","1992","24640587","397",
"9782","1990","0","418",
"9783","1971","123014","677",
"9784","2021","120146680","837",
"9785","1988","53","487",
"9786","1986","6","44",
"9787","1991","475646","739",
"9788","2003","0","179",
"9789","1998","0","921",
"9790","1988","7656","513",
"9791","1998","633902858","969",
"9792","1999","379277","575",
"9793","2023","90796","67",
"9794","2006","248432","32",
"9795","1975","172","388",
"9796","1995","4188311","811",
"9797","2007","35831","34",
"9798","2004","4","934",
"9799","1999","1393","171",
"9800","1977","4000","819",
"9801","1970","129773","618",
"9802","1993","2640976","643",
"9803","1977","255241","60",
"9804","2022","2","317",
"9805","1972","1516","344",
"9806","2000","363","301",
"9807","1994","277","788",
"9808","1997","61904949","716",
"9809","1972","5","691",
"9810","1995","1456","953",
"9811","1977","503606295","739",
"9812","2012","28193557","573",
"9813","1971","3519030","764",
"9814","1984","399","560",
"9815","2016","0","442",
"9816","2018","514996","555",
"9817","1994","0","935",
"9818","1978","46262","937",
"9819","1977","20240","13",
"9820","1986","87","340",
"9821","2007","29053","215",
"9822","1973","4820","585",
"9823","1972","43991","521",
"9824","1972","578","397",
"9825","1982","29","35",
"9826","2013","0","820",
"9827","1981","3","424",
"9828","2025","16553783","714",
"9829","2009","1299278","818",
"9830","1986","6","65",
"9831","1997","529382","564",
"9832","2025","362018458","616",
"9833","2012","3031","710",
"9834","2025","2","84",
"9835","2017","19","270",
"9836","2008","176","65",
"9837","2005","217941","839",
"9838","2012","2","866",
"9839","2013","12","252",
"9840","1997","6","438",
"9841","1976","341210","297",
"9842","2025","3474","920",
"9843","2010","0","681",
"9844","2024","6373","267",
"9845","1986","0","274",
"9846","2012","30793663","631",
"9847","2018","8679132","534",
"9848","2010","8","323",
"9849","1970","0","222",
"9850","2014","0","809",
"9851","2023","0","38",
"9852","1977","351834","875",
"9853","1984","1025","15",
"9854","1998","573","709",
"9855","1981","588","385",
"9856","2002","2","895",
"9857","2010","4158207","121",
"9858","1971","464940","863",
"9859","2015","2","727",
"9860","1987","132","751",
"9861","1990","506046","573",
"9862","1974","5","772",
"9863","2016","2396","133",
"9864","1976","0","260",
"9865","1991","135784","448",
"9866","1972","22773","663",
"9867","1995","1998","448",
"9868","1972","5970249","700",
"9869","2002","23330126","425",
"9870","2006","5109913","764",
"9871","1977","16271107","321",
"9872","2005","33","419",
"9873","1988","23094","762",
"9874","1998","6620556","317",
"9875","1995","1","29",
"9876","2004","1","941",
"9877","1985","7856104","123",
"9878","1978","195450","728",
"9879","1981","400672","386",
"9880","1986","152952592","993",
"9881","2008","464941","523",
"9882","2018","8","868",
"9883","1983","0","953",
"9884","1999","6587488","740",
"9885","1982","1","749",
"9886","1994","3343773","850",
"9887","2003","7","655",
"9888","2008","76605445","860",
"9889","2023","0","196",
"9890","1971","585243","668",
"9891","2014","204637443","22",
"9892","1994","920","512",
"9893","1986","264599065","159",
"9894","2002","10828","613",
"9895","1986","9","239",
"9896","2025","2289","717",
"9897","1992","619601336","971",
"9898","1995","0","119",
"9899","2007","1029171","372",
"9900","1976","15906267","317",
"9901","1993","24","700",
"9902","1976","283387365","579",
"9903","2024","18709732","84",
"9904","2000","6","946",
"9905","1971","3530","476",
"9906","1981","688","502",
"9907","2019","27314646","593",
"9908","1996","29606","459",
"9909","1992","0","174",
"9910","1973","274","837",
"9911","2024","0","0",
"9912","2014","53","114",
"9913","1995","59238738","179",
"9914","1977","4372","714",
"9915","1988","2","926",
"9916","1977","368","915",
"9917","1996","1","462",
"9918","2022","4646212","114",
"9919","1986","732992","515",
"9920","1998","26","276",
"9921","2024","37034","220",
"9922","1971","539","503",
"9923","1976","0","970",
"9924","2004","0","102",
"9925","2023","0","911",
"9926","2011","983547","224",
"9927","1982","12","694",
"9928","1990","4865896","365",
"9929","1976","2297544","433",
"9930","2010","0","460",
"9931","1999","5","324",
"9932","2010","76476","135",
"9933","2005","34","120",
"9934","2022","22930190","716",
"9935","2003","100","974",
"9936","1985","49342","196",
"9937","2006","420","894",
"9938","2002","453132283","768",
"9939","2007","0","53",
"9940","2000","28380272","572",
"9941","1970","0","854",
"9942","1987","16","376",
"9943","1989","192606896","120",
"9944","2022","10814411","670",
"9945","1974","63563945","817",
"9946","1986","364827","993",
"9947","1980","348","685",
"9948","2014","0","777",
"9949","2005","6374528","674",
"9950","1978","0","965",
"9951","2000","45523","113",
"9952","1999","140","859",
"9953","2008","22","834",
"9954","1992","11704","302",
"9955","1985","216603319","389",
"9956","1983","46716","566",
"9957","2014","4342845","834",
"9958","2000","188167","339",
"9959","2018","518351","692",
"9960","1971","53524","631",
"9961","1997","52094","535",
"9962","2009","6","877",
"9963","1976","0","907",
"9964","1994","685","474",
"9965","2021","1","308",
"9966","1970","67214634","81",
"9967","1996","55","924",
"9968","1970","912","639",
"9969","1979","1","958",
"9970","1982","148459477","680",
"9971","2022","4536","444",
"9972","1988","1616692","3",
"9973","2011","1632672","105",
"9974","2002","4414","959",
"9975","1980","255723","580",
"9976","1996","153567","333",
"9977","1989","326878304","841",
"9978","1989","36888696","82",
"9979","2014","1","545",
"9980","1992","0","944",
"9981","1979","146740","871",
"9982","1970","16194","86",
"9983","2002","16536090","135",
"9984","1993","0","205",
"9985","2012","5597135","642",
"9986","2014","11741174","869",
"9987","2021","308","882",
"9988","2009","0","430",
"9989","1997","1082","130",
"9990","1998","14250116","276",
"9991","2020","3","210",
"9992","1973","0","477",
"9993","2010","125","196",
"9994","1978","302","577",
"9995","2020","44","654",
"9996","2012","2705995","53",
"9997","1976","60241","920",
"9998","1993","23782842","898",
"9999","1987","6969","614",
"10000","1984","0","751",
