"Campus","Year","Faculty",
"1","2021","82.213086576",
"2","1990","943039.81058943",
"3","1984","3.97253",
"4","2022","902505.8273473",
"5","1998","9432688.84",
"6","2021","0",
"7","1987","0",
"8","1980","0",
"9","1995","0",
"10","1981","47.651566959",
"11","1982","165.06470691",
"12","1994","29",
"13","2004","2636190.83892",
"14","2011","415467.99",
"15","1979","1.6307016",
"16","1981","0",
"17","1978","1086.5330528",
"18","1970","0",
"19","2020","303603.2634018",
"20","2022","0",
"21","1989","47794.301945917",
"22","2006","6.3905986",
"23","1989","4.703",
"24","1970","794.8270307",
"25","1973","9844570.8265077",
"26","1996","0",
"27","1988","415.9385",
"28","1991","0",
"29","2004","0",
"30","1990","668361.10358",
"31","1992","0",
"32","2011","95.3108",
"33","2018","84273",
"34","2008","2.3",
"35","1997","204341.303262",
"36","1979","1.67443",
"37","1990","14170.5",
"38","2006","2.629672404",
"39","2009","7440.89850336",
"40","2024","0",
"41","2021","78554308.249674",
"42","2023","108388",
"43","2018","186446366.19537",
"44","2022","24703.22709787",
"45","1988","394207.51",
"46","2003","365529.45397441",
"47","2011","963525.148",
"48","1978","47.6",
"49","1985","957.4",
"50","1988","645.200755",
"51","2008","164",
"52","2001","181537",
"53","2011","9104938.6",
"54","2017","7989900",
"55","1990","7680.68",
"56","2022","0",
"57","2014","189809.67862",
"58","1976","127423.7267",
"59","1981","0",
"60","1989","393127.74518289",
"61","2014","32.269",
"62","1988","21894.2443",
"63","1992","1735614.339649",
"64","1998","0",
"65","2012","0",
"66","2009","0",
"67","2004","352973776.7",
"68","2012","383717",
"69","2023","0.2",
"70","1999","234",
"71","2021","54530",
"72","2003","14375.935151",
"73","2019","62033.9",
"74","1993","4171211.8665032",
"75","1978","30910343.377",
"76","2014","2046.8692",
"77","2025","3.660660303",
"78","2025","230664.1",
"79","1996","0",
"80","2011","1137628.42",
"81","1994","63.3",
"82","2011","0.69816686",
"83","2019","5020.145",
"84","2006","486617209.91876",
"85","2002","2.666387",
"86","2021","3.028",
"87","2011","0",
"88","1984","40.64",
"89","2014","439.8",
"90","1991","3",
"91","1982","44.7978",
"92","2021","0",
"93","1989","491.87",
"94","2023","415.962683",
"95","2021","240344",
"96","1971","3980777.3",
"97","2001","417968015.18867",
"98","1987","5.996",
"99","1994","2240863.004311",
"100","2004","2517110.7",
"101","2009","1376137.903536",
"102","2009","1474524.626",
"103","2005","16.843",
"104","1999","0",
"105","1988","46294.677975672",
"106","1995","0",
"107","1985","85401.867225",
"108","2004","0",
"109","2011","573423.55237",
"110","2021","67655.524",
"111","2008","0",
"112","1996","55948.9",
"113","2022","38",
"114","1983","43.93",
"115","1994","0.1608",
"116","1977","0",
"117","1999","101.17975407",
"118","1995","9085818.7455178",
"119","1988","6877953.84323",
"120","2018","4",
"121","1971","5",
"122","2010","60840907.850465",
"123","1988","2",
"124","1994","522885.67",
"125","1975","0",
"126","1999","1763.092880406",
"127","2021","2.741",
"128","1999","184.358944055",
"129","2007","0.032",
"130","1999","0.38498",
"131","2017","19488.5",
"132","1984","3657310.9639",
"133","1988","5207950.4275",
"134","2007","44143577.55",
"135","2007","0.2024",
"136","1970","38946.2200995",
"137","2021","0",
"138","1990","18499.349317",
"139","1983","12961.8886",
"140","2008","5681745.6223133",
"141","1979","3340.22360045",
"142","2008","9000465.6",
"143","2019","0",
"144","2001","62450714.39",
"145","2020","17102.1898",
"146","1977","11907.99",
"147","1999","19446435",
"148","2024","87.816",
"149","2018","116136261.084",
"150","1983","359",
"151","1977","0",
"152","2012","62263",
"153","1989","0",
"154","2010","268076.41215445",
"155","2001","18489182.04222",
"156","2021","88561.7141",
"157","2014","61314190.07123",
"158","1997","3",
"159","1995","2.185031",
"160","2006","1778.56998614",
"161","1971","1535.4978138",
"162","1987","23.7",
"163","1981","1753.63113",
"164","1981","2466619.6822",
"165","1975","6.6888183",
"166","1976","5.1",
"167","1981","5",
"168","2015","240055.43",
"169","1985","30061257.3",
"170","1986","1486453.8507592",
"171","2024","34873688.222074",
"172","1981","189341.117699",
"173","2000","562058.932",
"174","1996","0",
"175","2023","134521.6876282",
"176","2008","235084.7972",
"177","2006","40922.7305856",
"178","1972","19.222255",
"179","2023","8483.398114",
"180","2016","342.8312",
"181","2000","4308.97",
"182","1978","17.70394619",
"183","1986","28883",
"184","1978","214486481.47373",
"185","1996","45329205.977113",
"186","2020","0",
"187","1986","633805.709",
"188","1991","329.46937255",
"189","1977","1",
"190","2017","2506274.55",
"191","1978","21135.06668",
"192","1973","220780548.89245",
"193","1976","0",
"194","1990","2542.32",
"195","1985","700398.61",
"196","1992","314492996.6248",
"197","2022","120003.9390665",
"198","1992","22795.493555",
"199","2003","0",
"200","2000","3557.8115",
"201","2025","2.716753",
"202","2013","5589475.8334217",
"203","1990","579",
"204","1983","2887583.30066",
"205","2012","11856.6053",
"206","2015","0",
"207","2021","0",
"208","2015","0",
"209","2023","528.749862302",
"210","2018","38",
"211","1973","7231875.45",
"212","2018","28334.126632",
"213","1981","26015.704662",
"214","1988","0.044901",
"215","1988","0.289997831",
"216","1980","4768.3332261",
"217","1990","15389.829136",
"218","2013","55.193",
"219","1993","389293.9",
"220","2016","273.2480273",
"221","2011","57339363.706051",
"222","1996","4.32571",
"223","2001","5973.85763469",
"224","2007","666",
"225","2002","0",
"226","1998","5021695.66",
"227","2000","0",
"228","2022","222555",
"229","2013","7166.6292",
"230","1979","190468738.95116",
"231","2011","6537031.6067037",
"232","1985","115.3",
"233","2025","50795.47705",
"234","1979","41585099.526251",
"235","1989","445.43238",
"236","1987","0",
"237","1990","21.069",
"238","1990","5415361",
"239","1996","222.734239477",
"240","1984","360100702.03882",
"241","1989","14.6927",
"242","1972","2460938",
"243","1978","20296335.1",
"244","1979","11178313",
"245","1979","0",
"246","2023","221089.41669301",
"247","1977","50475107.811",
"248","2006","114720.239785",
"249","1977","663035.62",
"250","1978","4850841.4",
"251","1970","23.617638663",
"252","1999","26229518",
"253","2013","819.61206395",
"254","2013","3411.2318",
"255","1986","168030388",
"256","2007","251194.627",
"257","2005","37352.6",
"258","2010","849.119489",
"259","1975","615014.65447215",
"260","2003","868055.3869448",
"261","1977","342233.1",
"262","2015","22146.889",
"263","1999","81829842.94159",
"264","2014","1019.247",
"265","1979","4.57",
"266","1992","102428402.20207",
"267","1995","605.36419732",
"268","2010","0",
"269","2006","68980073",
"270","2004","40944280",
"271","2005","299.808",
"272","1996","35992182.887444",
"273","1998","49739941.4",
"274","1992","11584404.5246",
"275","1991","0.044686",
"276","2017","33.74",
"277","2025","7.75324",
"278","1995","247.164081",
"279","1976","0",
"280","1982","67.6105388",
"281","2019","645754563.325",
"282","2022","0.9577",
"283","2016","55325716.582547",
"284","1994","2404919.2041944",
"285","1978","361810747.3",
"286","1991","72073.041498425",
"287","1970","0",
"288","2014","3.375",
"289","2007","291189.8535785",
"290","1979","2634.1",
"291","2002","3001.69327",
"292","2019","307.7508",
"293","2005","3923640.1565085",
"294","2007","1728278.36416",
"295","1978","11859.462393",
"296","1996","1550038.34572",
"297","1981","0",
"298","1985","300122.31",
"299","2003","24912.7",
"300","2003","4.00241",
"301","2008","0",
"302","1985","3953.472",
"303","1999","0",
"304","1979","72.4749897",
"305","1973","12.029",
"306","2017","185234.1599",
"307","2022","3148586.2",
"308","1987","1.5917213",
"309","1985","6148767.399314",
"310","2017","0",
"311","2003","4.9937",
"312","1981","1686.40057",
"313","2006","27.41127",
"314","1975","20.58349418",
"315","1986","248.63846",
"316","2012","5.43603",
"317","2007","0",
"318","1979","4490.32494429",
"319","1983","48668",
"320","2013","3.11833206",
"321","1984","19343.277059",
"322","2015","1",
"323","2006","402.1341149",
"324","1974","2789998.4469895",
"325","1970","0",
"326","1981","4247450",
"327","2016","4225.843",
"328","2011","51902176.94617",
"329","1982","214713.42",
"330","2021","40642126.815508",
"331","1990","38.4",
"332","1982","19493.108",
"333","2016","558257.864",
"334","2013","33158465.6077",
"335","1989","12963619.066979",
"336","2012","255872032.8",
"337","2021","295043375.17",
"338","2017","237602.1",
"339","2004","5.281438",
"340","1991","7686.7",
"341","2021","3440.73",
"342","1979","24400608",
"343","2002","4.9990128",
"344","2020","1.6",
"345","1996","26.3439864",
"346","1978","0",
"347","1993","1.352302",
"348","2021","7338.44403",
"349","1998","1022403.667188",
"350","1971","1583.6727719",
"351","2002","65.452",
"352","1993","0",
"353","1978","11095735.229",
"354","2016","767.7",
"355","2009","3277040.36",
"356","2019","36429.0931",
"357","1976","61.303441568",
"358","1981","615.8615",
"359","2019","108.74",
"360","2018","1067.4563748",
"361","2004","5.095723303",
"362","1988","370882671",
"363","1977","202.0778",
"364","2008","980.164544",
"365","1986","33.7",
"366","1976","0",
"367","2009","6129.72756",
"368","2004","70000143.96",
"369","1994","168891377.24347",
"370","1971","478.4761152",
"371","1981","282581",
"372","1983","2419272.497",
"373","2009","36605888.1836",
"374","2020","4729.335",
"375","1980","94875.81",
"376","2012","0",
"377","2014","24.259973",
"378","1974","1179918.5919387",
"379","1989","203.03",
"380","2013","0.440538",
"381","1981","306",
"382","1993","2.7",
"383","1982","534959826.5842",
"384","2011","2",
"385","2007","175754.6279193",
"386","2007","394843.3",
"387","1978","115020314.51804",
"388","1992","31.1018",
"389","2014","343046.9072826",
"390","2018","0.6268",
"391","1980","1361718.7176",
"392","1987","0.1221",
"393","1996","5442197.12096",
"394","1974","0",
"395","1988","296598.5685",
"396","2014","26128.009",
"397","1971","0.69",
"398","2006","0",
"399","2014","25221034.845",
"400","2006","5472.634066004",
"401","2017","1705.967188",
"402","1986","43.38719",
"403","2000","76.297465114",
"404","1973","2",
"405","2003","199",
"406","1991","255291.21325448",
"407","1979","111837.3191986",
"408","2016","5618239.771",
"409","2005","861",
"410","1998","23876.6",
"411","2020","0.241108",
"412","1995","6034.32",
"413","1979","330.98218",
"414","1995","311.5248",
"415","1989","2.996342",
"416","1979","1735.13964",
"417","1986","406737.577743",
"418","1971","54423346.38",
"419","2015","217880947.78622",
"420","2017","358.382506202",
"421","1980","636249.09006",
"422","1983","217277080.411",
"423","1995","457.0820887",
"424","2011","749.5",
"425","2006","38914.4",
"426","1991","0",
"427","2008","2.802",
"428","2024","54.58712",
"429","2020","3.74128",
"430","1985","4.0683594",
"431","1984","12441.1020169",
"432","1991","2355.35320769",
"433","1970","0",
"434","1990","0",
"435","2011","7.59904",
"436","1997","724",
"437","2025","263076235.38597",
"438","2023","0",
"439","1977","0.035181",
"440","1992","547850.1",
"441","1994","7568313.9298261",
"442","2004","9.9",
"443","1976","830074.871584",
"444","2017","2.9641",
"445","1995","712.32748",
"446","2001","50066.96192254",
"447","2008","390.6",
"448","2010","108752.21864543",
"449","1982","313.41944",
"450","1976","188",
"451","1971","3384.989",
"452","1998","6035310.341134",
"453","2020","5816.362022111",
"454","1990","5745.296991952",
"455","1996","542191.925474",
"456","1974","0",
"457","1991","1258",
"458","1985","361278.48",
"459","1974","246.43448",
"460","1978","259592511.77423",
"461","2015","2781546.8925",
"462","2007","0",
"463","1988","14676830.1",
"464","2009","9740888.9227",
"465","2001","468293322.75355",
"466","2010","552064",
"467","1994","21130134.6",
"468","1992","512119.4413",
"469","1994","610401.6014",
"470","2010","16263071.7",
"471","1997","0",
"472","2025","0",
"473","1980","50135.7",
"474","2016","0",
"475","1972","207.8753",
"476","1992","13.685470237",
"477","1995","77842.4",
"478","1999","8721.55",
"479","2017","24739971.281232",
"480","2023","0",
"481","2015","1.763",
"482","2010","2.51564697",
"483","2005","0",
"484","2012","56672437.18158",
"485","2012","6190.927692",
"486","1983","5.5162",
"487","1989","3251464.1784",
"488","1975","48.71786042",
"489","2000","11035.97751129",
"490","2021","9.745648431",
"491","1987","19128.52641279",
"492","2020","49284",
"493","1984","101",
"494","1971","46270.11532097",
"495","1972","559.724768657",
"496","1989","2972274.89",
"497","2023","10002654.08522",
"498","1976","2340973.109494",
"499","1991","8.4050532",
"500","1992","5446122.649",
"501","1971","15749998.1",
"502","1974","19",
"503","2013","0",
"504","2011","5508.29433",
"505","1971","17.8951592",
"506","2005","43792077",
"507","1971","9.077",
"508","2012","56593.89",
"509","1987","0",
"510","1986","370816338.91",
"511","1986","420.9938",
"512","1995","76548.599",
"513","1999","711.31523",
"514","1985","83895756.74708",
"515","1992","0.26442378",
"516","2015","65.5816",
"517","1997","589.027125",
"518","2025","26",
"519","2007","4795.6801",
"520","1971","135.3",
"521","1999","161.38",
"522","2024","302983",
"523","1988","788907.5",
"524","1993","481.0200189",
"525","2007","329026729.87594",
"526","2004","54208167.976",
"527","1983","58509.58459",
"528","2018","1603433.2585206",
"529","2008","273322880.95835",
"530","2013","3.6907",
"531","1995","1.1",
"532","2025","119779.079",
"533","2007","4239.076582649",
"534","1985","51861677.4",
"535","2013","4222.78105",
"536","2005","2033.499761",
"537","2023","7.8309",
"538","1999","3069956.3733779",
"539","1981","2.98609638",
"540","1990","46336",
"541","2004","10453937.0589",
"542","1978","79.7",
"543","2012","355833.91576591",
"544","1975","17387.813941",
"545","2024","25.131",
"546","2020","2468084.61055",
"547","1982","827737.43066205",
"548","2014","1751363.830575",
"549","1983","39.3555",
"550","1972","125472.44915307",
"551","2024","0",
"552","2015","70295.6",
"553","1975","13116691.4438",
"554","1998","34921.26",
"555","1975","586692445.96542",
"556","1984","292978098.09753",
"557","2011","5418940.65",
"558","1985","7381.54722058",
"559","2016","344.8",
"560","1977","124811.50731349",
"561","2016","0",
"562","2025","381379.07437364",
"563","1976","149567685.16492",
"564","1972","81990820",
"565","1978","0",
"566","1993","0.81034404",
"567","2016","46",
"568","2011","3202545.9775785",
"569","2021","8164831.9732272",
"570","2021","20423.65",
"571","2020","0",
"572","1981","35762435.478554",
"573","1994","45292.788",
"574","1979","2031.315457",
"575","1990","27594251.85068",
"576","1982","2.82",
"577","1985","19611140.217446",
"578","2008","0",
"579","2005","0",
"580","2004","8335672.3822781",
"581","1995","425982142.14241",
"582","1982","216.218",
"583","2024","0",
"584","1982","0",
"585","2006","5773",
"586","1995","3.5",
"587","1976","0.07723349",
"588","1987","6246.9074",
"589","1996","22484.716845827",
"590","1998","0",
"591","1976","1307.6758227",
"592","1970","6084280.705831",
"593","1980","0",
"594","1975","49.734478049",
"595","1989","291.0933",
"596","2003","20216.50131263",
"597","1975","4",
"598","1988","20584.5066",
"599","2023","452452.96",
"600","1979","0.519861948",
"601","2011","80956",
"602","1970","1459.4372",
"603","1977","2525.6",
"604","1999","2436.357",
"605","2015","0",
"606","1996","1466123.6",
"607","2006","681.7790636",
"608","1971","45.3",
"609","2017","24616796.95985",
"610","2018","299821768.9",
"611","2021","45.688691",
"612","1994","0",
"613","2001","8389.46",
"614","2016","11182.32",
"615","1975","199859.09",
"616","2025","2104450.716397",
"617","2024","5007.79",
"618","2000","174683373.78837",
"619","2010","601",
"620","2008","1276.46896",
"621","1980","242890271.34",
"622","2019","0",
"623","2004","0.22687",
"624","1981","0",
"625","1986","43.466148989",
"626","2011","24409666.87243",
"627","1991","27",
"628","2007","710599195.4",
"629","1983","8637.048825583",
"630","1999","0",
"631","2016","2002946.925",
"632","2016","0",
"633","1978","0",
"634","1977","7",
"635","2019","30454.896",
"636","1972","21",
"637","2015","30.67",
"638","1973","82937518",
"639","1985","3993073.992779",
"640","2022","2220.9218",
"641","1983","24424703.071115",
"642","1990","75602987.021837",
"643","2012","262950775.36971",
"644","1980","16224164.432833",
"645","2001","84097404.861",
"646","1996","9641679.898642",
"647","2018","96088.1765",
"648","2011","126313132.63338",
"649","1986","68.895",
"650","1993","1144.936077",
"651","1978","4.65",
"652","2011","5046.86405",
"653","2002","12796.159047",
"654","2009","0.261",
"655","2000","5",
"656","1993","0",
"657","2005","3807789.1912008",
"658","2010","527.3",
"659","1983","72345551.66937",
"660","2002","3708.68329799",
"661","2012","341225958.14",
"662","2001","2474.0085",
"663","1988","366819868.4",
"664","2007","4.66",
"665","2008","115.26",
"666","1986","0",
"667","2025","25559.0266",
"668","1983","291830129.497",
"669","1989","19539.964",
"670","1985","414.529175",
"671","1998","0",
"672","1996","48342071.08",
"673","1995","448770947.8",
"674","1990","54050.810159048",
"675","1975","23691884.8",
"676","1970","37948892.6925",
"677","2023","1.05",
"678","2019","374",
"679","1973","0.5053",
"680","1978","25494.678022058",
"681","2008","4.6990825",
"682","1997","0.430008",
"683","2004","4.37",
"684","2020","0",
"685","1987","1250.791084935",
"686","1978","23599.97187708",
"687","2025","24255.62407",
"688","2022","6058185.466",
"689","1994","28860639.938",
"690","2021","3928.5",
"691","2020","60288.895394",
"692","1984","2.054293006",
"693","2004","4.9070751",
"694","2004","0",
"695","2000","0",
"696","2010","4",
"697","1989","0",
"698","1985","0",
"699","2011","4774",
"700","2014","37267268.557",
"701","2014","45961.7",
"702","2024","336.88",
"703","1997","214.134052766",
"704","1976","2.894164",
"705","1977","0.7",
"706","2011","2.46",
"707","2003","21638.522739851",
"708","2018","296595613.72799",
"709","2015","77877.151",
"710","1998","384.71751",
"711","1977","447.378054",
"712","1975","0.0566946",
"713","2023","400559.13171",
"714","1979","0.3345",
"715","1999","0.995",
"716","1975","290740.3286",
"717","1975","1.00794",
"718","1994","13330866.303",
"719","2009","412964387.04449",
"720","1977","7337538.99038",
"721","1994","3124579.2798",
"722","1975","32263252.651",
"723","1977","1.70833534",
"724","2003","0.99752",
"725","2009","0",
"726","2024","3769",
"727","1982","441159",
"728","2015","1522806.9",
"729","1985","67.57857",
"730","2021","48755202.58",
"731","2015","19779.9",
"732","1973","31.7491",
"733","2003","1470391.81",
"734","2012","2.282207225",
"735","1975","27745.76525366",
"736","1985","870262.26",
"737","1992","9239356.3",
"738","2001","25",
"739","1986","17.414585",
"740","1999","37312259",
"741","1973","274780.13036",
"742","1980","1614.426063377",
"743","2002","10.7",
"744","2008","292002.6495966",
"745","2009","927844.6547976",
"746","1996","0.724808",
"747","1980","531.4511559",
"748","1984","228185.484401",
"749","1989","838.849",
"750","1995","5817.24501",
"751","1981","0",
"752","2011","0.3667",
"753","1987","5200.8",
"754","2022","1.739",
"755","2010","428712.96415889",
"756","1989","16051.20677221",
"757","1984","43.97713",
"758","1991","5060197.8737",
"759","2020","0",
"760","1993","260978535.8975",
"761","1973","0",
"762","1975","1.15",
"763","2014","27",
"764","2008","48156034.26",
"765","1992","19737219.872178",
"766","1980","411067.644",
"767","1993","86576774.567616",
"768","2001","93208.295",
"769","2001","25192306.200356",
"770","1987","23115367.5624",
"771","1998","5450303.8107451",
"772","1995","20.204",
"773","1982","1.8961586",
"774","2008","81183.13146",
"775","1990","89024.7632",
"776","1986","3614.387",
"777","1994","0",
"778","2023","3996.38",
"779","1973","5060.102",
"780","1980","7.225794",
"781","2011","0",
"782","2001","14222.6017017",
"783","1982","29056.23",
"784","1989","2.9",
"785","1994","0",
"786","1981","976.201",
"787","1989","319672145.60086",
"788","1972","23809.685658508",
"789","2019","14.171",
"790","1992","2.539",
"791","2003","1.86",
"792","1988","0",
"793","1980","1.21757",
"794","1999","664.88219887",
"795","1988","774161.00176452",
"796","1976","1.833",
"797","1986","0",
"798","1972","2296.054543",
"799","2000","26901.1",
"800","1975","217.027826",
"801","1996","0",
"802","1978","3.36080212",
"803","1985","136",
"804","2014","3543694.6596773",
"805","1981","57616594.6",
"806","2008","0",
"807","2022","32553.039538",
"808","1978","1.028433",
"809","2013","4160.49346926",
"810","2004","2.04994826",
"811","1994","0",
"812","2022","6505.8",
"813","1972","625563.43923",
"814","1975","4",
"815","2000","1.6724",
"816","1985","434625",
"817","1981","525",
"818","2007","316064132.42827",
"819","2019","307731351.29986",
"820","2013","0",
"821","1971","0",
"822","1970","568343.4128962",
"823","1978","0",
"824","1998","319362621.273",
"825","1977","0",
"826","1987","2178428.2312536",
"827","1978","75343.8",
"828","2009","476.105",
"829","2021","2582277",
"830","1989","20691.10877",
"831","1995","30139305.8133",
"832","1985","14.5218",
"833","2004","952",
"834","1990","833.203609",
"835","2024","262.25",
"836","2024","651289841.4",
"837","2006","28.59153595",
"838","2021","8.912490767",
"839","1979","43293.4",
"840","1991","233.5",
"841","1981","312252.92600591",
"842","2005","482",
"843","1987","600.06",
"844","2009","916.93595044",
"845","2001","0.60074311",
"846","1997","157398",
"847","1980","3007478.5467439",
"848","2003","267749.35147325",
"849","2022","150383.650702",
"850","2004","895.3706",
"851","1980","4.14907966",
"852","1975","721089.007481",
"853","2001","12.080393",
"854","2013","7875746.6",
"855","2008","247537.07",
"856","1972","0",
"857","1971","1345082.5",
"858","1971","38.18447192",
"859","1971","97878895.907835",
"860","2025","669991361.12746",
"861","1976","7122488.5",
"862","1999","216113111.72571",
"863","1998","29579.0493573",
"864","1980","61551679.280416",
"865","2025","0.7533",
"866","2019","1566.450986",
"867","1971","0.26058",
"868","2008","23498181.35825",
"869","2008","2611923.0430164",
"870","1972","8.2858729",
"871","1997","25213.53291",
"872","1974","6225537.0062328",
"873","2004","11.08",
"874","1980","4.3",
"875","2002","6882353",
"876","1975","47.9",
"877","1986","75674793.68",
"878","2018","784515.51031177",
"879","2004","7555",
"880","1999","4626958.204",
"881","2012","288",
"882","2016","585232.7925434",
"883","1997","44823147.516573",
"884","1996","3.157315914",
"885","2016","50727966.97421",
"886","2013","6.627402",
"887","2012","201266543.3081",
"888","1997","45.19161",
"889","2011","85893.1",
"890","2007","205.1333",
"891","1996","1.83",
"892","1975","168235837.6",
"893","1993","5829.07831",
"894","1974","19.512",
"895","1974","3.1674068",
"896","2017","654019",
"897","1974","479.17",
"898","1986","249.929847536",
"899","1989","156724.85",
"900","2012","280215964.10322",
"901","1982","260.2545453",
"902","2000","11612760",
"903","1988","4435836.4285148",
"904","1970","0",
"905","2013","139023.2",
"906","2007","6921.74551",
"907","1993","25840.35167",
"908","2008","70188.02952711",
"909","1976","49466.32",
"910","2017","0.54624415",
"911","2014","81.0725",
"912","1978","0",
"913","1986","8654",
"914","1978","9.346",
"915","1983","5674.9822",
"916","2011","51960.375832435",
"917","2004","119517.51276",
"918","1976","125.92",
"919","1991","339367.9",
"920","1993","1.102506064",
"921","1970","33294.533292",
"922","1995","12.4508",
"923","2025","2319.898",
"924","2017","2",
"925","1982","68.77912148",
"926","2018","3082038.46",
"927","1984","1691215.867183",
"928","1974","16",
"929","2018","3793.31",
"930","2014","1122892",
"931","1985","60616023.57",
"932","1996","0.9",
"933","2004","84093.25",
"934","2014","0",
"935","1977","7655.56871753",
"936","1970","14.87",
"937","2022","0",
"938","1983","5757406.0354377",
"939","1977","6859482.4693",
"940","1991","2348.3956971",
"941","2019","609.515368529",
"942","1979","622127.04991686",
"943","1986","417.467875",
"944","2000","770282571.9",
"945","1987","0",
"946","2012","40350396.276307",
"947","2021","2611.777",
"948","1972","358498.8584394",
"949","1983","720361.960141",
"950","1976","2.7568",
"951","1979","0.263781048",
"952","2022","321176.6221",
"953","1987","98222.546",
"954","2014","343682570.769",
"955","2003","2.3992152",
"956","1979","302.595",
"957","1996","3.46869",
"958","1981","17094071.4",
"959","2019","2175.45",
"960","1997","4",
"961","2022","4.65",
"962","2003","114329718.7",
"963","1986","4067.0290013",
"964","1977","29078156.698",
"965","1987","63.861",
"966","2013","1.141152467",
"967","1971","41089.6",
"968","1984","449321.629",
"969","2016","16.16254809",
"970","2003","461.17210671",
"971","1998","5596.99972",
"972","2002","68113913.546224",
"973","1973","0",
"974","1974","3838.5281412",
"975","1992","0",
"976","1977","20.641776",
"977","1997","207237.5",
"978","2009","0",
"979","1972","2369.74251",
"980","2001","0.31036",
"981","1986","31624.40324",
"982","1992","53.0694",
"983","2021","149.54",
"984","2010","39.9102474",
"985","2010","218005.968",
"986","2019","1619.85",
"987","2013","3370.28",
"988","1970","3.020461097",
"989","2023","2.804",
"990","1995","242.29874246",
"991","2000","37340.78",
"992","2017","509797.865",
"993","1992","0",
"994","1970","36672.414",
"995","2008","2521.445458",
"996","2003","11248.863661743",
"997","1973","0.19881",
"998","1971","27722634.003665",
"999","2024","6850.5273",
"1000","1983","160808557",
"1001","2002","245465.429",
"1002","1998","788.719412",
"1003","1977","53353.05",
"1004","1993","113193624.14",
"1005","2014","0",
"1006","1992","290479.98898453",
"1007","2015","1831",
"1008","1972","3244674.06",
"1009","1992","232217949.9",
"1010","2022","3547745.90683",
"1011","1970","246584",
"1012","1996","2083189.3423",
"1013","2014","0",
"1014","1970","543",
"1015","2006","37946.317253451",
"1016","2004","21711.968",
"1017","1990","2.66",
"1018","2012","17942.2",
"1019","1995","389961.8",
"1020","2010","1696.858564358",
"1021","2016","4627577.317111",
"1022","1996","44664.4122126",
"1023","2014","3447.8010801",
"1024","1983","1525.3765471",
"1025","2001","3.1477728",
"1026","2019","7.965",
"1027","1987","99143.66",
"1028","1975","4087469.135424",
"1029","1980","781151869.84",
"1030","1983","62479601.979973",
"1031","1983","428.739",
"1032","2016","5.7",
"1033","2023","0",
"1034","2022","319953.83628",
"1035","2022","4.334575",
"1036","1990","7429.068309362",
"1037","1997","9526448.2742669",
"1038","2013","627.36644",
"1039","1997","2559853.418",
"1040","1997","2551928.9",
"1041","2004","557228",
"1042","2008","0.03284",
"1043","2004","54614.84",
"1044","2012","95.798",
"1045","2010","0",
"1046","2023","2716668.9651349",
"1047","1995","18301.5388",
"1048","1985","1",
"1049","2002","175.1547",
"1050","2012","245102.1070797",
"1051","1993","5",
"1052","2013","6415.388407",
"1053","1977","36354295.598822",
"1054","1970","1438.416",
"1055","1972","27160310.444902",
"1056","2000","734335780.67",
"1057","1991","268167312.55509",
"1058","1990","294457.2",
"1059","1979","636578129.83",
"1060","1985","325.400081",
"1061","1992","105.3757",
"1062","2025","16723978.414793",
"1063","1985","0",
"1064","1997","8445.8477",
"1065","1991","3574.36",
"1066","1984","1419952.3596",
"1067","1973","0",
"1068","1992","0",
"1069","1995","39.68",
"1070","1996","120979.3722058",
"1071","1981","3959.59731652",
"1072","2000","211408.7908",
"1073","2012","218345.454",
"1074","2015","0",
"1075","2020","893.7936123",
"1076","1979","787021.59",
"1077","2015","610394964.2",
"1078","1984","202322607.606",
"1079","2000","6629448.0053802",
"1080","2003","40372.45325",
"1081","1989","192.278",
"1082","1977","2",
"1083","1990","51.288946638",
"1084","1979","8898044",
"1085","2024","1.34569",
"1086","2014","296.40158979",
"1087","2015","1475.584989",
"1088","2020","25410772.34822",
"1089","1996","425.5683028",
"1090","2016","2193.7758",
"1091","1977","3018383.3",
"1092","1999","3.71133709",
"1093","2020","12862",
"1094","2014","41747.0751739",
"1095","2023","579.429592",
"1096","1988","65633.81295",
"1097","1990","0",
"1098","1983","45702455.668379",
"1099","1998","1.9665",
"1100","1989","3653212.7828495",
"1101","1977","41.727174",
"1102","2013","541845017.32888",
"1103","1978","28.375",
"1104","1998","24687465.9",
"1105","1978","10692128.811349",
"1106","1971","8.874401326",
"1107","1999","2861.1611914",
"1108","2012","79405.4357",
"1109","1976","123746",
"1110","2006","7.02",
"1111","1990","18.557128",
"1112","1993","0",
"1113","1996","49.92391636",
"1114","2007","10070.916267",
"1115","1990","2321758.5",
"1116","1987","344492255.80732",
"1117","2013","0.745",
"1118","1985","185.1611",
"1119","2005","19070.92169",
"1120","1987","13",
"1121","2021","0",
"1122","2023","0",
"1123","1973","7124.24514351",
"1124","1998","1826.3264",
"1125","2020","32071.91028616",
"1126","1992","402228805.14188",
"1127","2010","2177431.44",
"1128","2003","3.88078194",
"1129","2019","0.5",
"1130","2016","84.39218",
"1131","1990","324109553.66",
"1132","2014","223228217.29",
"1133","1999","13.75252629",
"1134","2009","0",
"1135","1993","12513.187",
"1136","2020","1256139.610815",
"1137","1977","0",
"1138","2007","12260.562434411",
"1139","1971","136005581",
"1140","2005","93780170.421965",
"1141","1982","151.35439028",
"1142","2010","5",
"1143","1993","19666439.302547",
"1144","2021","2.8518",
"1145","1999","1828621.7",
"1146","1979","67.077",
"1147","2022","114.42089",
"1148","1992","0",
"1149","1982","4938448.20535",
"1150","1987","23.33860327",
"1151","2008","0",
"1152","2009","61458.984",
"1153","2008","5919.65",
"1154","1998","7412624.312",
"1155","1988","46784863.70465",
"1156","2013","2.918",
"1157","2010","57.8963",
"1158","1996","5.9115444",
"1159","2011","244131800.6",
"1160","1990","0",
"1161","1994","990.409996",
"1162","1980","349559.075",
"1163","1985","70.0379",
"1164","2002","55206128.723185",
"1165","1977","1.9",
"1166","2017","4282322.295",
"1167","1990","483400744.00714",
"1168","2008","4171388",
"1169","1976","5.91184",
"1170","2017","14079850.62",
"1171","2018","11903.2",
"1172","2024","52.8",
"1173","1997","30313401.7",
"1174","2008","85136.68",
"1175","1970","67.609571",
"1176","2005","29258735.765",
"1177","2023","879049.474",
"1178","2014","1.36324",
"1179","1984","26032284.2",
"1180","2013","3041663.207",
"1181","1996","391177.67658",
"1182","2018","83446050.16107",
"1183","1983","4287717.0858",
"1184","2002","5181.554176",
"1185","2012","2156043.9542",
"1186","1998","3950765.388",
"1187","2017","2.5",
"1188","1985","35.239",
"1189","1977","256.1",
"1190","2017","220.2003",
"1191","1981","3.371448",
"1192","1997","337.455",
"1193","1991","774.23957049",
"1194","1988","21342.69093",
"1195","1989","908669.04",
"1196","1990","332.32904",
"1197","2011","20.339967",
"1198","2020","0",
"1199","2017","9",
"1200","1972","4677.09781",
"1201","2021","9753166",
"1202","1981","159795642.28",
"1203","1999","10.5",
"1204","2010","0",
"1205","1987","18.432",
"1206","1992","0",
"1207","1999","37.45171378",
"1208","2024","306773.5057",
"1209","1986","3.77525007",
"1210","1976","479.222345873",
"1211","2015","52.966525",
"1212","2010","148244233.58826",
"1213","2007","11.41019",
"1214","2006","0",
"1215","2019","43140386.8567",
"1216","1971","643565726.3994",
"1217","2008","10691.76685",
"1218","2022","0",
"1219","2008","37.592",
"1220","2010","556189.6170137",
"1221","1972","0",
"1222","1988","476623920.748",
"1223","2022","216.54856362",
"1224","2008","791111483.915",
"1225","2006","0",
"1226","1983","15732.41",
"1227","1973","588.88302",
"1228","1995","384022408.75133",
"1229","1993","2551",
"1230","1974","6193543.504251",
"1231","1991","3.48381891",
"1232","1978","10.13",
"1233","1980","541.237646408",
"1234","2013","34574766.039271",
"1235","2002","250.1",
"1236","1973","303936786.151",
"1237","1988","76.5992",
"1238","1996","0",
"1239","1976","67.62",
"1240","1986","524885.65120776",
"1241","1995","3895.903561987",
"1242","1994","51034.955915",
"1243","1993","10701605.997226",
"1244","2024","630.114316",
"1245","2012","6695277",
"1246","1974","32828292.34371",
"1247","1986","8827.306547",
"1248","1984","0.7499786",
"1249","1982","84.95",
"1250","2007","2429764.019594",
"1251","1974","35.4289771",
"1252","1974","4329.35248967",
"1253","1986","1.222449",
"1254","2011","0",
"1255","2025","562.7832734",
"1256","1972","14239573.58827",
"1257","1993","79552.6311868",
"1258","2005","30585894.141",
"1259","1987","21666123.707079",
"1260","2007","3225254.269459",
"1261","1985","7.10738724",
"1262","2020","532423",
"1263","1984","4753206",
"1264","1991","0",
"1265","2015","174.43196",
"1266","1989","18540.0819489",
"1267","1982","132.0539",
"1268","2000","0",
"1269","2022","34561935.674034",
"1270","1999","0",
"1271","2003","153.7449159",
"1272","2014","6467955.96",
"1273","2025","5",
"1274","2022","1373968.93",
"1275","2009","24763.50959",
"1276","1974","9.1331",
"1277","1984","2425363.563233",
"1278","1970","0",
"1279","2018","8426933.25",
"1280","2014","0",
"1281","1985","0",
"1282","1985","5336441.576",
"1283","1992","2",
"1284","1991","16826.1",
"1285","2015","94122.3",
"1286","1998","56269.155",
"1287","2000","369973301.0012",
"1288","1983","6",
"1289","2010","11.6007915",
"1290","2009","6714230.92",
"1291","1975","0",
"1292","2014","129464.127",
"1293","2018","55616657",
"1294","1971","605855742.5",
"1295","1970","129",
"1296","2016","28666.4985",
"1297","1990","550361.2043",
"1298","1991","8207296",
"1299","2018","2606034",
"1300","1975","1387279",
"1301","2003","117738.5",
"1302","1977","784831.55591354",
"1303","1986","0.60459778",
"1304","1993","622.689913609",
"1305","2025","276328",
"1306","2012","0",
"1307","2020","67.6",
"1308","1975","18918239.247841",
"1309","2003","11644.7844829",
"1310","1994","1998.58100107",
"1311","1979","264019.47573624",
"1312","1976","23.33058",
"1313","1983","1875216",
"1314","1995","238.9518687",
"1315","2013","49.78979308",
"1316","2002","59.63790961",
"1317","2008","0",
"1318","2012","20739773.494131",
"1319","2003","5898311.56",
"1320","1993","1082880.35656",
"1321","1971","0",
"1322","2007","0.28",
"1323","1972","1358.129349234",
"1324","1986","20.8861",
"1325","2011","5474.124",
"1326","1981","0.3994051",
"1327","1999","1771740.695",
"1328","1996","0",
"1329","1983","50213134.57152",
"1330","1972","532.1",
"1331","1996","830.7",
"1332","1980","19.8045176",
"1333","2013","47396548",
"1334","2005","78454.96",
"1335","1975","1.5469",
"1336","1975","1.874",
"1337","2012","1139.9673387",
"1338","2025","5655.84154647",
"1339","1988","1041.62893609",
"1340","2025","16472",
"1341","1975","631997.73146997",
"1342","1971","2.4",
"1343","2002","9.9296",
"1344","1996","65319.4718024",
"1345","1982","0",
"1346","2011","51359997.9586",
"1347","2015","41.1121865",
"1348","2016","223608.64444677",
"1349","1973","504700.234447",
"1350","1995","1800971",
"1351","2017","22479.71456453",
"1352","2009","480353",
"1353","2007","9361.24208",
"1354","2025","2626",
"1355","1989","7.3",
"1356","1997","198.2348826",
"1357","1976","76913.062",
"1358","2014","1511.84000136",
"1359","1995","0",
"1360","2012","156.116",
"1361","1998","436567752",
"1362","2005","16460698.3",
"1363","2010","5482219",
"1364","1980","0",
"1365","2002","693676.88",
"1366","2010","73670",
"1367","2014","172.8783152",
"1368","2023","0",
"1369","2023","12.275941",
"1370","1978","31.974865",
"1371","1983","34.197",
"1372","2017","120071072.52",
"1373","2013","2.48",
"1374","1988","536410.25",
"1375","2004","7046.266237245",
"1376","2019","3",
"1377","2022","118166",
"1378","2011","3824.891336124",
"1379","1993","160917207.468",
"1380","1995","8237.305",
"1381","2011","1542.9238549",
"1382","1996","0.020417008",
"1383","1978","955",
"1384","2003","0",
"1385","1992","450.624",
"1386","2007","79153502.898457",
"1387","1975","69.3",
"1388","1982","3.916996",
"1389","2009","678.686342464",
"1390","1998","0.63825",
"1391","2009","5496.4",
"1392","1982","673",
"1393","1982","1.93",
"1394","1970","82341",
"1395","1989","1015874.6166",
"1396","1995","0.203593",
"1397","2006","218571.267",
"1398","1998","4893.64200908",
"1399","1990","67.41",
"1400","2002","22424218.036178",
"1401","1973","5.48",
"1402","1971","1.892",
"1403","1991","20985640.893478",
"1404","2010","2785.2207591",
"1405","1990","61.0563791",
"1406","2022","298150452.92",
"1407","1972","1366.7519602",
"1408","1990","0",
"1409","2008","146403",
"1410","2018","21.1203308",
"1411","1988","105506.66614106",
"1412","2014","5727.3294",
"1413","1970","1379.203759",
"1414","1991","97324.07",
"1415","2007","26482",
"1416","1992","111007.3456141",
"1417","2012","6",
"1418","1981","5",
"1419","1988","38.565",
"1420","2000","47838.584585804",
"1421","1978","5255318.244592",
"1422","2013","50935717.612885",
"1423","1972","6845.406",
"1424","1982","3.4",
"1425","2024","2935758",
"1426","1975","195664",
"1427","1979","3.2",
"1428","1996","0",
"1429","1980","3.0744",
"1430","2004","165944674.23895",
"1431","1974","37932.51",
"1432","1985","0",
"1433","1985","473553424.539",
"1434","1978","2.255",
"1435","1992","3527297.13659",
"1436","1971","48.398",
"1437","2004","14.25",
"1438","1979","218988.11383762",
"1439","2025","525.71772",
"1440","2009","5321149.7664763",
"1441","1988","3.9",
"1442","2012","44109.5438241",
"1443","1975","650158436.2",
"1444","1974","484605.37347223",
"1445","1982","46479121.475",
"1446","2003","3553.064859",
"1447","2009","15236.77",
"1448","1977","1463.994",
"1449","2016","26520330.377583",
"1450","2011","3289970.4",
"1451","1994","151.2",
"1452","2000","11.4784658",
"1453","1976","1364.5",
"1454","2014","80.0991",
"1455","2013","98010.8728352",
"1456","2012","41706.6",
"1457","1989","0",
"1458","1987","257432.466511",
"1459","1976","923106",
"1460","2006","732.451820452",
"1461","1979","281536",
"1462","1976","1625.41965",
"1463","1977","4703.353560939",
"1464","2017","252517.5229567",
"1465","1981","36708929.912641",
"1466","2012","79699822.17",
"1467","2007","3.7690495",
"1468","2023","450054.219571",
"1469","2025","117910.4",
"1470","2006","104932841.0891",
"1471","1985","5563839",
"1472","2006","762598.33065",
"1473","1973","8882176",
"1474","1991","117843644",
"1475","2019","598113",
"1476","1981","3",
"1477","1974","67708914.767285",
"1478","2001","85.684747864",
"1479","2001","0",
"1480","2016","0",
"1481","2003","396278.96264",
"1482","2019","15376437.662",
"1483","1975","0",
"1484","2015","3.370898282",
"1485","1992","4532",
"1486","2012","0.73",
"1487","2022","0",
"1488","2001","87396.0735545",
"1489","1983","807445",
"1490","2012","3024.301",
"1491","1982","27.8994",
"1492","1979","0",
"1493","1979","347.507229",
"1494","2022","35.3147",
"1495","1991","100577.444",
"1496","2004","177732992.89673",
"1497","1986","0",
"1498","1977","16512899",
"1499","2002","341093.324",
"1500","1976","69672679.733702",
"1501","2005","76.7899399",
"1502","2009","4.1401",
"1503","1987","46494.9936213",
"1504","2000","11891.4",
"1505","1997","0",
"1506","2025","56188.6295473",
"1507","2025","0.7802",
"1508","2010","0",
"1509","2001","524584.88255647",
"1510","2000","0",
"1511","1993","74.47835",
"1512","1987","6.8431376",
"1513","1982","229684.59",
"1514","1975","12.99",
"1515","2011","0",
"1516","2004","0.52855",
"1517","1998","363742972.4803",
"1518","1978","51.991",
"1519","1985","768.171918087",
"1520","1998","2445505",
"1521","2000","486.690054",
"1522","1984","36199716.186155",
"1523","1973","0",
"1524","2025","1612537",
"1525","2001","5930566.7168",
"1526","2012","97387.54344",
"1527","1978","1.5384781",
"1528","2018","84766.8",
"1529","1995","3.4",
"1530","1982","9040548.860238",
"1531","1972","11253476.515236",
"1532","1978","33913041",
"1533","1985","49243.27597496",
"1534","1987","0",
"1535","1994","912.1354",
"1536","2015","42887.56946324",
"1537","2015","44.3436023",
"1538","1987","49",
"1539","2000","24068.893",
"1540","1971","7525",
"1541","1976","0",
"1542","1978","80866.71574",
"1543","1978","92995.041873423",
"1544","2011","8358.116984082",
"1545","2021","2771.42552",
"1546","1984","8749.1",
"1547","2024","0",
"1548","2015","124",
"1549","1998","7191.21263566",
"1550","2024","114637009",
"1551","1989","46307712.427614",
"1552","2013","226108285.47442",
"1553","2000","290165.4",
"1554","1971","0",
"1555","2020","0",
"1556","2014","0.10303",
"1557","1974","0",
"1558","1973","221.89208",
"1559","1991","53.354",
"1560","2008","0.036213",
"1561","2020","207028689",
"1562","1972","514.6",
"1563","1984","457.682335203",
"1564","1993","70838787.5",
"1565","2011","34145.817200233",
"1566","1984","0",
"1567","2014","845.78",
"1568","1977","63075.05",
"1569","1980","36.506210009",
"1570","2024","815215.95",
"1571","2024","1153.406",
"1572","1987","0.3",
"1573","2004","3.162284325",
"1574","1991","15161.95615945",
"1575","1992","0",
"1576","2018","22552.10760707",
"1577","1990","52",
"1578","2010","47440011.554",
"1579","1976","68618949.4407",
"1580","1970","5914009.15",
"1581","2002","161453.209585",
"1582","2019","287159.182796",
"1583","2020","1.67",
"1584","1990","12341",
"1585","1973","540.6697",
"1586","2005","415540.82028414",
"1587","2001","0.5",
"1588","2007","456864.9",
"1589","2008","7834",
"1590","2010","858059.7402572",
"1591","2011","1220265",
"1592","2008","0",
"1593","2009","96.53495397",
"1594","2021","379.6095",
"1595","1994","246911.38501979",
"1596","1989","151.06546753",
"1597","1977","0",
"1598","2003","308726",
"1599","1980","3.019",
"1600","1996","0.97648",
"1601","2001","50.51564549",
"1602","2010","0",
"1603","2004","492966.3",
"1604","1976","88345976.597702",
"1605","1971","58.23767",
"1606","2001","1.1773",
"1607","2020","81615430.64067",
"1608","2016","374158",
"1609","2014","362.460529",
"1610","2002","0",
"1611","1994","1132101.56783",
"1612","2003","5101.538926",
"1613","1993","7330592.6",
"1614","1975","403509297.572",
"1615","2001","0",
"1616","2015","1948197.2510914",
"1617","1998","2368852.1939571",
"1618","1970","38.2142",
"1619","1995","3873.016348",
"1620","1971","2508.26554",
"1621","1978","136.26184907",
"1622","2007","0.07705",
"1623","2003","7.367",
"1624","1970","169631.46591171",
"1625","2009","1554077.4383",
"1626","2000","0",
"1627","1971","742.05428",
"1628","2007","33799.0167",
"1629","1979","0.340103",
"1630","2024","7909368",
"1631","1987","397816751.42374",
"1632","1974","610.49134036",
"1633","2005","1040891.55131",
"1634","2022","14624322.0115",
"1635","1976","616.08",
"1636","2022","6143955",
"1637","1991","6820.158",
"1638","2006","106567.705",
"1639","1990","36290029.46",
"1640","2020","39.98",
"1641","1975","1957.719735",
"1642","2004","418710.080434",
"1643","1976","44859382.422528",
"1644","1989","0",
"1645","2010","37.96999",
"1646","2024","6.55",
"1647","2024","41856738.199",
"1648","1986","0",
"1649","2017","52617462.306638",
"1650","1973","42.1872955",
"1651","1984","155659.34",
"1652","2008","39145054.079051",
"1653","1997","0",
"1654","1999","8.36722529",
"1655","1991","744947.97667949",
"1656","1988","59.928",
"1657","2022","36.990998",
"1658","2001","16.77838589",
"1659","1983","1607820.86393",
"1660","2022","0",
"1661","2022","131.589777376",
"1662","1981","2441.689846292",
"1663","1990","318471045.53004",
"1664","2002","5.89361872",
"1665","1983","3.6548",
"1666","1993","0",
"1667","1987","29.1669264",
"1668","1987","23156.27998177",
"1669","1990","61492.6",
"1670","2013","708.136128",
"1671","2001","4421261.700678",
"1672","1986","6198324.3347361",
"1673","2007","3.23106458",
"1674","1999","27.9786159",
"1675","1983","905189.8400566",
"1676","1996","112167079",
"1677","1996","6169083.1284057",
"1678","2006","2392.23139587",
"1679","1997","2142070.04",
"1680","2019","564054335.6821",
"1681","1977","561296534.587",
"1682","2007","0",
"1683","1977","274650.4725821",
"1684","2010","7452908.4854667",
"1685","1973","189662362.309",
"1686","2004","452354380.94",
"1687","1986","17.798",
"1688","1991","2035.85747",
"1689","2018","1842366.561457",
"1690","2007","1448900.8539893",
"1691","2015","289355418.43",
"1692","1981","2.70936",
"1693","1993","2050039.1111",
"1694","1971","6730.7158",
"1695","1976","46132190.937",
"1696","2009","17830.055",
"1697","2011","9.50224359",
"1698","2017","0",
"1699","2010","54414.40014047",
"1700","2015","62087804.952017",
"1701","1991","510007881",
"1702","2013","0.692",
"1703","2011","14289.8",
"1704","1984","0.6",
"1705","1987","87922.945263",
"1706","1976","98036201.3477",
"1707","2018","429877363.77116",
"1708","1993","261151",
"1709","2004","2.7484409",
"1710","2003","434.646047",
"1711","2002","252288561.26303",
"1712","2022","13.679",
"1713","1979","122061416",
"1714","2011","335.43418",
"1715","1984","2637.90152",
"1716","2010","27120.3735363",
"1717","1995","7029424.726",
"1718","1993","12396112.9273",
"1719","1971","477448.87509946",
"1720","2019","4.2824164",
"1721","2001","13136.847940151",
"1722","1997","655.232",
"1723","1998","3130559.2888",
"1724","2010","0.6",
"1725","2015","61860608.882",
"1726","2003","18.7",
"1727","1976","0",
"1728","2010","433.1726",
"1729","1970","1287148.5539",
"1730","1983","9789361.8884008",
"1731","1973","2.51133727",
"1732","1978","18056.9033",
"1733","1988","0",
"1734","2004","2688260.6679837",
"1735","1987","12501266.566434",
"1736","1974","15716760.7",
"1737","2022","1141.038324",
"1738","1981","27801128.196819",
"1739","2001","164.14926",
"1740","2020","54.26340671",
"1741","1981","3.8296878",
"1742","1995","724.464634",
"1743","1998","241.42994",
"1744","2007","1.05",
"1745","2005","0",
"1746","2006","76644548.5",
"1747","1984","53.012937",
"1748","1975","107428753.99",
"1749","1994","70759326.105617",
"1750","1988","314224687.5177",
"1751","1990","2985.6",
"1752","1983","64.901122779",
"1753","2005","60681.8991",
"1754","2018","6827889.33267",
"1755","1991","882082.140934",
"1756","2003","2.53",
"1757","1994","74429.291",
"1758","2012","9846512.23",
"1759","1993","13.84861",
"1760","2019","157",
"1761","1997","2338705.00861",
"1762","2010","3015.7349782",
"1763","1990","6937.6389315",
"1764","2013","473.295",
"1765","2005","66.52948",
"1766","2016","0.3",
"1767","1987","36.3",
"1768","1985","69506.50598",
"1769","2021","0",
"1770","1995","242192.2124",
"1771","2022","917.8924821",
"1772","2011","497249.51312938",
"1773","1993","22323436.971503",
"1774","1978","1307946.92876",
"1775","1979","32.6538354",
"1776","1999","211262.21",
"1777","2002","1543154.464",
"1778","1970","436543.482313",
"1779","1996","88308.59",
"1780","2022","45501881.09448",
"1781","2005","1773.6",
"1782","2019","21218159.01393",
"1783","2003","25696079.6591",
"1784","2004","335464.4811666",
"1785","2001","0",
"1786","1988","0",
"1787","1990","0",
"1788","2016","7134789.5281",
"1789","2019","1038020.5684126",
"1790","1990","565994.864",
"1791","2009","294358",
"1792","1986","600373.35104207",
"1793","1977","48594976.28",
"1794","2016","8148.4824431",
"1795","1980","167.068",
"1796","2013","395719.5291364",
"1797","1995","712",
"1798","1983","49391456",
"1799","1981","954.576362816",
"1800","1992","44504.98",
"1801","2002","30598945.536743",
"1802","1974","1420.5",
"1803","1993","146502200.24126",
"1804","2005","29.863",
"1805","2004","11206",
"1806","2013","454474",
"1807","2025","164",
"1808","1974","360.982661",
"1809","1981","413168240.39271",
"1810","2004","3.15",
"1811","1998","324052876.695",
"1812","2018","9735458",
"1813","2001","19707.7801045",
"1814","2008","7788605.9262526",
"1815","2004","82437842.48",
"1816","1972","565.2178",
"1817","1975","202",
"1818","2006","56.205491",
"1819","1973","127360.33291514",
"1820","2019","2750",
"1821","2001","0",
"1822","1999","1507.920278036",
"1823","2015","6774",
"1824","1978","266",
"1825","2001","4",
"1826","2005","231489189.27",
"1827","1998","48213.146318164",
"1828","1977","13728",
"1829","1973","140.004054858",
"1830","2009","392.23673",
"1831","2023","260940045.4066",
"1832","1972","629225.46007176",
"1833","1985","3165.5",
"1834","1980","79.4636",
"1835","2003","9287.2569737",
"1836","2023","0",
"1837","1989","213.2",
"1838","1994","1.21365",
"1839","2011","49.1523682",
"1840","2011","58259828.512272",
"1841","1993","38058.143894",
"1842","1990","93.7",
"1843","2015","267.671182",
"1844","1982","442850.1483",
"1845","1996","29237054.791",
"1846","1993","0",
"1847","2024","136.4",
"1848","1980","24681883.950476",
"1849","2001","19805423.998927",
"1850","2003","0.099",
"1851","1998","47578563.44",
"1852","2011","362.8",
"1853","1978","24.484857",
"1854","1979","41.908",
"1855","2025","56107684.31",
"1856","2004","92730507.77734",
"1857","2014","6.51",
"1858","1973","4.7",
"1859","2003","54878.23",
"1860","1985","852499055.62714",
"1861","2000","526065.1240875",
"1862","2007","62976128.08619",
"1863","2007","408513.468",
"1864","2002","6729503.6515551",
"1865","1984","9.236684",
"1866","1989","60349024.336408",
"1867","2008","454217.73973557",
"1868","1991","4.37230892",
"1869","1997","308.7442",
"1870","2005","21796755.572272",
"1871","1986","3652.03",
"1872","1979","3436.4285",
"1873","1971","1408.65234",
"1874","1970","403.151",
"1875","1998","134.2473",
"1876","1994","17635348.909993",
"1877","2000","420.15",
"1878","2004","100.108",
"1879","1978","20.6907",
"1880","1984","2506.264",
"1881","1983","33091.81056293",
"1882","2012","523676752.79847",
"1883","1985","60569.35816674",
"1884","1981","13750162.515575",
"1885","2016","2033025.5",
"1886","2024","3.051738687",
"1887","1994","0",
"1888","2019","21061.75775116",
"1889","1982","34850765.5",
"1890","2013","4431.36",
"1891","1992","6599.72199864",
"1892","1977","43379.33373",
"1893","1993","6.14659019",
"1894","2010","3.758",
"1895","1985","12015",
"1896","1971","2519.87458",
"1897","1987","301.4",
"1898","1988","19957.26469",
"1899","2004","1607718.5035052",
"1900","2004","0",
"1901","1987","4350.17929",
"1902","1984","247169610",
"1903","1992","17950604.9",
"1904","2011","29453944.5",
"1905","2017","7.57",
"1906","1973","0.7633953",
"1907","1979","33332134.760653",
"1908","2013","493.652391",
"1909","2007","613.74128807",
"1910","2004","20612561.36",
"1911","2001","85831.76121",
"1912","1981","11.174213",
"1913","2005","39922.278702",
"1914","2010","3096711.356405",
"1915","1980","266614.17774341",
"1916","1982","6688635.6353",
"1917","2005","1376523.844988",
"1918","1978","0.06",
"1919","1994","0.7",
"1920","1990","198.5484",
"1921","1995","23.06508542",
"1922","2020","194.6675",
"1923","2004","86",
"1924","2002","7.82",
"1925","2010","0",
"1926","1974","0",
"1927","1982","14573.728806",
"1928","1985","1414.986",
"1929","2024","1730798.195",
"1930","1974","680",
"1931","2020","17.34712",
"1932","2004","190487260.9504",
"1933","1981","47704867.83",
"1934","2023","3001.53323",
"1935","1993","277.228832175",
"1936","1982","0",
"1937","2014","27418.430571852",
"1938","1984","25.5",
"1939","2025","69131",
"1940","2019","0",
"1941","2004","83087909.693",
"1942","1975","268",
"1943","2004","672582.65802527",
"1944","1978","24173.781767772",
"1945","2003","1072912.84554",
"1946","2013","395.783936",
"1947","1987","28594.629781",
"1948","1988","98195.27858099",
"1949","2008","903330.52",
"1950","1995","0.214",
"1951","2009","310648344",
"1952","1982","74714170",
"1953","1984","35.2827",
"1954","2004","11363198.574176",
"1955","2019","296.67523",
"1956","2020","0",
"1957","2000","254.5",
"1958","1991","26103891.612097",
"1959","1991","34243.7922",
"1960","1987","5.770294",
"1961","1972","3.48500718",
"1962","2004","1.028538",
"1963","2019","52252028.825056",
"1964","1973","3.73",
"1965","1991","0",
"1966","1985","0.1958486",
"1967","1990","0",
"1968","2011","0",
"1969","1984","0.1",
"1970","1982","0",
"1971","1994","59831640.486814",
"1972","1980","375.81",
"1973","1986","4543226.9",
"1974","1971","0",
"1975","1998","1",
"1976","1983","758426909",
"1977","1997","195705289.21925",
"1978","2023","1648.99011761",
"1979","1983","323",
"1980","1990","0",
"1981","2007","300975.2",
"1982","2015","274.5",
"1983","2023","7.4229",
"1984","2019","79721277.71",
"1985","1987","1776.8477687",
"1986","1996","0",
"1987","1970","3635478.1760945",
"1988","1978","130.2651",
"1989","1976","64.879199",
"1990","2017","419.91623875",
"1991","1972","0.1",
"1992","2021","54",
"1993","1991","0",
"1994","1997","115.97",
"1995","1990","105777",
"1996","1990","245.448432",
"1997","2015","318289470.137",
"1998","2024","0",
"1999","1977","2148.435145797",
"2000","2023","36727182.95883",
"2001","1996","0.791",
"2002","1974","3.3732453",
"2003","2015","599374",
"2004","1994","48478894.24696",
"2005","1997","481309.4835109",
"2006","2000","563.88",
"2007","2023","18.6110666",
"2008","2006","6558.0708638",
"2009","2022","41587.75",
"2010","1982","617414037.59",
"2011","1988","713.2",
"2012","1972","888121515.04541",
"2013","1988","2.965280539",
"2014","2015","1.386",
"2015","1997","64539928.270179",
"2016","2002","29972.23",
"2017","1988","418021697.3",
"2018","2010","129964.89628473",
"2019","2006","8",
"2020","1994","359751835",
"2021","1977","5",
"2022","2005","718.293476581",
"2023","1979","20613813.78336",
"2024","1983","11077.4",
"2025","2023","195.5",
"2026","1972","20756.21684",
"2027","1995","4253.5013696",
"2028","1996","0",
"2029","1988","15.2707",
"2030","2013","4502.38",
"2031","1973","5.3831679",
"2032","1985","4.007405",
"2033","1980","3986",
"2034","2000","11799.4874072",
"2035","1983","58242779",
"2036","1988","14866101",
"2037","1985","7654583.3670014",
"2038","2025","546629149.7",
"2039","1990","285355.9536",
"2040","2010","0",
"2041","1971","7303.6713044",
"2042","1977","3.5314486",
"2043","2005","795",
"2044","1972","103.8684",
"2045","2024","0.6072",
"2046","1981","18.62",
"2047","2018","367273741.55163",
"2048","2023","1.1",
"2049","1978","13997923.841",
"2050","2019","1712.72",
"2051","2008","46451.90411672",
"2052","1976","0",
"2053","1999","99.943812774",
"2054","1994","0",
"2055","1997","7.713872",
"2056","1985","57103859",
"2057","1975","73.46275167",
"2058","1980","35854376.974713",
"2059","1994","33218.08433401",
"2060","1993","9132.3",
"2061","2013","1863.64",
"2062","2007","6430262.6619265",
"2063","2023","43791211.1018",
"2064","1990","47895146.2",
"2065","2017","38239271.297548",
"2066","1987","9214.7",
"2067","2011","0",
"2068","1979","347974.519",
"2069","2015","539562079.58415",
"2070","1989","443862065.2",
"2071","2000","0",
"2072","1995","3.33352",
"2073","1991","0",
"2074","2001","36728986.623572",
"2075","1973","4011885.8",
"2076","1981","6.45",
"2077","1986","95574495.544283",
"2078","2025","0",
"2079","2007","0",
"2080","2006","16.4",
"2081","1992","566824.0924",
"2082","2005","8623.90577758",
"2083","2012","109218.56",
"2084","1975","10711422.745283",
"2085","1972","0",
"2086","1986","412.704641",
"2087","1992","4.52227256",
"2088","1975","45300.05034963",
"2089","1985","92.45",
"2090","2006","461.555",
"2091","2019","0.604264",
"2092","2015","1642443.99",
"2093","1980","29405609.95522",
"2094","2005","10695186.36119",
"2095","1971","2.3036",
"2096","1985","65380.645",
"2097","2014","3892980.02",
"2098","1979","36.9127",
"2099","1981","3998846.5002",
"2100","1994","83603134.7871",
"2101","2010","1580550.7504478",
"2102","2005","0",
"2103","2024","244366.68278",
"2104","1997","8.9",
"2105","2008","58583.365514",
"2106","2017","2522.1",
"2107","2013","232723083.69",
"2108","1985","435.556716",
"2109","1990","1140.1295",
"2110","2008","34830728.210889",
"2111","2001","5.15",
"2112","2013","5.6157",
"2113","1977","243439114.42",
"2114","1985","332559539.83199",
"2115","1992","71710.66",
"2116","1972","477.07781694",
"2117","2015","1684.658094535",
"2118","1992","5972217.8694012",
"2119","1978","2144.106",
"2120","1972","118164.77909",
"2121","1993","4.3",
"2122","1996","11047",
"2123","1974","9.93531",
"2124","2000","0",
"2125","1984","271655.1",
"2126","1981","134339863.2",
"2127","1983","43274171.244569",
"2128","2006","22942364.34",
"2129","2021","54284077.288",
"2130","2023","293667.17",
"2131","1994","92878265.648",
"2132","1985","454.14475",
"2133","2017","1.09248436",
"2134","2012","2126.734086",
"2135","2015","2",
"2136","1998","82304618.46",
"2137","2003","4.04",
"2138","2003","56372282.307",
"2139","1979","1.5",
"2140","1995","2453.1",
"2141","1982","449.9405843",
"2142","2008","0",
"2143","2004","61.195501",
"2144","2018","213189541.8546",
"2145","1985","8990355.81",
"2146","2012","9205.877",
"2147","2024","226.6010752",
"2148","1983","322.9",
"2149","1994","1643.1",
"2150","2010","574098",
"2151","2020","203.46472",
"2152","1995","0",
"2153","2015","23591.78",
"2154","2024","0",
"2155","1990","300786.72",
"2156","2014","105.0381888",
"2157","2020","776.480814",
"2158","1991","0",
"2159","2008","0.648",
"2160","1981","0",
"2161","1973","6",
"2162","1982","53116.76194",
"2163","2002","0.111444",
"2164","1985","73467699.08",
"2165","2003","0",
"2166","1982","0",
"2167","1999","0",
"2168","2024","134660891.59472",
"2169","1994","59898.146",
"2170","1982","3698.207572",
"2171","2016","8.413637",
"2172","2012","1.83",
"2173","2014","3246436.970504",
"2174","1983","10182552",
"2175","1982","2757408.0438594",
"2176","2002","49.9",
"2177","2022","452771.32089938",
"2178","1977","1374.00533073",
"2179","2007","17588.212",
"2180","1992","8.24",
"2181","1974","8.13271",
"2182","2014","14.9986",
"2183","1982","0",
"2184","2022","29.205869",
"2185","1981","3.3856905",
"2186","2022","36255.893609596",
"2187","1984","0.3847",
"2188","2008","40.9",
"2189","2000","15129.63",
"2190","1993","0",
"2191","2019","2053.68032412",
"2192","2012","72.21",
"2193","2003","30365.291",
"2194","2006","1987.12",
"2195","1991","57425038.249132",
"2196","1999","0",
"2197","2008","606.287",
"2198","2023","10316743",
"2199","2019","0",
"2200","2009","3809071.4662",
"2201","1975","76977348.396",
"2202","1978","18482.914",
"2203","2004","0.69583",
"2204","1984","230.30228",
"2205","2017","12.55482838",
"2206","2009","1542051.62",
"2207","2010","644",
"2208","1970","197408.36343842",
"2209","1973","4748736.565",
"2210","2007","270.3117694",
"2211","2007","16.646",
"2212","1985","14.5",
"2213","1978","45.50022",
"2214","1976","299770598.4439",
"2215","1996","4078.3086",
"2216","1995","130.2005",
"2217","1997","0",
"2218","2025","1.71279322",
"2219","1988","86",
"2220","1982","3589.4132",
"2221","2011","545.954863",
"2222","2017","56912.66443",
"2223","1987","270.7118",
"2224","1990","155",
"2225","2010","393.15",
"2226","2020","776.11",
"2227","1979","9.6914",
"2228","1989","0.4",
"2229","1994","55501.53119",
"2230","2023","336152.5224248",
"2231","1998","992.366",
"2232","2018","197707.16",
"2233","1992","149228",
"2234","1974","413424.52429",
"2235","1975","0",
"2236","1983","269209634.88548",
"2237","2011","125699800.1273",
"2238","1986","20436833.18504",
"2239","1989","72697812",
"2240","2016","82585567.05",
"2241","2013","4324.843698",
"2242","1991","0.95898",
"2243","2010","1",
"2244","2016","196558.6149154",
"2245","1989","46701592.677",
"2246","1979","35170687.331748",
"2247","1987","697039.8834915",
"2248","1996","1728",
"2249","1973","480772.70485639",
"2250","2009","0",
"2251","2016","242335796.18768",
"2252","1997","74213041.13",
"2253","2001","464819.6638",
"2254","2022","144798",
"2255","1997","6245728.9969287",
"2256","1997","108116.917951",
"2257","1988","589.16",
"2258","2002","2567260.1",
"2259","1989","5734245.34",
"2260","1979","0",
"2261","2003","32643.70542796",
"2262","1998","37542050.7",
"2263","1974","0",
"2264","1991","1188.80134615",
"2265","1999","35207731.648",
"2266","2002","0.97",
"2267","1998","0",
"2268","1990","555429.495",
"2269","2017","16450",
"2270","2008","58107237.4671",
"2271","2022","3729325.2",
"2272","2010","702.45",
"2273","1978","285.78",
"2274","2021","0",
"2275","2003","915.6139",
"2276","1980","1627229.1509869",
"2277","2018","93.228072",
"2278","1994","47572.879548833",
"2279","2009","27277663",
"2280","2023","0",
"2281","2003","44052.728",
"2282","1972","36152.192045",
"2283","2021","19433",
"2284","1983","219847397.52321",
"2285","1978","1",
"2286","1979","16441122.032575",
"2287","1994","1",
"2288","1978","2.33",
"2289","1975","4967",
"2290","1980","2",
"2291","2023","5.2877",
"2292","2015","7428.3574423",
"2293","1979","34901338.611854",
"2294","2015","51092",
"2295","2022","479.118",
"2296","1982","25.6138844",
"2297","1979","3027.457",
"2298","1982","0",
"2299","2005","56299.463125",
"2300","1997","0.579491",
"2301","1994","324001.9076",
"2302","2022","67156.07548",
"2303","1981","551.85424",
"2304","1990","2.833",
"2305","1986","2.9",
"2306","2002","159264814.4",
"2307","1989","2217.72155687",
"2308","1970","196213510.72052",
"2309","2005","606.9",
"2310","2020","2134104.304",
"2311","2018","2.399961",
"2312","2024","4133.8",
"2313","2009","807595.9",
"2314","2015","53494850",
"2315","2001","3174.3253",
"2316","2006","32538.04",
"2317","1976","426.900094",
"2318","2019","361.936141833",
"2319","1993","74.62101304",
"2320","1992","867329.67201652",
"2321","1982","581721.131378",
"2322","2010","0",
"2323","2011","289384.9155",
"2324","1993","805233.35489358",
"2325","2021","874476.5478",
"2326","2018","128686956.44374",
"2327","1972","4361.5650901",
"2328","1999","9.4",
"2329","2014","6.55262672",
"2330","1996","793205.56882",
"2331","2007","67231.60052",
"2332","2021","0",
"2333","2012","13",
"2334","1986","0",
"2335","1987","134994.6",
"2336","1997","7558192.600461",
"2337","1983","235710.87507153",
"2338","2002","0",
"2339","2014","77",
"2340","1979","74240837.737972",
"2341","1970","54869827.7965",
"2342","2004","44435552.42",
"2343","1979","2180.4",
"2344","1980","7702686.965895",
"2345","2009","83569",
"2346","1995","2.540522029",
"2347","2006","693",
"2348","1972","0",
"2349","2000","19479043",
"2350","1975","2.08064823",
"2351","2009","0",
"2352","1994","2770665.115842",
"2353","1986","43295592.387813",
"2354","1978","412.4892138",
"2355","2013","284602514.31102",
"2356","1992","0",
"2357","2011","3426047.740743",
"2358","2005","17236471.63452",
"2359","1973","817699.5",
"2360","1991","17.0288",
"2361","1983","9.62872448",
"2362","2022","3.7996752",
"2363","2018","73963821.8",
"2364","1983","1508267.8609568",
"2365","2004","18.9",
"2366","1972","2.96",
"2367","2002","232683.86905854",
"2368","1971","3",
"2369","1979","37867226.77",
"2370","2012","46.82548",
"2371","2021","2241818.16117",
"2372","2021","3014777.1577629",
"2373","1996","52590897",
"2374","1995","65932105.515813",
"2375","2006","358312146.94799",
"2376","2022","0",
"2377","2025","576183.9333396",
"2378","2011","421109391.77436",
"2379","2016","103528781.6655",
"2380","2025","3379",
"2381","1972","411271.20854",
"2382","1983","17773747.6",
"2383","2012","109861102.991",
"2384","1983","48",
"2385","1999","0",
"2386","2008","973.745845279",
"2387","1983","440537.9916",
"2388","2021","0.95022732",
"2389","1974","141",
"2390","2002","0",
"2391","2008","51482.252251",
"2392","1983","13612142.012031",
"2393","1983","425510.62935",
"2394","2021","4480.52",
"2395","1992","141716096.68",
"2396","1986","517818.48686355",
"2397","1976","11.9322",
"2398","1984","1228.197614766",
"2399","2019","0.2402",
"2400","1993","401115081.11642",
"2401","2011","3.757563805",
"2402","1999","14.44665",
"2403","1977","16.94274",
"2404","1988","915777.6845",
"2405","2019","73.2243136",
"2406","1984","212700967.73242",
"2407","2006","32.153",
"2408","2018","422.949071",
"2409","2011","1314275.33434",
"2410","2009","3679",
"2411","1976","2849524.3",
"2412","1988","4.3",
"2413","2000","26",
"2414","2023","29144.5",
"2415","1977","3746215.43",
"2416","1978","10.03",
"2417","1996","156878.47515",
"2418","1989","909.3",
"2419","1998","896797.75536398",
"2420","1972","6041.47",
"2421","2013","81092798.734436",
"2422","1990","40.87439119",
"2423","1997","178558880.47819",
"2424","2017","33831117.89",
"2425","1982","53.5518",
"2426","2012","31922.70357",
"2427","1971","1.039763942",
"2428","1982","438165.25",
"2429","2005","0.335",
"2430","1981","324.800444604",
"2431","1986","44810.12186",
"2432","1997","1872712.2364033",
"2433","2008","3.15",
"2434","1986","248.269581",
"2435","2025","0",
"2436","2017","4736.66253895",
"2437","1986","68",
"2438","1988","1459290.86289",
"2439","1994","2518.159",
"2440","1976","221038856.76528",
"2441","2012","0.98213",
"2442","1991","64.258344784",
"2443","1985","4",
"2444","1991","2.5286",
"2445","2024","3.08066",
"2446","1982","42135.611",
"2447","1970","210.1344",
"2448","1992","18697.051",
"2449","1978","260.1643",
"2450","2012","6.512026",
"2451","2011","2.64871",
"2452","1990","0",
"2453","2013","9",
"2454","1974","141.7",
"2455","2003","7192618.274",
"2456","2018","0.549",
"2457","2011","252318.21",
"2458","1990","41.9",
"2459","2014","110.4237",
"2460","1978","11922408.2526",
"2461","2012","0",
"2462","2005","25738550.23",
"2463","2016","6270340.2248",
"2464","1997","1860792.889",
"2465","1984","590283.778112",
"2466","2019","75903127.195",
"2467","1976","2.266412",
"2468","1981","2522.916812",
"2469","1997","36501",
"2470","2025","4669677.65599",
"2471","2023","653557.48568171",
"2472","2004","3853.65344707",
"2473","2000","171507395.8555",
"2474","2004","792.7845",
"2475","1992","45832.8996",
"2476","2014","2282.9734",
"2477","2008","2628.9297744",
"2478","2001","1059945.36",
"2479","2015","2503.8",
"2480","2012","0",
"2481","2020","56270296.6168",
"2482","1995","0",
"2483","1989","31155332.73824",
"2484","2003","8347093.321526",
"2485","1990","13291.604",
"2486","2005","1",
"2487","2024","9.573",
"2488","1990","236879.06",
"2489","2002","36758.464935689",
"2490","1977","27122.5",
"2491","1984","4498232.45259",
"2492","2016","9795.39869",
"2493","2014","27962986.99023",
"2494","2011","11526847.035611",
"2495","1972","14840886.0765",
"2496","1971","9.33",
"2497","1981","1888",
"2498","2011","89.57679137",
"2499","1970","0.812852",
"2500","1977","119976.2451",
"2501","1990","5851887.8571837",
"2502","2005","1627910.214",
"2503","2024","32.38645",
"2504","2008","33954.698741",
"2505","2015","308357709.98276",
"2506","2013","52101.75686962",
"2507","2007","315117.18",
"2508","2004","713059.73987",
"2509","2001","342.2",
"2510","2016","5112307.9",
"2511","1989","187922.787",
"2512","1982","598.708692899",
"2513","1988","4208",
"2514","1993","342923.9143601",
"2515","1991","20179.393234",
"2516","2014","117197712.3",
"2517","2004","15.2",
"2518","1970","253168.4",
"2519","1981","71.51394",
"2520","1977","656.637071",
"2521","2018","5.565397",
"2522","2019","8320.755",
"2523","2013","2015166.5",
"2524","1993","61033953.38",
"2525","2017","574",
"2526","1973","376270964.3504",
"2527","2023","0",
"2528","2013","2201004.2",
"2529","1979","79.14357",
"2530","2025","2.248323",
"2531","1976","506326.53065",
"2532","2003","0.065384",
"2533","1976","62.19726",
"2534","2018","3396318.347517",
"2535","2019","6965.179778",
"2536","1992","0",
"2537","1985","2070868.26",
"2538","1987","787.6942",
"2539","1993","3343.299250889",
"2540","1994","0",
"2541","1987","37765159.051764",
"2542","1993","563.64",
"2543","1996","3882.591",
"2544","1991","288455794.6",
"2545","1970","2034.9267",
"2546","2016","0",
"2547","2006","0",
"2548","2004","4824538.20108",
"2549","2009","79276291",
"2550","2019","251543.69",
"2551","2008","24905820.095757",
"2552","2013","0",
"2553","1970","2564.9",
"2554","2011","30174126.8",
"2555","1994","2.437877602",
"2556","1993","14762187.19427",
"2557","2001","0.82",
"2558","1994","144938416.30331",
"2559","1996","557.060299",
"2560","2004","64172771.6704",
"2561","1987","736196.49",
"2562","1976","4772.7301969",
"2563","1990","489.399084",
"2564","2007","43866.4554",
"2565","2021","330761308.13258",
"2566","1998","553574",
"2567","1975","2.55",
"2568","2016","417470.09827",
"2569","1994","409.5213",
"2570","1996","25.6",
"2571","2018","13605177.7",
"2572","1974","44323557.5068",
"2573","2021","2417435.8",
"2574","1972","3184.14",
"2575","1991","30894616.735082",
"2576","1982","299433.30857558",
"2577","1987","90.4531",
"2578","1980","4.02950412",
"2579","2005","5.24484226",
"2580","1974","0",
"2581","1993","18814128.98",
"2582","1980","1456.3961",
"2583","2006","0",
"2584","1985","33808.05",
"2585","2005","0.9556",
"2586","2013","0",
"2587","2010","311777.678852",
"2588","2018","0",
"2589","2006","6553147.9505842",
"2590","1972","4882500.57",
"2591","1987","4.877069673",
"2592","2017","253287503.2",
"2593","1995","0",
"2594","1991","3",
"2595","2025","12774659.52",
"2596","1980","3.4018956",
"2597","2005","6.5",
"2598","1972","2379015.993",
"2599","1987","509.00232",
"2600","1992","19963808",
"2601","2012","346.870244724",
"2602","1974","349.26",
"2603","1975","1.1642462",
"2604","1980","0",
"2605","2002","276204.993",
"2606","1979","11794443.4",
"2607","2019","616.42842",
"2608","2010","0",
"2609","2006","0",
"2610","1994","47551966.954477",
"2611","2021","160953720.48993",
"2612","2019","2876.3467768",
"2613","2025","638255.475",
"2614","1970","655385.3",
"2615","2017","15476715.1",
"2616","1976","676852.2579",
"2617","1989","596.829382817",
"2618","1990","3.349",
"2619","1981","4748311.121",
"2620","1987","378.0360812",
"2621","1997","102633453.156",
"2622","2025","34978876",
"2623","2020","1.5471",
"2624","2015","417118.034",
"2625","1994","563104.3544877",
"2626","1988","108637445",
"2627","2005","158775.9299",
"2628","2003","4305521.5107011",
"2629","1976","6.59697622",
"2630","1986","214.13",
"2631","1993","366.49601668",
"2632","1999","91.28823507",
"2633","1999","4743350.46",
"2634","2022","3",
"2635","1988","4782.463",
"2636","2017","10847674.719153",
"2637","2007","5279.684918",
"2638","2023","2733258.6801",
"2639","1978","260097.36",
"2640","2014","165.9",
"2641","1982","479914.1503",
"2642","2006","68.12245235",
"2643","1975","8928.984666",
"2644","2011","0",
"2645","1987","108.27649",
"2646","2025","1406.087111843",
"2647","1976","354658.49789315",
"2648","2022","14519.868429575",
"2649","1993","3.361270071",
"2650","1984","525425.68964984",
"2651","2002","1962.353",
"2652","1982","0.17751",
"2653","2017","781668657.098",
"2654","2007","52677747.270925",
"2655","2010","1.140389",
"2656","1985","0",
"2657","1980","566783506.45",
"2658","2009","0",
"2659","1985","2.9",
"2660","1975","406159001.3091",
"2661","1973","162657.68",
"2662","1985","1626.6",
"2663","1983","0.9733",
"2664","2025","8.98747757",
"2665","1977","18140987.6",
"2666","1989","6865337.8458168",
"2667","1999","1761095",
"2668","1983","3558625.101",
"2669","2007","2916328.4631998",
"2670","2024","58.831",
"2671","2000","311012856.78703",
"2672","1972","35879.81",
"2673","1980","70050.440468034",
"2674","2025","179746.1734514",
"2675","1990","4793.3",
"2676","1992","146165727.45507",
"2677","2000","1163.836802",
"2678","2011","448154716",
"2679","2010","606.01247198",
"2680","2015","567956.1784",
"2681","2025","0",
"2682","2009","6151839.3271427",
"2683","1997","5016.75578",
"2684","1992","167003293.0054",
"2685","2015","317.40028283",
"2686","2008","7180.61156",
"2687","1998","119.7789147",
"2688","2018","44540",
"2689","2012","772586.54",
"2690","2006","0.96132894",
"2691","2017","262691",
"2692","1994","7823.32321",
"2693","1982","401015.56343",
"2694","1977","18.91764",
"2695","2001","8695113",
"2696","2024","247929687",
"2697","1973","0",
"2698","1978","62076.36",
"2699","2024","15",
"2700","2002","8085.127077",
"2701","2019","611900.819696",
"2702","2011","1268",
"2703","1974","3.1",
"2704","1974","122.77",
"2705","2024","13611.243",
"2706","1998","290.2962557",
"2707","1970","0",
"2708","2000","6.18",
"2709","1998","27.019296",
"2710","2012","48782.83",
"2711","2011","0.8288",
"2712","1981","65541.95",
"2713","1992","10968919.555",
"2714","2007","1013.6",
"2715","1985","267396557.91622",
"2716","2021","38837560.990847",
"2717","1971","46842055.95387",
"2718","2004","3429.0406987",
"2719","2003","1051",
"2720","2021","2",
"2721","1988","585953.3",
"2722","1980","958",
"2723","1994","5930387.5584626",
"2724","1989","5016.9923748",
"2725","2011","6225.84",
"2726","2021","50.43772042",
"2727","2018","465832688.5",
"2728","1984","41729.27",
"2729","2017","2542712.66",
"2730","2004","15627.6386",
"2731","1993","72874.76",
"2732","2004","0",
"2733","2025","1.44367192",
"2734","2023","0.759328",
"2735","2013","241814.7031345",
"2736","1978","9.089132",
"2737","1976","40.72",
"2738","2004","3996.89",
"2739","1993","326539.8",
"2740","1990","171",
"2741","1971","90120.149",
"2742","1974","61",
"2743","2014","25.169",
"2744","2007","326950.67",
"2745","1970","0",
"2746","1991","6087334.7",
"2747","1984","328736505.69824",
"2748","2012","0",
"2749","1985","197453720.15396",
"2750","2016","458262778.45",
"2751","2023","158237.76312422",
"2752","1975","566699.76963",
"2753","2024","0",
"2754","2006","104.10645",
"2755","2020","32182203.45518",
"2756","1974","0",
"2757","1982","10.3452582",
"2758","1984","0",
"2759","1972","26.5248471",
"2760","1980","32055307.031901",
"2761","1979","0",
"2762","1987","141759963.11",
"2763","2019","2302312.05",
"2764","2023","1731.58422969",
"2765","1990","19232111.88",
"2766","1972","316157",
"2767","1975","20843.9493",
"2768","1982","35.9",
"2769","1991","29853.014830441",
"2770","2010","323153.6549298",
"2771","1982","300112.905464",
"2772","2022","16900306",
"2773","1986","0",
"2774","1990","2712.1135172",
"2775","1977","275.7",
"2776","2011","93227242.371",
"2777","1984","425",
"2778","1986","173281877.19012",
"2779","1977","12.0313116",
"2780","1996","0",
"2781","1987","0",
"2782","2011","1559.8168",
"2783","2013","3502668.59",
"2784","1973","28081060.130325",
"2785","1998","2.4328",
"2786","1984","703783863.4514",
"2787","2009","105439.91",
"2788","2008","40.2",
"2789","2025","47.41860726",
"2790","1974","476697968.22693",
"2791","1970","8.58896",
"2792","2024","0",
"2793","2021","37439.242309546",
"2794","2016","27023.6462",
"2795","2019","2.186",
"2796","1993","0",
"2797","2011","0",
"2798","2023","354011",
"2799","1990","0",
"2800","2002","657199.32383",
"2801","2023","0.5",
"2802","2011","134.077650677",
"2803","2024","13.8908926",
"2804","2021","0.9",
"2805","1998","2.161542495",
"2806","1977","7.5",
"2807","2019","1.17448",
"2808","1977","1607066.12855",
"2809","1986","210080.0766254",
"2810","1985","1438605",
"2811","1982","7.874",
"2812","2020","218576907.65173",
"2813","1971","0",
"2814","2001","607160678.36857",
"2815","2006","0",
"2816","1998","1.7",
"2817","1993","37077021.22312",
"2818","1984","54.747",
"2819","2018","4951.668",
"2820","1997","159.3164919",
"2821","2023","27.16",
"2822","2021","7.47936",
"2823","1983","84995.23",
"2824","2001","0",
"2825","1977","4.1",
"2826","1980","14262749.398406",
"2827","1977","2942241.4",
"2828","1998","695377424.422",
"2829","2012","0",
"2830","1984","197270.175995",
"2831","2014","406336316.52609",
"2832","1979","0",
"2833","2020","37713031.2",
"2834","1982","522.70944655",
"2835","2005","27.1168",
"2836","1995","180",
"2837","1984","14656429.9295",
"2838","1970","50411.18924",
"2839","2006","37.270662217",
"2840","1997","1.074947837",
"2841","2002","47328.370316995",
"2842","1984","0.885",
"2843","2019","1398775.1258",
"2844","1994","13415.253374912",
"2845","2017","2.205766",
"2846","2019","172",
"2847","2001","92.31",
"2848","2012","38250123.64577",
"2849","2005","1096148.5478343",
"2850","1999","0",
"2851","1988","4.8193",
"2852","2013","28",
"2853","1987","6723.67304604",
"2854","1987","4327.5793458",
"2855","2003","0",
"2856","1993","670716.336406",
"2857","2022","29562.81324",
"2858","2023","0",
"2859","1986","26",
"2860","1977","10052956.22373",
"2861","2010","557645771.9",
"2862","1979","2073801.1",
"2863","2022","126976.37",
"2864","1986","7366.029476221",
"2865","1995","3.8",
"2866","1983","357",
"2867","1998","6.9888",
"2868","2007","136769800.50777",
"2869","1992","9278.37691532",
"2870","1988","2059",
"2871","1999","1510.208418",
"2872","1974","2121251.786",
"2873","2009","551646.05753",
"2874","2015","21",
"2875","2022","0",
"2876","2014","11708.4308195",
"2877","1973","0",
"2878","1975","36016545.14",
"2879","2022","0",
"2880","1970","4.4857",
"2881","1983","0",
"2882","1978","254.242105",
"2883","2002","311310.51",
"2884","1986","84.73078",
"2885","1987","728378797",
"2886","1992","13805566.1",
"2887","2010","294.2474",
"2888","1987","0",
"2889","1991","303935",
"2890","1984","3028.311029408",
"2891","1989","0.94",
"2892","2017","0",
"2893","2022","1.4",
"2894","2009","0",
"2895","2022","21787.56048177",
"2896","2008","1537.867967",
"2897","2012","43.991",
"2898","1977","37.111486",
"2899","1997","259839126.52183",
"2900","2023","24557974.9",
"2901","2020","535191.53059671",
"2902","1977","282873115.1103",
"2903","1994","10965921.39",
"2904","2015","13.98",
"2905","1995","1489353.542",
"2906","2000","906.3",
"2907","2014","95843.69",
"2908","2005","19.979966488",
"2909","2006","0",
"2910","1996","6.2522636",
"2911","2001","7.107484",
"2912","1979","164731.9",
"2913","2014","30752.78337",
"2914","2011","14070.203889",
"2915","1982","4.1066",
"2916","1974","3726.669",
"2917","1978","0",
"2918","1982","75.936160291",
"2919","2023","36472721.20513",
"2920","2017","656",
"2921","1984","0",
"2922","1990","0.38945",
"2923","1972","296.901482",
"2924","1970","7952",
"2925","1992","8.23092",
"2926","2019","8852771.16138",
"2927","2020","4891.8",
"2928","1987","0",
"2929","1976","4.349409968",
"2930","1974","1652.82",
"2931","2008","5.730371653",
"2932","2006","14737",
"2933","2023","343.461",
"2934","1998","4351323.8645765",
"2935","1980","48252.463708",
"2936","2021","643257.41059",
"2937","1984","15547876.511273",
"2938","1974","5.33",
"2939","1977","28803764.049",
"2940","1972","23.2852",
"2941","1993","2.218",
"2942","1982","461.68426",
"2943","1987","123192.328263",
"2944","2016","49447.42973",
"2945","1970","2333298.2982197",
"2946","1999","57161.169131345",
"2947","1994","730.9590105",
"2948","1998","28.56",
"2949","1999","920329.954",
"2950","1973","0",
"2951","2004","29580068.15763",
"2952","1984","12.7461783",
"2953","1973","25284.4",
"2954","1974","6.57785",
"2955","2016","58865349.72577",
"2956","2020","447502.3942",
"2957","1982","4584.212094",
"2958","1998","7.736",
"2959","1994","69972173.393454",
"2960","2000","0",
"2961","1990","543938.1414571",
"2962","2011","29.713129",
"2963","1974","184532",
"2964","1979","49614708.744",
"2965","2014","16.0659",
"2966","2000","11.188934",
"2967","1988","44.88334",
"2968","1980","2414.0902383",
"2969","2010","146.5487",
"2970","1982","1.9581591",
"2971","1995","17174103",
"2972","2008","47540.42485",
"2973","2025","93312.4362",
"2974","1986","2",
"2975","2007","272678043.421",
"2976","1990","0",
"2977","1988","0",
"2978","2021","142158.7",
"2979","1980","11.260049",
"2980","1994","0",
"2981","1978","10.464985971",
"2982","2017","506390.66789",
"2983","2003","25.7",
"2984","2012","0",
"2985","2025","26.7431951",
"2986","2008","0",
"2987","1982","37673.2169",
"2988","2017","0",
"2989","2025","6.88091998",
"2990","2017","2.379180533",
"2991","2015","3053381.6860527",
"2992","1984","5.31",
"2993","2024","5396.716928607",
"2994","1987","1.38706",
"2995","2006","0",
"2996","2014","138283.1095",
"2997","2021","528039.0994104",
"2998","2021","0",
"2999","2021","452307.24",
"3000","2008","0",
"3001","1971","7015.8",
"3002","1981","32053724.016",
"3003","2004","4698.213957361",
"3004","1999","1",
"3005","1984","4.8774",
"3006","2020","0",
"3007","1974","2.769489",
"3008","1982","186326.139",
"3009","1974","19.45862",
"3010","2021","11328.586625",
"3011","1981","12.8",
"3012","1988","10059.991266948",
"3013","2015","31588.625195987",
"3014","2018","95062.9781687",
"3015","2023","91.619",
"3016","1976","56307632.443325",
"3017","1991","25.84",
"3018","1984","46811388.827686",
"3019","2025","0.96",
"3020","1994","13",
"3021","1981","528.533235",
"3022","1974","0",
"3023","1984","10842935.19638",
"3024","2017","15.10945",
"3025","2009","1110.18",
"3026","1977","26470.0842171",
"3027","1984","3.954223205",
"3028","2007","49044591.093957",
"3029","2002","1.02",
"3030","2014","9546.913144",
"3031","1984","511.496",
"3032","2009","4716.5",
"3033","2006","2964968.2220497",
"3034","1976","3946.47368686",
"3035","1997","1",
"3036","1978","73358.492",
"3037","2017","14968.096140488",
"3038","1988","669.605416751",
"3039","1975","2018386.1667446",
"3040","1994","612458.5",
"3041","1991","138625.72345757",
"3042","2014","273117057",
"3043","1987","1356305.784",
"3044","1970","424",
"3045","1979","27095182",
"3046","1974","0",
"3047","1970","81.56071",
"3048","2004","679.416314349",
"3049","2017","489013.82",
"3050","1993","4801658.782783",
"3051","1981","4532922.534",
"3052","1973","17680848",
"3053","2018","819090.41176047",
"3054","1973","5962282.164308",
"3055","2015","81.64373609",
"3056","1978","0",
"3057","1989","131377996.48986",
"3058","1997","5350284.6448",
"3059","2025","81961109.8",
"3060","2008","2568100",
"3061","1999","33519.2803245",
"3062","1972","390",
"3063","1984","0",
"3064","2009","120458.17779464",
"3065","2021","737.88948856",
"3066","2013","1",
"3067","1976","0",
"3068","2007","190778.615",
"3069","1983","1610.9688",
"3070","1999","325.23",
"3071","1993","33.67705546",
"3072","2014","2.049337",
"3073","2022","31495.8",
"3074","2011","1047055",
"3075","1986","0",
"3076","2006","144242.977",
"3077","1971","43920038.35278",
"3078","1972","1148.48458838",
"3079","2011","0",
"3080","2009","1121639.101114",
"3081","1998","5779.085678",
"3082","1999","35496958.620773",
"3083","2000","2866.63",
"3084","2015","166577878.82788",
"3085","2025","0.94537",
"3086","2003","6809780",
"3087","1972","0",
"3088","2007","105045.13",
"3089","2016","353216.40919",
"3090","1991","75.781532",
"3091","1974","0.8206",
"3092","1990","492.971",
"3093","2000","7.25524174",
"3094","1991","446.767957745",
"3095","2004","0",
"3096","1972","1.597251",
"3097","2016","0.9542966",
"3098","2012","412803.01771",
"3099","1979","468274291.2",
"3100","1984","47477.749",
"3101","1991","2.28041",
"3102","1994","211109.4157427",
"3103","2014","39170.92",
"3104","2012","0.7989",
"3105","2018","440183.7734999",
"3106","1984","1653426",
"3107","1970","3",
"3108","2001","293217.5",
"3109","1977","21098.8",
"3110","2003","856490711.80425",
"3111","1977","198.4",
"3112","2014","0",
"3113","2008","0",
"3114","1971","602.1898663",
"3115","2018","1.97948036",
"3116","2004","43985353.455203",
"3117","2013","236390669.4",
"3118","2011","4964",
"3119","2014","23833.2",
"3120","1985","3.83269",
"3121","2001","2839253",
"3122","2005","4.278",
"3123","2000","2.538",
"3124","2004","248703221.4798",
"3125","2016","3304980.9797861",
"3126","2004","1.017948898",
"3127","2002","2750897.46459",
"3128","1993","57458.961",
"3129","1979","1772.1",
"3130","2000","71253.960142",
"3131","1990","15951761.847022",
"3132","1991","1977930.7663075",
"3133","2013","2.916518236",
"3134","1981","0",
"3135","2006","80376",
"3136","2016","0",
"3137","1981","1.22987731",
"3138","2002","613.560122",
"3139","1985","133693.62425869",
"3140","2019","473827032.8768",
"3141","1996","1.3",
"3142","2016","0.579764527",
"3143","1981","74696",
"3144","1974","0",
"3145","1993","17993.8651358",
"3146","2001","912719.038",
"3147","1981","25737",
"3148","2010","144956011.89616",
"3149","1999","0",
"3150","1973","0",
"3151","2005","35827.452786",
"3152","1985","52996.6",
"3153","1978","1.659131",
"3154","2007","58.9",
"3155","2017","0",
"3156","2020","4377.1392112",
"3157","1990","77116.6",
"3158","2016","60312168.503",
"3159","2004","12.62586",
"3160","1984","41605795.121",
"3161","2013","345030674.71095",
"3162","2011","18.44261641",
"3163","2023","752.82004634",
"3164","2002","1558.010739109",
"3165","1995","2383.2",
"3166","1998","0.4879",
"3167","1981","2245196",
"3168","1997","107935963",
"3169","2002","66.82401",
"3170","1989","2557437.5624",
"3171","1984","4999.78252",
"3172","2020","2.582227",
"3173","1999","23297.25",
"3174","1974","2.86578",
"3175","1986","2268744.78",
"3176","1993","2262205",
"3177","2018","748.80837",
"3178","2019","3396307.1017329",
"3179","2011","551387.2133",
"3180","2006","0",
"3181","2019","62.98557",
"3182","2004","405.58217588",
"3183","2023","264.467114",
"3184","2010","5042.139",
"3185","1980","1767.2660329",
"3186","2018","833.29022",
"3187","2005","44555318.93595",
"3188","2007","874.62513373",
"3189","1970","32727.01",
"3190","1990","22358.91082",
"3191","2012","0.478419",
"3192","1979","65445",
"3193","2008","72.908",
"3194","2004","1.020716",
"3195","2018","4.029141",
"3196","2020","1781.626745",
"3197","1988","44812258.692398",
"3198","1976","1.3197797",
"3199","1983","9090222.1296129",
"3200","1970","33843.56671",
"3201","1977","12.397266",
"3202","1991","17.9",
"3203","1977","568747.1646443",
"3204","1988","4535.376109204",
"3205","2023","3974.9",
"3206","2020","78313065.861",
"3207","1972","176.2024",
"3208","2000","407",
"3209","1972","212.2612",
"3210","1979","3",
"3211","1983","68201900.004086",
"3212","1977","7196211",
"3213","1979","75884.0234",
"3214","2007","5194.9098",
"3215","1995","361867.633",
"3216","1989","16789",
"3217","1995","8585025.0439",
"3218","2002","304.3617",
"3219","1983","565493.7",
"3220","1995","32.93054",
"3221","2017","14166104.659876",
"3222","2006","3.194",
"3223","1998","25062120.16752",
"3224","2017","74309.3",
"3225","2004","41565.45278",
"3226","1985","23516968.5385",
"3227","1986","448.85705",
"3228","2006","25600",
"3229","2004","4001308.8061122",
"3230","2019","73.980400364",
"3231","1982","2654281.5292",
"3232","1988","123804.86294959",
"3233","1981","38.5837571",
"3234","1985","3100004.2249",
"3235","2011","6974.259808527",
"3236","1987","252294.00511915",
"3237","1984","14.9",
"3238","1993","795.5166467",
"3239","1983","288.97217",
"3240","2000","162919456",
"3241","1997","1",
"3242","1999","48.0562674",
"3243","1982","1213.76793",
"3244","2019","83.03",
"3245","1988","459688134.21",
"3246","1988","155117536.47",
"3247","2005","0",
"3248","1994","189",
"3249","1999","14621285.63",
"3250","1974","0.6",
"3251","1998","16211.190283",
"3252","2011","9576.632",
"3253","1983","0",
"3254","2012","48498.339796",
"3255","1972","12241833.323589",
"3256","2009","53059",
"3257","2020","61.157101",
"3258","1999","578032",
"3259","1991","16.28",
"3260","1972","386402877.711",
"3261","1971","3.754",
"3262","1993","155625183.9",
"3263","1983","7684795",
"3264","2001","1883062.7013646",
"3265","1979","3412329.594",
"3266","2007","365530193.44291",
"3267","2022","2.97817342",
"3268","1971","52347.0397",
"3269","2009","36611.19036922",
"3270","1977","3.262",
"3271","1981","7161238.57995",
"3272","2015","7351089.926361",
"3273","2011","382",
"3274","2021","142018.4",
"3275","2004","26.771",
"3276","2009","84049.07542635",
"3277","1974","9.62631",
"3278","1974","3807740.3",
"3279","2011","2994316.0073034",
"3280","1981","665590262.71621",
"3281","1997","22206980",
"3282","1980","8607379.99609",
"3283","2011","467.73158",
"3284","1976","557186.12917603",
"3285","2001","1.1417778",
"3286","2014","519906.94824",
"3287","1988","56.6935",
"3288","2013","0",
"3289","2021","5400011.1890419",
"3290","2020","444286145",
"3291","2000","281530.95308289",
"3292","2009","7715900.50931",
"3293","1977","755.577",
"3294","1970","0",
"3295","1977","3836.4",
"3296","2013","0",
"3297","2005","814.7",
"3298","1998","62568029.8",
"3299","1972","450.1145",
"3300","2015","87129871.834541",
"3301","1980","1833629.5",
"3302","1971","1044206.0028326",
"3303","1992","123536.40093",
"3304","2007","277859827.83",
"3305","1997","1.4",
"3306","2015","6000.72",
"3307","2008","34452861.19",
"3308","1998","313171.37776",
"3309","2000","5111.92136",
"3310","1974","4424136.2390084",
"3311","2016","63.6549492",
"3312","1982","249.5992977",
"3313","1985","97219802.9588",
"3314","1981","7.19209",
"3315","2016","2.2556",
"3316","1997","0.58",
"3317","1994","2430.37",
"3318","2005","343024.293",
"3319","2024","13.52",
"3320","1998","74532408.98373",
"3321","2005","0",
"3322","2002","0.6298122",
"3323","1978","719967084.8012",
"3324","1977","1048149.2",
"3325","2007","1744.76308261",
"3326","2020","489064.16861158",
"3327","1997","0",
"3328","2018","0.63052797",
"3329","2020","328669.24455884",
"3330","1998","141587.3289794",
"3331","1974","39.03624",
"3332","2008","828766.836",
"3333","1994","226.789147",
"3334","1972","6096723.712",
"3335","2014","1347.94899",
"3336","1974","4125288.7",
"3337","2022","394424.55",
"3338","1997","15426.802483",
"3339","2017","3428.14896832",
"3340","2020","31757827.225641",
"3341","1987","0.124748",
"3342","1986","20.0789394",
"3343","1971","180348.11668",
"3344","2017","8360902.71",
"3345","2023","13413500.135",
"3346","2008","25.973",
"3347","1994","0",
"3348","2015","0",
"3349","1970","0.2408213",
"3350","1988","544168.201",
"3351","1999","18.36316065",
"3352","2022","310238.47091069",
"3353","2006","0",
"3354","1993","51462.3",
"3355","2004","46696.18244",
"3356","2018","2527196.597244",
"3357","2010","430100.2933",
"3358","1981","32.3293",
"3359","2008","41.501",
"3360","1972","388545.406358",
"3361","1996","101974.65455",
"3362","1993","3147390.862883",
"3363","2015","6805.3797",
"3364","1998","1.878109",
"3365","1993","941.5",
"3366","1972","466",
"3367","1981","0.777423548",
"3368","2016","4.037715",
"3369","2009","79.453996",
"3370","2005","4.1988",
"3371","1991","7.99",
"3372","1988","447567441.87631",
"3373","2019","1227",
"3374","2012","16798.3353",
"3375","1991","1260.2584667",
"3376","2001","174.80929",
"3377","1983","33.709",
"3378","1992","4882578.5124487",
"3379","1977","0",
"3380","2022","80729.3677",
"3381","2002","8596.25499",
"3382","1992","2.8277443",
"3383","1996","4159.09049",
"3384","1994","485.39",
"3385","1978","25828",
"3386","1990","111127524.9",
"3387","1977","229.73",
"3388","2023","28224639.599094",
"3389","2019","838.08729",
"3390","2021","451280.82741728",
"3391","1971","4116.38268858",
"3392","1975","38684.30704",
"3393","2019","1.35",
"3394","1987","30.102594426",
"3395","1970","916066",
"3396","2012","18.269353097",
"3397","1976","1.92031",
"3398","2013","2592625",
"3399","2000","2745.707136",
"3400","2000","957211161.6",
"3401","2011","891141127",
"3402","2000","77524552.776",
"3403","2013","123.438742129",
"3404","2018","0",
"3405","2000","274017703.66293",
"3406","1973","146931297.77436",
"3407","1989","65.3",
"3408","2017","127866.1602866",
"3409","1983","64.71136756",
"3410","2006","1342306.8018506",
"3411","1981","13837.92",
"3412","1999","7.49488",
"3413","2018","71339.1",
"3414","1992","0.2731197",
"3415","1984","3",
"3416","2018","383694.3779",
"3417","1983","27060.682",
"3418","2024","557.2498",
"3419","1994","2.790609527",
"3420","2021","417.89401095",
"3421","2016","22155507.04",
"3422","1980","12570551.242974",
"3423","1979","1737.94",
"3424","1997","607.2",
"3425","2021","47659951.34144",
"3426","2000","815952.7682772",
"3427","2007","118589423",
"3428","1982","27199.291616666",
"3429","2002","1106443.53",
"3430","1993","646700.17708977",
"3431","2021","3696371.2158323",
"3432","2019","1913845.134086",
"3433","1970","1315390.3930386",
"3434","2023","137355127.97519",
"3435","1986","75158.73313",
"3436","2013","2443.2549",
"3437","1975","66217221.29992",
"3438","1988","92.43659",
"3439","2012","74.6",
"3440","2025","17.827921",
"3441","2002","316422054.10827",
"3442","1990","5517490.8",
"3443","1973","10.1966",
"3444","2002","3060.75306",
"3445","2021","148.68",
"3446","2011","9468",
"3447","1982","60.27292187",
"3448","1994","261.03",
"3449","1989","41",
"3450","2024","50207.6",
"3451","2008","0",
"3452","1984","20.681684",
"3453","1986","0",
"3454","2006","370453468.4518",
"3455","2025","0",
"3456","1988","31.938625",
"3457","1992","6079.425",
"3458","1984","68845.109717545",
"3459","2001","32026.283059",
"3460","1980","4124769.2",
"3461","1988","82.2009306",
"3462","2005","7632.36094",
"3463","2023","6",
"3464","2002","27.35929",
"3465","2019","30.4",
"3466","2021","242287.431",
"3467","1975","22993449.392252",
"3468","1996","2.28",
"3469","2005","86392.52",
"3470","1971","169.3038",
"3471","1990","249870224.12",
"3472","2004","12",
"3473","2008","0.126253",
"3474","1971","6.63",
"3475","2013","4.5612",
"3476","1994","93781389.7577",
"3477","2019","0",
"3478","2024","2048.47358317",
"3479","2020","88.275221",
"3480","1978","41239.3",
"3481","1992","0",
"3482","1995","89.735021",
"3483","1976","105063.9549656",
"3484","1975","3429252.322888",
"3485","1980","514122.9",
"3486","1993","5.7",
"3487","2000","105.24534849",
"3488","2001","14483157.630743",
"3489","2020","757607.325",
"3490","1996","61793881.228",
"3491","2008","0",
"3492","2000","45636.84282",
"3493","2022","315795429",
"3494","2001","5764.42913199",
"3495","2017","4044.14518",
"3496","2015","617.216344",
"3497","2016","28.160573",
"3498","1975","29460.774472",
"3499","2012","62458635.455382",
"3500","1978","131710.19852",
"3501","1984","134619346.388",
"3502","2017","623.17181",
"3503","1984","408420.4670237",
"3504","1995","17408.66887086",
"3505","1975","0",
"3506","1976","56.22033",
"3507","2023","370.2571818",
"3508","1994","415712.2762575",
"3509","2025","16864365.99",
"3510","2008","1.120972",
"3511","2015","8232.388395",
"3512","2017","0",
"3513","2002","2965.9",
"3514","2000","21331.3744",
"3515","2003","198589902.51627",
"3516","1983","10168035.9274",
"3517","1999","6508378.5",
"3518","1996","2906.12",
"3519","2018","21073",
"3520","2016","2001166.7807027",
"3521","1991","12.677392",
"3522","1973","235119122.333",
"3523","1974","2819.6123213",
"3524","2022","44.656",
"3525","1982","5836790.8649",
"3526","2007","1165.795",
"3527","1983","0",
"3528","1977","137249.16152835",
"3529","2023","28859844.7693",
"3530","1984","4",
"3531","2008","557655.1132714",
"3532","1974","0",
"3533","1987","28111363",
"3534","1991","3435.5",
"3535","2006","3583.7",
"3536","1977","95.5",
"3537","2013","8647659.5708",
"3538","1972","7856.48998979",
"3539","1975","856670.3087",
"3540","2006","85365.119136846",
"3541","1984","190116860.924",
"3542","1998","63458428.52",
"3543","2022","242064584.75",
"3544","1986","0",
"3545","2020","741.7542",
"3546","2004","16374608.149",
"3547","2022","2.788",
"3548","2014","1632991.0367364",
"3549","2008","186821982.42745",
"3550","1989","90699",
"3551","2022","27461432.9",
"3552","1981","167.371698",
"3553","2009","5",
"3554","1993","340219591.95103",
"3555","1980","122285.2123816",
"3556","1978","66.2955",
"3557","1995","299312.9224",
"3558","2020","3.15337717",
"3559","1984","1.429210431",
"3560","1982","38.0287479",
"3561","2011","13969393.66118",
"3562","2006","860477966.64186",
"3563","2012","180.2",
"3564","1997","1.1945",
"3565","2013","7438961.4",
"3566","2023","1.131",
"3567","1978","18885964.4",
"3568","1986","40244.16521",
"3569","1974","6860.5777754",
"3570","1975","11.930187453",
"3571","1979","6.42010193",
"3572","2017","497.168173011",
"3573","2025","418129.8823179",
"3574","2022","6506.37026319",
"3575","1977","555878.59518555",
"3576","2010","46469.8",
"3577","1996","1194.84",
"3578","1998","36424535.4634",
"3579","2013","3706306.01583",
"3580","1994","46.3786946",
"3581","2021","0",
"3582","1984","54718454.668191",
"3583","1974","36838",
"3584","1992","6381728.45624",
"3585","1980","587.144507799",
"3586","2017","247453732.705",
"3587","1988","67548207.25848",
"3588","1998","4544",
"3589","1996","49230906.873091",
"3590","2009","45.72",
"3591","2021","19040.94",
"3592","2013","37653529.584",
"3593","1996","9838.516337",
"3594","2023","733904.06337953",
"3595","2005","595219833.529",
"3596","1982","276.22",
"3597","1979","20",
"3598","2006","413122.5433",
"3599","1996","0",
"3600","2019","7.66822",
"3601","1981","28.5081231",
"3602","2017","0.17977448",
"3603","2004","674575.276",
"3604","2013","1",
"3605","1974","0",
"3606","2004","376065.288",
"3607","1987","0",
"3608","2010","6664.764182",
"3609","2006","0",
"3610","2023","7.53",
"3611","1991","1333.803",
"3612","2023","404976.7",
"3613","2014","684633",
"3614","1994","33223.5307",
"3615","1975","3.162",
"3616","2000","72",
"3617","2018","9606.717",
"3618","2010","210480.00580064",
"3619","2020","90945027.972589",
"3620","2007","13865.314368038",
"3621","1998","284.1427547",
"3622","2010","496.399932798",
"3623","2023","418.1627",
"3624","2024","475.497",
"3625","1987","364",
"3626","2010","16434.11661",
"3627","1971","42.81661405",
"3628","2002","514542631",
"3629","2014","26.4",
"3630","1997","6584471.9587287",
"3631","1981","199.212",
"3632","2016","773990008.31335",
"3633","1998","0",
"3634","2010","0",
"3635","1982","548792.1978052",
"3636","2000","325961764.52875",
"3637","2024","0.11",
"3638","1980","1139910.22392",
"3639","2018","55171633.7389",
"3640","1998","65557992.9517",
"3641","2010","0",
"3642","2003","1987902.4847247",
"3643","2010","3967.1278",
"3644","2023","547286.49790239",
"3645","2016","50967177.601769",
"3646","2016","12481.572947307",
"3647","1990","2.3959",
"3648","1997","0",
"3649","1995","590",
"3650","1971","883.9802107",
"3651","1982","0",
"3652","1979","1306620.0728",
"3653","1983","37.64",
"3654","1976","3.3",
"3655","1987","154.39",
"3656","2019","555691050.7312",
"3657","2003","711.789038",
"3658","2005","10362.8055",
"3659","2010","38873.18",
"3660","1995","17974.19538",
"3661","1990","1400.7",
"3662","2002","5895482.928",
"3663","2025","3092040.18279",
"3664","2005","83",
"3665","2014","0",
"3666","1984","1.6467864",
"3667","1992","3421.9",
"3668","1994","14.835255175",
"3669","1977","24241901.13775",
"3670","2001","39268.571",
"3671","2014","790770899.3623",
"3672","2004","3.5709",
"3673","2012","323.653770737",
"3674","1983","183530.9914608",
"3675","1980","871973.337516",
"3676","1989","0",
"3677","1977","1403.151",
"3678","2000","75812942.809975",
"3679","1991","62.76173617",
"3680","1971","58329649.84",
"3681","2003","242.0486",
"3682","1982","0",
"3683","1979","8574085.4",
"3684","2004","1082.140423476",
"3685","2019","21222935.519908",
"3686","1979","2.360626497",
"3687","1976","4134555.662501",
"3688","2014","263977.0958046",
"3689","1988","344206.38689",
"3690","2013","101348.81780305",
"3691","2023","5203",
"3692","1973","18022978",
"3693","1983","669182026.90056",
"3694","2000","9976371",
"3695","2012","3.10708949",
"3696","1992","231.627",
"3697","1997","5423.109879314",
"3698","1981","1.4",
"3699","1983","78.51782",
"3700","1983","48559.747",
"3701","1985","0",
"3702","2010","2.45",
"3703","1978","839056.2735854",
"3704","1997","0",
"3705","2016","85190775.8981",
"3706","2012","171466",
"3707","2025","93094.6056476",
"3708","2001","996.71",
"3709","1989","0",
"3710","1977","1.44",
"3711","2002","0",
"3712","2017","153893722.69",
"3713","1991","290474182.156",
"3714","1983","2.27146",
"3715","2011","12.6798521",
"3716","2019","3735.04951757",
"3717","1986","0",
"3718","1983","0.7855",
"3719","1974","26760.5734586",
"3720","1981","11446",
"3721","1981","3079.5784481",
"3722","1987","4.82464599",
"3723","1978","237.776739043",
"3724","1986","40.032853",
"3725","1986","16256.033",
"3726","1978","221183644.18603",
"3727","1973","16.26305081",
"3728","2014","4178.531793044",
"3729","1971","0",
"3730","1985","741.8755",
"3731","2010","202222.174",
"3732","1989","3133.8229",
"3733","2003","25.972250591",
"3734","1984","0.8968",
"3735","1971","2562.72352462",
"3736","2013","0.46479",
"3737","1986","1.9",
"3738","2018","5730031",
"3739","2015","547937662.93115",
"3740","1989","5172.176390605",
"3741","2021","0",
"3742","1971","768860381.54956",
"3743","1979","35065.775549",
"3744","2011","5.5704128",
"3745","2025","290325523.72863",
"3746","1990","3877506.2340697",
"3747","2013","25614.71",
"3748","2025","186026.789528",
"3749","1992","700576.401216",
"3750","2023","3.96942931",
"3751","1983","14.2438",
"3752","2004","95.288",
"3753","1984","987",
"3754","1979","263088196.753",
"3755","1972","267.213603",
"3756","1992","566",
"3757","2024","31",
"3758","1978","47867795.35456",
"3759","1977","538909510.82055",
"3760","2002","2437854.3",
"3761","2013","43901.7895067",
"3762","2006","0",
"3763","2023","11391.624",
"3764","1983","27586.307965547",
"3765","2002","26600359.669939",
"3766","1993","29.2441837",
"3767","1979","38898866.5",
"3768","2011","6589.3682196",
"3769","2006","103.937388306",
"3770","1975","35757.7680111",
"3771","2011","2278322.50244",
"3772","2021","44.811726",
"3773","1984","684072175",
"3774","1997","42",
"3775","1986","247536.20583015",
"3776","1974","2.500487",
"3777","2024","0.200973",
"3778","2010","31107.2",
"3779","2003","399043.9",
"3780","1991","1",
"3781","2019","63670691.498884",
"3782","2002","0",
"3783","2002","6.158568",
"3784","1991","81743.15220992",
"3785","2012","5315.1",
"3786","1971","3494.74",
"3787","1986","446723.778",
"3788","2019","1.829",
"3789","1977","380826208.67992",
"3790","1980","45.04192",
"3791","2000","0",
"3792","2018","13413.069596",
"3793","1990","2.64098893",
"3794","1992","4.08609",
"3795","2021","0",
"3796","2002","8170187.462",
"3797","2010","590267345.53",
"3798","2016","1",
"3799","1995","21",
"3800","1980","18.06",
"3801","1973","2.565872223",
"3802","2011","399882419.1871",
"3803","2004","0",
"3804","2013","29509017.6386",
"3805","2014","46022.958",
"3806","2001","0",
"3807","1983","5029.335",
"3808","2000","42756.5819",
"3809","1990","18177.3482257",
"3810","1992","15.804462515",
"3811","1972","62683.4",
"3812","2008","0",
"3813","1976","0",
"3814","1988","108866.3",
"3815","1993","15375459.6288",
"3816","2016","820.8739",
"3817","2011","0",
"3818","2014","27.812",
"3819","1977","149738947",
"3820","1994","1602746.7257564",
"3821","1991","0.70950905",
"3822","1978","5096.01585684",
"3823","1970","3.9085415",
"3824","2015","34.38053895",
"3825","1999","3",
"3826","1975","2167.7",
"3827","2001","9942047",
"3828","1992","28062.3047",
"3829","2007","1493707.9003751",
"3830","2014","227554.2822732",
"3831","1995","315814.5437",
"3832","1976","589.54167",
"3833","2001","34519714.8",
"3834","2026","3.47079033",
"3835","1970","208359.38",
"3836","1984","3084076.2",
"3837","1991","2.179",
"3838","2023","166404.53",
"3839","2009","54333.15188228",
"3840","1974","42927092.1",
"3841","1993","338.198",
"3842","2016","1280.68040754",
"3843","1994","3130252.5515836",
"3844","1989","20980.0141154",
"3845","1980","350560.4",
"3846","1975","65",
"3847","1982","324162.245792",
"3848","1995","1.8551579",
"3849","1970","16413985.58386",
"3850","1981","1",
"3851","1993","307349.9255",
"3852","2011","30360.35142321",
"3853","2023","0",
"3854","2022","25.66915",
"3855","1977","0",
"3856","2023","0.5805",
"3857","2000","327248.4",
"3858","1988","778.2184131",
"3859","2010","0",
"3860","2003","380368757.0908",
"3861","1998","2808.199914",
"3862","2021","16.3460584",
"3863","1998","5910769.8481699",
"3864","2012","0",
"3865","2024","98.237",
"3866","1979","3.79737",
"3867","1983","25051771.867161",
"3868","2006","609.39",
"3869","1993","1348.037",
"3870","2017","409814549.3264",
"3871","1999","629749248.83",
"3872","1978","2.34873",
"3873","1997","101364.359",
"3874","2016","5.493",
"3875","2016","47644",
"3876","2021","1372.52476",
"3877","1975","77856.042",
"3878","1999","54026577.43",
"3879","2011","31007.88",
"3880","2020","50333024.255914",
"3881","2013","10165.0793",
"3882","1973","311.23",
"3883","2013","333358779.672",
"3884","2007","3257845",
"3885","2007","82.69059682",
"3886","2004","5856.07",
"3887","1997","84354.7864",
"3888","2002","1485",
"3889","2023","172709934.6",
"3890","1975","4119.361",
"3891","2002","0",
"3892","2006","0",
"3893","1979","0.045540957",
"3894","2002","293894652.16",
"3895","2000","0",
"3896","2017","179",
"3897","2008","48720535.0954",
"3898","2020","254",
"3899","2003","2583316.41419",
"3900","2009","55968.5843604",
"3901","1989","55584383.884214",
"3902","2004","9386.86379953",
"3903","2003","69656361.85",
"3904","2002","430.15626628",
"3905","2018","709.825",
"3906","1973","1039.5",
"3907","1971","0",
"3908","1985","1.997754416",
"3909","1991","0.42",
"3910","1978","19437.429",
"3911","2005","78.37923",
"3912","1995","1431.72",
"3913","2012","48356468",
"3914","1999","2.6",
"3915","1979","5.9832894",
"3916","2006","21.75",
"3917","1971","52548427.669",
"3918","2017","248.694081899",
"3919","2006","79204.56067",
"3920","2008","3.2",
"3921","1988","6535.3",
"3922","2001","0",
"3923","2009","430.81",
"3924","2025","409.3021744",
"3925","1992","5.584007612",
"3926","1978","828439000.33796",
"3927","1973","3.282364",
"3928","1972","33",
"3929","1993","37.7757876",
"3930","2016","0.518789",
"3931","2002","257404967.69905",
"3932","2019","4665",
"3933","2017","0",
"3934","1975","3490797",
"3935","2014","42968216.757231",
"3936","2018","345254691.74",
"3937","1977","530.389452395",
"3938","1981","0",
"3939","2001","0",
"3940","2014","0",
"3941","2017","2639641.40355",
"3942","1983","65297564.371834",
"3943","1996","99444711",
"3944","2016","1.35102",
"3945","2008","79.903",
"3946","2004","324399695.16141",
"3947","1986","4140941.585",
"3948","1984","349702992.2",
"3949","1970","31.982917",
"3950","1978","1650462.28",
"3951","2001","0.0167",
"3952","2011","21.89",
"3953","2001","86645177.17",
"3954","1985","27.6",
"3955","1972","2703",
"3956","2014","4.52",
"3957","1997","3369104.211188",
"3958","1999","108992346.16721",
"3959","2018","448565284.8",
"3960","1972","0",
"3961","1978","2.7",
"3962","1997","116441856.671",
"3963","1977","195.7065",
"3964","2011","3.4066097",
"3965","2006","67504748.119924",
"3966","1990","286263.078709",
"3967","1976","758.516",
"3968","1985","0",
"3969","1992","70731",
"3970","1972","10264893",
"3971","2020","39.46761",
"3972","2003","0",
"3973","2025","3.18556776",
"3974","2021","129200.9384",
"3975","1979","199.8",
"3976","2017","36262.841076727",
"3977","2011","6.086590614",
"3978","2013","10.240797",
"3979","1994","192.07",
"3980","2000","1758.9583",
"3981","1996","64550747",
"3982","1973","0",
"3983","2014","165.9173915",
"3984","2009","171.57",
"3985","1983","0",
"3986","1975","203.966",
"3987","1981","0",
"3988","1970","81.1515879",
"3989","1977","1.1723719",
"3990","1985","419.8689702",
"3991","1976","398844.32103618",
"3992","2025","118.363",
"3993","2005","42566.444212",
"3994","1991","99293657",
"3995","1973","403693100.73",
"3996","1987","80.895877",
"3997","2025","35282.483",
"3998","1980","536809071.50695",
"3999","1981","0",
"4000","2019","8.9216539",
"4001","2004","141.90606",
"4002","2019","3525.849",
"4003","1977","157847411.4",
"4004","1986","18.577",
"4005","1992","125.77007779",
"4006","1990","1815.024198",
"4007","1981","265673522.46311",
"4008","1988","0",
"4009","2009","0",
"4010","1983","249163.50324351",
"4011","2017","4.99",
"4012","2011","0",
"4013","1998","883.999",
"4014","1996","531088.5289",
"4015","1984","137905.28430917",
"4016","2006","4.663915171",
"4017","1976","427933.033134",
"4018","2010","77793931.309557",
"4019","2025","1792236.14936",
"4020","1995","1.52490339",
"4021","2002","404",
"4022","2022","304032505.28823",
"4023","2012","1357.78",
"4024","2010","4543.4546222",
"4025","1989","7620.948",
"4026","2009","12114518.39693",
"4027","2022","0",
"4028","2023","1515609",
"4029","2008","7262204.4421737",
"4030","1989","21.197531",
"4031","1974","378.48",
"4032","1987","4105048.3",
"4033","2008","101426.19",
"4034","1976","723131370.72042",
"4035","2008","64028.18",
"4036","2010","8",
"4037","1972","27.27128",
"4038","2006","160.952989627",
"4039","2008","0",
"4040","2008","60025.6232239",
"4041","1995","10274.6117",
"4042","1985","0",
"4043","2002","265.725",
"4044","1981","0",
"4045","2019","46502.52590482",
"4046","1981","0",
"4047","1984","0",
"4048","1995","258356.1",
"4049","2023","8586.0504832",
"4050","2016","537.4698",
"4051","2001","99433.7995",
"4052","2003","933667.65400301",
"4053","1978","0",
"4054","1981","236566.8942548",
"4055","1986","0",
"4056","1990","0.44",
"4057","2007","0",
"4058","1979","4",
"4059","2004","26.34609",
"4060","2015","871746798",
"4061","2018","368085045.8944",
"4062","1992","1845836.78489",
"4063","1977","0",
"4064","2015","55825.625",
"4065","2023","325.02671549",
"4066","2018","55928.521776095",
"4067","1973","602.25264334",
"4068","2005","119817848.83568",
"4069","2004","9212650.035192",
"4070","1982","277502595.27655",
"4071","1994","0",
"4072","1988","3528.6787",
"4073","1991","35608700.64029",
"4074","1991","441",
"4075","2011","1884.673852",
"4076","2015","39.2461737",
"4077","2009","2824.6327248",
"4078","1970","0",
"4079","1973","1007441.3",
"4080","2003","1421221.070226",
"4081","1997","1504088.229",
"4082","1982","369711493.82274",
"4083","1984","273462.855",
"4084","1986","0",
"4085","1995","21.46719418",
"4086","2021","32.748692363",
"4087","1980","5989579.1613",
"4088","2009","1713401.573539",
"4089","1992","39915.0607907",
"4090","2002","260.2",
"4091","2001","8.977",
"4092","2011","53534762.498",
"4093","1989","4372.67507936",
"4094","2014","0",
"4095","2020","4091611.0071",
"4096","2012","22598.99",
"4097","2012","0",
"4098","2010","0",
"4099","2006","0",
"4100","1988","845652725.72935",
"4101","2013","10624",
"4102","1971","444.07",
"4103","2018","98609379.1",
"4104","1996","204.1222",
"4105","1974","313.0978",
"4106","2018","635.28",
"4107","1979","1095253",
"4108","2018","737.106546",
"4109","2013","9478",
"4110","1976","21.1",
"4111","2008","243.77",
"4112","1993","2554759.567361",
"4113","2022","37184674.74876",
"4114","1999","0",
"4115","1983","127552.36781",
"4116","1998","655.12053419",
"4117","1980","58451.322",
"4118","1992","0",
"4119","2010","2074848.55",
"4120","1976","347",
"4121","1998","40721828.239374",
"4122","2010","68887281.827584",
"4123","1991","2.64",
"4124","1994","0",
"4125","2014","0",
"4126","1998","666168629.9",
"4127","1988","4285.44089792",
"4128","1980","2173884.395417",
"4129","1989","429022745",
"4130","1983","0",
"4131","1997","68.041",
"4132","1971","5635721.3907",
"4133","1982","66911.917",
"4134","1993","300837.56368728",
"4135","2018","490.2187",
"4136","2016","3745.55",
"4137","1973","4150901.5438489",
"4138","1996","1913865.942235",
"4139","1983","7064.5847227",
"4140","2024","52.236322318",
"4141","1992","3.9979",
"4142","1977","641523.54956",
"4143","2025","0",
"4144","1979","1.8708",
"4145","1982","14437021.645",
"4146","1985","4768271.4",
"4147","1977","45.106",
"4148","2010","54.5",
"4149","1970","449258",
"4150","2021","84609.4669642",
"4151","1981","1",
"4152","2010","100.678",
"4153","2018","44234.043043",
"4154","2010","21242.7160248",
"4155","1983","12105319.050155",
"4156","1985","32920.42",
"4157","1981","94335.054",
"4158","1984","109.3",
"4159","2024","127945.81",
"4160","2008","22636.97921",
"4161","2016","4227.0583",
"4162","2017","224302.8",
"4163","1995","4992351.426307",
"4164","1986","26.45",
"4165","1996","0",
"4166","1979","85.193",
"4167","2017","136.9",
"4168","2012","3110",
"4169","1978","0",
"4170","1983","408045.8",
"4171","2011","155.04",
"4172","2016","9.1182278",
"4173","1970","1.379",
"4174","1994","18530.05461",
"4175","1988","88907.8",
"4176","1991","60651.0130237",
"4177","2010","68799.747",
"4178","1986","0",
"4179","2020","191583.51157146",
"4180","1972","420.1016",
"4181","2019","18.333400911",
"4182","2022","0",
"4183","2019","1280.048295",
"4184","1973","189644089.3",
"4185","1979","615065159.66974",
"4186","2010","61267.4247",
"4187","2025","40.495",
"4188","1970","43065723.8",
"4189","2022","0",
"4190","1996","1490.786405846",
"4191","2023","839132.5221",
"4192","1992","873.8",
"4193","1987","87290.9968",
"4194","1999","94",
"4195","2024","5288263.833447",
"4196","2020","23727076",
"4197","1986","38.8",
"4198","2023","140562901.23155",
"4199","1993","680166",
"4200","1990","0",
"4201","2010","276542777.58231",
"4202","1986","7252752.7",
"4203","1993","6.8608",
"4204","1977","88583.8814517",
"4205","1972","1329.3917",
"4206","1978","11019.72092076",
"4207","2023","3495991",
"4208","1989","17740",
"4209","2000","1323826",
"4210","2001","169.65095446",
"4211","1991","1.792",
"4212","2007","30440542.34106",
"4213","2018","208149.245825",
"4214","2014","156.22902",
"4215","1993","7.58493",
"4216","1997","0.59554639",
"4217","1981","443701521.3293",
"4218","2017","38609.2145431",
"4219","2004","90866659.654461",
"4220","2009","386498062.16",
"4221","2020","1166840.7",
"4222","1970","0",
"4223","1983","21.8439446",
"4224","1985","38601240.1",
"4225","2006","9868.0458",
"4226","2004","3544727",
"4227","2021","918256.54",
"4228","1992","430.809999",
"4229","2004","40323335.68566",
"4230","1985","6.233764",
"4231","1992","5090091.6312856",
"4232","1993","21520.26819687",
"4233","2025","54.6",
"4234","1977","40.37376",
"4235","1991","5235",
"4236","1979","13933.3859492",
"4237","2001","570.4",
"4238","1985","38",
"4239","1997","11993.2",
"4240","1998","1.02863",
"4241","1977","10811063.406452",
"4242","2008","318.326302",
"4243","1994","50.8715662",
"4244","1979","3343.4455971",
"4245","1995","1398805.204047",
"4246","2010","2929",
"4247","1986","1159091.7565642",
"4248","2008","3.5249",
"4249","2009","0.6",
"4250","1976","8683.19325",
"4251","2016","788827.79918",
"4252","2023","0.387656034",
"4253","2017","8928.981",
"4254","2013","45179437.72726",
"4255","2012","5.906577",
"4256","1985","4545.9472715",
"4257","1993","6002649.7",
"4258","2025","566.73",
"4259","2008","32009351.9343",
"4260","2011","4817049.40549",
"4261","2004","8370118.1014",
"4262","1990","3197.52334046",
"4263","1988","14.58816",
"4264","2006","1585.8342",
"4265","1995","4475861.9355819",
"4266","2016","0",
"4267","1988","196.741444724",
"4268","2017","1793",
"4269","2004","46.260806504",
"4270","2022","3788.8",
"4271","1996","13.84585334",
"4272","1979","57960769.281944",
"4273","2007","5.45",
"4274","1972","63617.4239977",
"4275","1984","94379.52",
"4276","2023","0",
"4277","1993","5949",
"4278","2016","40.7466",
"4279","1998","44283.4",
"4280","2011","4966309.1060202",
"4281","1996","177111549.91045",
"4282","2019","5.629",
"4283","1992","44091.181",
"4284","1995","54",
"4285","1977","17.94608611",
"4286","2024","473389950.15947",
"4287","2016","1041",
"4288","1999","5.7497782",
"4289","2023","149402.478",
"4290","1978","44.5165067",
"4291","2011","12740.038026868",
"4292","1970","1.8431617",
"4293","1977","1648.16171",
"4294","2002","289401.35474",
"4295","1994","0",
"4296","1975","783.8979",
"4297","1982","47646.883329",
"4298","2013","56918609.8633",
"4299","2018","16215856.9718",
"4300","1993","4837446.48",
"4301","1990","4588.755666982",
"4302","2010","0.18192828",
"4303","1978","30513.5",
"4304","1992","9.0811878",
"4305","2013","1.308712",
"4306","1985","1340.873628696",
"4307","1997","1242",
"4308","1994","627166.526669",
"4309","2008","34515.29748032",
"4310","1990","3272.77",
"4311","2005","571743046.07239",
"4312","1988","35.1345",
"4313","1972","60620262.1711",
"4314","1985","2.928",
"4315","1992","1740.1204",
"4316","2012","181078.54312",
"4317","2010","56685.332961",
"4318","2006","2898.223107994",
"4319","2019","27.566113813",
"4320","1983","323071242.18612",
"4321","2006","20340.011",
"4322","1984","568782625.8",
"4323","1977","32.113201",
"4324","1976","269126.3",
"4325","1989","71368.401",
"4326","2022","1430.049",
"4327","2004","4591",
"4328","2013","153",
"4329","1973","0.76782",
"4330","1999","25.059",
"4331","1980","3.3",
"4332","1988","25045.71",
"4333","2005","114.1",
"4334","2020","56457585.52",
"4335","1975","445980.96",
"4336","1981","49270",
"4337","1996","40.27276",
"4338","2018","174305795.32972",
"4339","1988","31424483.94",
"4340","1970","375160108.84996",
"4341","1972","7544120.9689527",
"4342","2011","0",
"4343","2024","49351.876223",
"4344","2010","1.29938",
"4345","2017","0",
"4346","2012","127.892",
"4347","2022","0.8",
"4348","2010","0",
"4349","1970","388901484.757",
"4350","2004","557.522508",
"4351","2008","14.826530095",
"4352","2017","7.4",
"4353","1977","3078471.023",
"4354","1985","337.579090278",
"4355","2001","218.9364",
"4356","1999","1831.41",
"4357","2012","0",
"4358","1982","1184.6930775",
"4359","2001","0",
"4360","1980","25082228",
"4361","2004","4.8096522",
"4362","1993","7727.27",
"4363","1991","2996.319",
"4364","2016","51.604064",
"4365","2024","312.1947",
"4366","2008","0",
"4367","2011","3579.3518",
"4368","2010","451376.27",
"4369","1981","0",
"4370","2000","24640.17804855",
"4371","1985","68.71974683",
"4372","1984","86622.9260597",
"4373","1972","52982.801355119",
"4374","2016","2974368.625",
"4375","1973","3.19",
"4376","2003","277661.195",
"4377","1987","3",
"4378","1996","43729.54",
"4379","2017","1806.9788743",
"4380","1996","3",
"4381","2003","5716146.2813616",
"4382","2009","29532142.016607",
"4383","2009","28402082.511",
"4384","1973","6626682.078",
"4385","1974","343255",
"4386","2024","106241.821065",
"4387","2000","390.8",
"4388","1997","0",
"4389","1996","282",
"4390","1990","12.96539893",
"4391","1991","1937114.918",
"4392","1992","0",
"4393","2006","42.77308033",
"4394","1974","3.6335737",
"4395","2013","6331364.472",
"4396","2019","36039075.10953",
"4397","2013","51.9103",
"4398","2012","1833869.5043",
"4399","1996","12211440.9",
"4400","1980","2.64073411",
"4401","2011","2074.111516",
"4402","2004","287.9336259",
"4403","1999","41360025.292221",
"4404","1973","1898.91798",
"4405","2012","214.7860625",
"4406","2005","401.428",
"4407","2017","0.536912",
"4408","1975","195034824.80704",
"4409","2024","0",
"4410","1974","4.762720861",
"4411","1994","112997",
"4412","2017","0",
"4413","2016","37404269.64373",
"4414","2003","32.286647618",
"4415","1975","0",
"4416","2022","4085750.6161",
"4417","2009","2211.755046451",
"4418","2018","2.5689677",
"4419","1982","844847.99940239",
"4420","1997","806749444.0495",
"4421","1990","75662.2",
"4422","1985","63896.2419",
"4423","1979","2.279054",
"4424","1985","0.17",
"4425","1973","6.4442718",
"4426","1986","7619.56",
"4427","1973","22.1",
"4428","2003","11571.00092",
"4429","1977","0.25983869",
"4430","2006","0",
"4431","1977","209934597.55",
"4432","1985","0.8498644",
"4433","2022","1984915.0060474",
"4434","1977","2487",
"4435","1972","31.7977261",
"4436","2011","3278734.6283897",
"4437","2004","45468717.213974",
"4438","2025","2881254.8598063",
"4439","2004","122756.7881",
"4440","2006","0",
"4441","1984","25.990457225",
"4442","2009","40010.056273565",
"4443","2000","149209578.6",
"4444","1982","1.477",
"4445","2025","7156799.9227816",
"4446","2013","125603704.7251",
"4447","1973","290581622.5",
"4448","2008","0",
"4449","1972","32361261.710952",
"4450","2011","2063.78",
"4451","2009","82093541.11",
"4452","2017","0",
"4453","1978","0",
"4454","2018","654.56",
"4455","1991","30.72206846",
"4456","1982","3.531984",
"4457","1987","888169.4136336",
"4458","2000","62809548.73",
"4459","1978","255223361.4",
"4460","1974","0",
"4461","1987","1.54988091",
"4462","2003","706783.573",
"4463","2002","310126.569",
"4464","2005","59296707.29052",
"4465","1986","184.026496",
"4466","2005","0",
"4467","2002","0.5",
"4468","1985","40879.580074",
"4469","1990","5808.89007",
"4470","2022","57.02479",
"4471","1981","23091.04007",
"4472","2019","17627.557168009",
"4473","1999","0",
"4474","1998","294.9",
"4475","2019","5845403.544",
"4476","2023","17902289.78266",
"4477","2013","0.8566604",
"4478","2016","435925.697238",
"4479","1977","563757602.845",
"4480","2009","31209.6",
"4481","1982","1653239.9",
"4482","2012","1.30447",
"4483","1993","194957.4175",
"4484","1974","21730062.107754",
"4485","1981","547.2",
"4486","2009","4644985.265621",
"4487","2011","35.22",
"4488","1993","254912959.786",
"4489","2023","377854431.0522",
"4490","2004","0",
"4491","1994","844.94066862",
"4492","2001","486425",
"4493","1974","2683467.20802",
"4494","2016","21149464.711183",
"4495","2025","67840393.94",
"4496","1995","5.750087692",
"4497","2000","522",
"4498","2014","793155.130786",
"4499","1984","7771.93999",
"4500","1975","22007973",
"4501","2019","140.74282884",
"4502","2004","556170.22535",
"4503","1984","308741.78088",
"4504","2013","5931348.0440396",
"4505","1999","21849.32",
"4506","1989","1949.361224078",
"4507","1973","4374",
"4508","2013","1.061433",
"4509","2005","2152.225",
"4510","2020","201826",
"4511","1981","3178050.1828",
"4512","2015","0.591",
"4513","1988","39520975.104865",
"4514","2008","475732.23416061",
"4515","1977","4889",
"4516","1988","0",
"4517","2002","645443.10808",
"4518","2008","0",
"4519","2000","25.300451962",
"4520","1983","149717931.31717",
"4521","1977","49779.45679",
"4522","2003","258428517.94055",
"4523","2016","111225.14429",
"4524","1989","3052.8",
"4525","2012","0",
"4526","2017","2431246.81217",
"4527","2003","11281955.544596",
"4528","1982","3464419.454",
"4529","1973","4686462.77",
"4530","2013","0",
"4531","2009","367333.74114",
"4532","1985","8.0376916",
"4533","1982","0",
"4534","1971","26788.82816159",
"4535","2011","433002.982",
"4536","2021","0",
"4537","2022","0",
"4538","2018","47388.28691",
"4539","1997","51205952",
"4540","1994","277676403.8102",
"4541","1988","190714253",
"4542","1977","321385.53",
"4543","1979","190777.27",
"4544","2008","0",
"4545","1978","348097665.40666",
"4546","2019","2050961.191",
"4547","2005","2019.4745",
"4548","1995","73997.648542",
"4549","1995","36234346.74",
"4550","1992","0.88863",
"4551","2017","47.38889",
"4552","1974","8.38187477",
"4553","1990","36985.26",
"4554","2023","39524916.181696",
"4555","1981","98842.5674",
"4556","2009","4864",
"4557","1987","51548.9695",
"4558","1989","441380767.06",
"4559","2009","0",
"4560","1994","1476.42919179",
"4561","2021","18831.69008211",
"4562","1995","14",
"4563","1991","2221282.47",
"4564","1984","0",
"4565","1984","2453.27",
"4566","2006","493196070.80375",
"4567","2008","0",
"4568","2022","3771989.85593",
"4569","1971","3587.98008",
"4570","2022","388866684.65912",
"4571","1994","12894977.407",
"4572","1975","1563",
"4573","1978","393421.262",
"4574","1987","203634198.31262",
"4575","1991","6730.728",
"4576","2018","4514.5658",
"4577","2005","3559646.3641796",
"4578","1989","64.01084",
"4579","1976","16089486.375279",
"4580","1980","0",
"4581","1978","0",
"4582","2013","418970",
"4583","1989","253517",
"4584","2013","32623125.572496",
"4585","1998","585.44863233",
"4586","2004","0",
"4587","2020","169739.7477315",
"4588","1982","479015615.89902",
"4589","1988","2727.3685",
"4590","1989","3.8",
"4591","1977","4.917674",
"4592","2007","43351",
"4593","2010","31430349.665266",
"4594","1982","57243.12",
"4595","1998","1095315.970543",
"4596","2024","2798.6",
"4597","1995","0",
"4598","2017","8.11",
"4599","1996","0",
"4600","1974","96632.05318538",
"4601","2009","2438382.21221",
"4602","1972","5.4",
"4603","1981","44404631.913724",
"4604","2012","4",
"4605","1990","446832.40644",
"4606","2001","13997.6",
"4607","2004","813451.8262",
"4608","2022","64.532537027",
"4609","1989","4680169.40215",
"4610","1983","64362.953174003",
"4611","1977","14.4",
"4612","2010","33398.746",
"4613","1979","358.6",
"4614","1998","109.71198",
"4615","2023","4.17438",
"4616","1991","7043286",
"4617","1972","346802.111712",
"4618","2024","820.6",
"4619","1993","1903.81162",
"4620","2001","379",
"4621","1986","0",
"4622","2013","0",
"4623","2007","117471.88",
"4624","1976","514570.90731",
"4625","1983","12751.18821",
"4626","1972","3.6027108",
"4627","1981","384438891.135",
"4628","2019","187890.09782",
"4629","2006","0",
"4630","1978","28560304.46",
"4631","1986","3.5",
"4632","2004","5107548",
"4633","1975","5309282.6925",
"4634","2004","89387.73882281",
"4635","1988","6.8099813",
"4636","1982","4.3313",
"4637","2019","56665755.59",
"4638","1996","202255.568",
"4639","2007","5931084.61",
"4640","2012","38902.9",
"4641","1996","165217812.93",
"4642","2005","17870489.7",
"4643","2022","805388.429",
"4644","2016","3397597.6333",
"4645","2024","128.9",
"4646","2010","5319340.4",
"4647","1996","153631109.9631",
"4648","1990","2.121496",
"4649","1990","440.8",
"4650","2005","43996.1574357",
"4651","2024","62653375",
"4652","2000","9844.15",
"4653","2001","7814641.9",
"4654","2014","0",
"4655","2014","1",
"4656","1993","21.671141",
"4657","1994","682.293188",
"4658","1991","25400.9772",
"4659","2004","0.04013968",
"4660","1988","311968.164067",
"4661","1972","35.0981818",
"4662","2025","0",
"4663","1994","8558.366301975",
"4664","1974","1362741.47009",
"4665","2011","3.97",
"4666","1994","3.2",
"4667","2020","342100950.68968",
"4668","2018","4928643.2612561",
"4669","2014","188.99968549",
"4670","1985","0",
"4671","2024","83639.97",
"4672","1974","0",
"4673","2015","51584611.538215",
"4674","1983","10162151.11789",
"4675","2004","0.678",
"4676","1980","20.816",
"4677","1981","49.9932498",
"4678","1986","7.036",
"4679","1976","81.8",
"4680","1973","5920741.8735628",
"4681","2002","1877.9253092",
"4682","1978","4.39",
"4683","2014","122.29264",
"4684","2021","15.643",
"4685","1986","240299852.74169",
"4686","2021","3004080.33",
"4687","1988","41.81",
"4688","2016","1496.4033",
"4689","1989","4.21712004",
"4690","1978","2117.17",
"4691","2004","401878.23045",
"4692","1973","26087.2051",
"4693","1972","19.420759",
"4694","1989","58.14",
"4695","2021","105713.49",
"4696","1970","6336261.5",
"4697","1981","182.19",
"4698","1978","0",
"4699","2002","194.68",
"4700","1992","46663271.337",
"4701","2002","2843224.2443976",
"4702","2009","227.214586312",
"4703","1988","3849.69",
"4704","1998","33.17149152",
"4705","1988","32437787.3",
"4706","2007","0",
"4707","2017","5729.76",
"4708","2003","4988977.8409455",
"4709","2009","0",
"4710","1970","831293.683",
"4711","1985","88180",
"4712","1984","0",
"4713","1979","132689.15",
"4714","1999","327721.73503",
"4715","2021","868979",
"4716","2021","218.9",
"4717","1996","16595203.420324",
"4718","2001","1566655.8586",
"4719","2010","0",
"4720","2016","503.5",
"4721","1995","5085252.8",
"4722","2015","269438",
"4723","1979","5737.2969724",
"4724","2024","59558365.4",
"4725","2007","1.885500849",
"4726","1986","2.98",
"4727","2004","27723.21910748",
"4728","2009","491.776978724",
"4729","1993","14.412",
"4730","1979","19305853.816113",
"4731","1989","195.93718",
"4732","2009","1.76835",
"4733","1995","148260.1632",
"4734","2023","39178.2901479",
"4735","2020","405714701.64",
"4736","1990","2760.941009026",
"4737","2000","0",
"4738","1990","146101.53688",
"4739","1995","0.71228615",
"4740","1972","318069",
"4741","1993","2528.054524496",
"4742","2009","2489.60436",
"4743","2014","760514.27",
"4744","1998","2625.2181",
"4745","2008","2574591.595",
"4746","2004","21462549.19795",
"4747","2007","6",
"4748","1995","8929.09246",
"4749","1971","12094.247052",
"4750","1994","32",
"4751","1988","461.7449167",
"4752","2018","820.4797",
"4753","2023","5742274.786",
"4754","2004","12750.2946943",
"4755","1993","15776.214206273",
"4756","1997","131132.3852445",
"4757","1987","158007149.0852",
"4758","1992","124.3",
"4759","2002","69539431.6619",
"4760","1992","3.935",
"4761","2000","50",
"4762","2000","278301.9164715",
"4763","2005","2884.49",
"4764","1981","52077669",
"4765","2011","39102972.74",
"4766","2013","803",
"4767","1998","6.83433915",
"4768","1996","16969582.8363",
"4769","2024","6051.862888332",
"4770","2000","115132.029",
"4771","2018","5085984.7328356",
"4772","1993","11.425",
"4773","1986","1147116.250892",
"4774","2003","2068202.8793",
"4775","1980","3048120.9582",
"4776","1984","729.3561141",
"4777","1986","258610530.91056",
"4778","1972","508685.45994597",
"4779","1979","42.3",
"4780","2025","93845455.5",
"4781","1996","8342133.26239",
"4782","2011","42.831911",
"4783","1993","73.5934",
"4784","2012","11913.1521",
"4785","1992","0",
"4786","1978","0",
"4787","2011","0",
"4788","2018","0",
"4789","1983","172870545.784",
"4790","1972","8380.406",
"4791","1973","26",
"4792","1980","62894009.78359",
"4793","1977","0",
"4794","2017","6964825.236",
"4795","2019","8726.8",
"4796","2024","1183.5404",
"4797","1998","264.827",
"4798","2015","389.004708073",
"4799","1976","43221.6724219",
"4800","2008","45110193.075884",
"4801","1977","66762.2",
"4802","2008","0",
"4803","1983","12207.12553",
"4804","2016","69672435.0446",
"4805","1998","132282941",
"4806","2008","9313354.148024",
"4807","2021","50.945381713",
"4808","1995","8771",
"4809","2025","30.6268313",
"4810","1986","108553.4255",
"4811","1970","46",
"4812","1976","261.728",
"4813","1996","2346974.71",
"4814","2017","77140.9057",
"4815","1970","5941368",
"4816","1992","104090733.908",
"4817","1995","17.8",
"4818","1971","0",
"4819","2008","523666.4310869",
"4820","2006","44829540.3",
"4821","2013","88.28",
"4822","2005","0",
"4823","2022","0",
"4824","2022","418",
"4825","2013","4539765.6486617",
"4826","1980","54756.63",
"4827","1986","32.148",
"4828","2014","186096035.16",
"4829","1986","1.8208",
"4830","1986","3037.05941836",
"4831","1982","340945.29682371",
"4832","1985","2236.658",
"4833","1996","499308.789",
"4834","1993","65915.8009",
"4835","1994","4.795237",
"4836","2006","1047.5",
"4837","1985","76.13",
"4838","2014","275317.9413",
"4839","1994","0.442",
"4840","1993","54397.57",
"4841","1991","1.848533862",
"4842","2024","0",
"4843","2022","225748.868",
"4844","1985","0",
"4845","1995","107911319.3502",
"4846","1998","5206651.72",
"4847","2025","414156419.55239",
"4848","2003","1275438.5085",
"4849","1974","119645.67769119",
"4850","1984","20812721.617729",
"4851","2025","547.145257",
"4852","2014","5187834.8297",
"4853","1985","15.7",
"4854","2025","13380.102591505",
"4855","1976","1",
"4856","2009","856760.19",
"4857","2004","3396503.313",
"4858","1972","10207.16174406",
"4859","1974","101906",
"4860","1973","8.6854",
"4861","2000","291637810.3337",
"4862","1997","13458393.715036",
"4863","2007","37728.53",
"4864","1971","1299.527",
"4865","2015","265560826.3",
"4866","1984","0",
"4867","2022","820170.5",
"4868","1980","586493.6782",
"4869","1977","0",
"4870","1970","46",
"4871","1996","2207.5013",
"4872","1979","38.71",
"4873","2024","126464.14",
"4874","1989","6190825",
"4875","2006","205934.846074",
"4876","2013","151086.612",
"4877","2008","140874695.8842",
"4878","2009","1.696672515",
"4879","1985","669349.27027598",
"4880","1981","876.2681",
"4881","1970","1158937.8197659",
"4882","2012","0",
"4883","1992","44552253.162334",
"4884","2008","3181004.5997907",
"4885","1980","7",
"4886","2002","0",
"4887","1971","4.6188",
"4888","2003","3.8743786",
"4889","1995","0",
"4890","2003","2451.6891",
"4891","1989","3.4345",
"4892","1993","261.78768",
"4893","1988","1224686.6996842",
"4894","2001","320.358696927",
"4895","2018","0",
"4896","2019","33193560.501692",
"4897","2018","2.2388",
"4898","2009","22412.407010515",
"4899","2013","8.607",
"4900","2007","10690.372",
"4901","2019","60102.461",
"4902","1987","215.1702",
"4903","2017","1067.6248",
"4904","1984","2642.706379452",
"4905","1989","2538100.06",
"4906","1972","261",
"4907","2018","20965.858674",
"4908","2007","492077.007363",
"4909","1990","318",
"4910","2003","2395.39062561",
"4911","1997","49.1431",
"4912","1998","2.190956228",
"4913","2023","2357.4194734",
"4914","2013","445.30454",
"4915","2020","2265.84691",
"4916","1997","19856486.611678",
"4917","2025","0.22259",
"4918","1985","0",
"4919","1998","101588285.40198",
"4920","2006","0",
"4921","2022","5828.0966775",
"4922","2024","3199677.417",
"4923","1979","468248.686",
"4924","1998","1.2178",
"4925","2004","583648293.042",
"4926","2000","21094165.134806",
"4927","1996","485610.61765137",
"4928","1992","0",
"4929","2015","75908072.06392",
"4930","1991","29812.31063",
"4931","1984","301053838.52627",
"4932","1970","0",
"4933","1984","545.5",
"4934","1992","328.726508",
"4935","2023","361609955.45792",
"4936","2004","1",
"4937","2015","2384568.806598",
"4938","1991","5202.49",
"4939","1980","775792",
"4940","1975","40578091.37",
"4941","2008","204.6607",
"4942","2025","19143.4709",
"4943","2007","173167.23758931",
"4944","2006","0.4",
"4945","1999","37253.16796",
"4946","1972","39.787",
"4947","2003","152.9806",
"4948","1983","7638.8714",
"4949","1976","238066136.7",
"4950","2023","234905.701194",
"4951","2005","10404654.39",
"4952","2004","14.5211",
"4953","2019","2667",
"4954","1986","6727.3887459",
"4955","2003","5035577.2012726",
"4956","2005","2.05543612",
"4957","2014","16.41261575",
"4958","2024","128134",
"4959","2012","0",
"4960","1972","4924711.89",
"4961","2012","46251.40137222",
"4962","1978","0.146277",
"4963","2019","6907.6",
"4964","1985","18254280",
"4965","2010","29.14",
"4966","2001","44108767.01888",
"4967","1979","169539723.187",
"4968","1981","2",
"4969","1987","63.9",
"4970","2001","13094.6",
"4971","2017","25789456.1",
"4972","2019","2163229.7685486",
"4973","2003","6606.09127271",
"4974","2026","1124516.1666634",
"4975","1972","2233169",
"4976","1973","5674877.452945",
"4977","1982","28524173.574585",
"4978","1976","2419.7174888",
"4979","2012","53779.3681662",
"4980","1988","6940783.9387964",
"4981","1971","5921.04645",
"4982","2021","0",
"4983","2016","32174115.420803",
"4984","1990","59.2870479",
"4985","2016","194",
"4986","2020","0",
"4987","1979","1.608912439",
"4988","1981","13081033.584",
"4989","2012","65254.243393519",
"4990","1994","724955",
"4991","1996","0",
"4992","2016","308697.9781247",
"4993","2002","572",
"4994","1983","16671363.4437",
"4995","2023","33048.73",
"4996","1972","2.7",
"4997","2010","2446060.6",
"4998","1980","7786678",
"4999","2016","267666250.28",
"5000","1997","27185989.237305",
"5001","2008","28671.4",
"5002","2018","39072117.536204",
"5003","2000","0",
"5004","1992","13137659.394645",
"5005","2009","729232460.869",
"5006","2014","4533611.4158807",
"5007","2006","4536.833010328",
"5008","2024","14316.82",
"5009","2024","54856485.765999",
"5010","1973","27.3704993",
"5011","1992","4406397.657893",
"5012","1997","78.831877",
"5013","1992","8537284.7",
"5014","2020","4871525.5006927",
"5015","1990","1.76897706",
"5016","2022","5627308.9057588",
"5017","2019","1624539.7141915",
"5018","2011","1.29397",
"5019","1981","140.2694276",
"5020","1983","392695.685",
"5021","1986","359",
"5022","1995","0",
"5023","2000","2828.99808254",
"5024","2000","7.81141",
"5025","2014","61487.48145",
"5026","2026","0",
"5027","2013","17.4678594",
"5028","1985","34626.9",
"5029","1996","412909.4",
"5030","1972","1028",
"5031","1991","0.0032",
"5032","2003","0",
"5033","1996","1021.4578",
"5034","1990","2611.8",
"5035","2014","6234117.599",
"5036","2017","144",
"5037","2020","577145.985",
"5038","2007","2.443909",
"5039","1997","28193560.048",
"5040","1997","2.1163565",
"5041","2013","0",
"5042","1981","1.28072",
"5043","1993","1319571.9069268",
"5044","2021","81702937.477269",
"5045","2000","958.254",
"5046","1981","0",
"5047","2009","3415.864393",
"5048","1977","5.1",
"5049","1993","1509.53347",
"5050","1999","0",
"5051","1982","0",
"5052","1996","384133.31982",
"5053","1988","2793.157368",
"5054","1995","411964583.86272",
"5055","2001","224835842.326",
"5056","2025","406316.521",
"5057","2003","368.157981418",
"5058","2018","0",
"5059","1983","20990",
"5060","1970","245701511.3132",
"5061","2013","0",
"5062","1982","51119.03889465",
"5063","1984","43677.3919912",
"5064","1976","46225",
"5065","1990","0.259",
"5066","2010","0",
"5067","1992","0",
"5068","2007","1519",
"5069","1992","156757.035",
"5070","1971","410400414.84",
"5071","1999","0",
"5072","1973","526626.1509832",
"5073","1996","2555776.8777564",
"5074","2020","433498.0198283",
"5075","1971","3.47795468",
"5076","2017","3",
"5077","2008","2513334",
"5078","1984","246.8",
"5079","1991","19.8",
"5080","2023","25297441.520872",
"5081","1991","568065.1",
"5082","2013","0",
"5083","2011","81.58417",
"5084","2016","0",
"5085","1991","0",
"5086","1973","0",
"5087","1990","206.203",
"5088","1984","1295484.39509",
"5089","1972","8132427.7236",
"5090","2015","9.2642309",
"5091","2022","26047597.95778",
"5092","2023","0.6236297",
"5093","2002","2505187.455019",
"5094","1978","371832.57379847",
"5095","2024","0",
"5096","1989","2679948.5243169",
"5097","1989","219028.3979",
"5098","1982","1080.563",
"5099","1990","14",
"5100","2004","0",
"5101","1972","26",
"5102","1977","8442.605434317",
"5103","1994","0",
"5104","1978","52853.1437",
"5105","1991","2325410.9783726",
"5106","1977","3.19538",
"5107","2000","734",
"5108","1992","78343990.103606",
"5109","1996","941.12610125",
"5110","2006","330396.9",
"5111","1982","1863820.325999",
"5112","1991","768.3229",
"5113","1984","538355",
"5114","1992","6689148.628",
"5115","2003","192.5455",
"5116","2001","110684286.74404",
"5117","2012","44553370.414706",
"5118","2008","917420.736466",
"5119","1973","135594.43193716",
"5120","1999","29194.444",
"5121","1988","1.10614",
"5122","2016","207138.655345",
"5123","1991","182.83",
"5124","1975","0",
"5125","2014","251110405.64955",
"5126","1999","19080524.37169",
"5127","2004","17.16",
"5128","1980","46063.90841407",
"5129","2007","1188.9489",
"5130","1996","4.06",
"5131","2020","0.9018371",
"5132","1984","0.6",
"5133","1981","12899158.235887",
"5134","2003","209458704.00765",
"5135","1986","262666993.79",
"5136","1993","3536826.984",
"5137","1982","1.874",
"5138","1987","18758.915725767",
"5139","2011","28.418",
"5140","1990","1493.03",
"5141","2011","406161.57822131",
"5142","2011","1.588615332",
"5143","1995","0.1652805",
"5144","1988","0.931149",
"5145","1979","2.352449221",
"5146","1990","13.67315658",
"5147","2021","4591.361",
"5148","1989","2528062.983",
"5149","1998","0",
"5150","2021","20.84531",
"5151","2005","27379538.6119",
"5152","1983","7130231.6899839",
"5153","1985","74.3221",
"5154","1986","341286.84016905",
"5155","1973","8148.484789",
"5156","1994","0",
"5157","2002","9944.35676",
"5158","2016","2.1",
"5159","2012","2.30748",
"5160","1988","4078.951603983",
"5161","2008","350.38151987",
"5162","2010","277.5",
"5163","1987","234170734.1423",
"5164","1970","0",
"5165","1986","7",
"5166","2024","19951.937937",
"5167","1972","7136.7174",
"5168","1971","69",
"5169","1997","31.4563157",
"5170","1979","8400294.4611841",
"5171","2006","19336.7348209",
"5172","1981","0",
"5173","1986","8797717.9425718",
"5174","1974","0",
"5175","2020","2.809893891",
"5176","1979","80266",
"5177","1974","52396.4",
"5178","2013","1.393",
"5179","1974","5.239",
"5180","1999","7427.520602151",
"5181","2025","347.74",
"5182","2001","57287.6777796",
"5183","2000","35.3085488",
"5184","1998","2.229",
"5185","2010","4199124.221",
"5186","1972","0",
"5187","1981","1148.114",
"5188","1979","4.32803257",
"5189","1995","1.145",
"5190","2004","78790414.098",
"5191","1973","7884742",
"5192","1986","187107",
"5193","2003","308.1846777",
"5194","1999","211429051.90724",
"5195","2006","2537482.6623517",
"5196","2003","25.2",
"5197","1982","0",
"5198","2020","1.579119175",
"5199","2013","131377.862",
"5200","1981","75895.34824854",
"5201","2012","7.76185",
"5202","2011","252415172.523",
"5203","1994","0",
"5204","2010","71935313.479563",
"5205","1996","2.318828",
"5206","1974","0",
"5207","1992","4476442.085",
"5208","1978","47",
"5209","2016","0.78",
"5210","1985","2",
"5211","1980","19092941.864623",
"5212","2014","4.4",
"5213","1971","468.843",
"5214","1996","108920124.078",
"5215","1982","526426.7727",
"5216","1979","3.98978",
"5217","2000","1.686",
"5218","1981","178.1722",
"5219","2020","446610.1244027",
"5220","1996","673733699.19412",
"5221","1972","1",
"5222","1988","0",
"5223","1983","0.0267",
"5224","2018","3446.01526",
"5225","2011","130.9",
"5226","2002","222700.7823",
"5227","1985","566901515.1953",
"5228","1973","372.84986",
"5229","1977","3043649.06",
"5230","1987","153340987",
"5231","1970","73416.02443145",
"5232","1975","0",
"5233","2004","1457.910457",
"5234","1998","562.3143",
"5235","1972","51",
"5236","1997","15504825.384218",
"5237","2019","20820.44789944",
"5238","2001","54",
"5239","2007","4.6",
"5240","2014","8647",
"5241","2012","5698112",
"5242","2011","30994501.9622",
"5243","1983","54095925.5678",
"5244","2002","134766020.96",
"5245","2020","114918137.29196",
"5246","2013","6.25614",
"5247","2017","3.7106",
"5248","1995","2045.2067",
"5249","1970","18847.44282",
"5250","1996","147822.8268545",
"5251","2013","61.2303",
"5252","1985","4.7",
"5253","1982","131408.86",
"5254","1986","1015618.9",
"5255","1983","22181108.54",
"5256","1991","1076976.404933",
"5257","1993","3720.409417327",
"5258","1971","4863678.76049",
"5259","2014","3775392.696267",
"5260","1991","2565449.0079902",
"5261","1983","381181.99",
"5262","2011","39.4665",
"5263","2000","288836",
"5264","2017","5443.2748833",
"5265","1994","242709.5055",
"5266","1997","0",
"5267","2025","44",
"5268","1985","486.73",
"5269","2011","0",
"5270","2005","37762123.510516",
"5271","1991","13.5722744",
"5272","1972","484926550",
"5273","1997","35690891.97995",
"5274","2003","1975881.308056",
"5275","1999","28298.787871673",
"5276","1984","527662.8",
"5277","1997","3522.5",
"5278","1977","3.00486",
"5279","1990","0",
"5280","1983","8095.322349",
"5281","2023","6057011.5062287",
"5282","2025","2.650859",
"5283","2013","338929.0595",
"5284","2003","0",
"5285","1995","480269962.30485",
"5286","2018","25970.6289119",
"5287","1974","210.7661",
"5288","2023","614234.606",
"5289","2021","16867357.725088",
"5290","1994","6076374.8583755",
"5291","1983","0",
"5292","1989","0",
"5293","2011","78351.7",
"5294","2015","0",
"5295","2000","0",
"5296","1975","264088911.782",
"5297","1976","657352360.5267",
"5298","1973","144161.3067747",
"5299","2015","29.281209332",
"5300","1992","69.187788736",
"5301","1972","8.4711308",
"5302","2000","28492.553",
"5303","2011","1932336.95",
"5304","1997","151671.180095",
"5305","1978","242706.75665851",
"5306","2008","59796067.66547",
"5307","1972","12",
"5308","2014","46165.055293574",
"5309","1978","593.925451",
"5310","1979","56261.11166",
"5311","2012","25",
"5312","2000","10522",
"5313","2010","1405.29565313",
"5314","1972","0",
"5315","1986","1992.61",
"5316","2004","8",
"5317","2020","2142389.016",
"5318","2011","3253.8",
"5319","2021","11537.51",
"5320","1973","295.72",
"5321","1978","29996.252",
"5322","2008","65374295.450615",
"5323","1992","27.56",
"5324","1980","401.12",
"5325","2017","229199.1485",
"5326","2024","20073231.2639",
"5327","1979","27103009",
"5328","1972","42791.92460656",
"5329","1997","1187526.1557",
"5330","2018","19.632",
"5331","2011","42548762.094546",
"5332","2004","105336.9044644",
"5333","2006","5808988.088056",
"5334","1983","283884.843034",
"5335","1980","392191.46",
"5336","2000","8.1829",
"5337","2018","133.21399",
"5338","1977","2301.795744",
"5339","2018","6148.089501312",
"5340","2021","27407.18",
"5341","1976","4895.77822",
"5342","2014","0",
"5343","1984","7635108.1356136",
"5344","1972","4.366",
"5345","2010","1010.2",
"5346","1971","14.803336721",
"5347","1987","6.622",
"5348","1986","0.1922",
"5349","1996","573392541.42369",
"5350","2025","2610.004",
"5351","1982","5380",
"5352","1971","373.97137633",
"5353","1971","27238.384",
"5354","2025","308008.14",
"5355","1994","56366.195847",
"5356","2015","15369155.460972",
"5357","2010","2800.312",
"5358","2008","8.586833",
"5359","1988","14.3",
"5360","1980","16.61",
"5361","1979","2615.52631",
"5362","2019","8271688.04082",
"5363","1971","42159755.317381",
"5364","1990","1.69",
"5365","1999","6873778.3",
"5366","2001","4031.514802",
"5367","2008","3.791324118",
"5368","2012","0",
"5369","1979","12813.3420932",
"5370","2002","1.29023",
"5371","1989","44.34",
"5372","1994","0",
"5373","1982","0",
"5374","2000","2.32025022",
"5375","1986","32543.26877979",
"5376","1972","1",
"5377","2014","134037.88325",
"5378","1986","8.73456176",
"5379","2012","178.254",
"5380","2024","1.449239071",
"5381","2023","1.397803",
"5382","2005","3081637.863",
"5383","2009","242.1",
"5384","2021","9312071.8248",
"5385","1995","22.26332325",
"5386","2025","5392351.426055",
"5387","1982","88130406.658801",
"5388","1985","5280.6471",
"5389","1986","649437.16932748",
"5390","2013","390.733",
"5391","1979","174583.9451",
"5392","1989","7917.81579284",
"5393","2023","869.7",
"5394","1977","92920",
"5395","1995","197637.34827908",
"5396","1972","49405751.996194",
"5397","1982","4.17362466",
"5398","1983","88445055.337879",
"5399","2008","1904354.1659",
"5400","1995","4842174.36051",
"5401","1976","2374.72202662",
"5402","2003","5.33",
"5403","2012","2292",
"5404","2005","4.747",
"5405","1972","3920.9570589",
"5406","1988","767158.955",
"5407","2024","694.202728912",
"5408","1986","0",
"5409","1977","282.317",
"5410","2016","646461.10266486",
"5411","2012","56037312.88",
"5412","2010","0",
"5413","1990","23328203.189037",
"5414","2019","1220429.66",
"5415","2012","282696.8957",
"5416","2011","0",
"5417","2018","0",
"5418","1983","40832943.378824",
"5419","2004","4.92",
"5420","2019","166.990843627",
"5421","2012","278.3",
"5422","1981","0",
"5423","2018","2702633.6067548",
"5424","1971","0.123775153",
"5425","2007","12.7732356",
"5426","2006","73267171.944",
"5427","2019","1755.370574",
"5428","1993","0.329805955",
"5429","1995","0.464069869",
"5430","1991","11931397",
"5431","2012","222.91853162",
"5432","1973","12.7495",
"5433","1973","335843.2167",
"5434","2017","403239.66695677",
"5435","2008","54010.120989",
"5436","1999","26896.80935",
"5437","1980","16159.2421023",
"5438","1989","652782082.30196",
"5439","2004","0",
"5440","1978","0",
"5441","1988","0",
"5442","1993","245946.9",
"5443","1999","936.32614436",
"5444","1994","319.627",
"5445","1998","50462156",
"5446","1978","402534982.1848",
"5447","2003","113567897.0229",
"5448","1987","1054.6685059",
"5449","1991","410896475.85889",
"5450","2012","41.5992987",
"5451","1991","878488.5378225",
"5452","2019","1.6593",
"5453","2011","229.060032628",
"5454","2022","0",
"5455","2016","318412335.36954",
"5456","2013","0",
"5457","2014","61375.191630085",
"5458","2004","173181683.52958",
"5459","1998","403466819",
"5460","1976","426005262.92075",
"5461","2017","5694.725",
"5462","1977","0",
"5463","1981","241.97049",
"5464","1987","28.827",
"5465","2012","2.722",
"5466","2000","240.5",
"5467","2014","85933344.71701",
"5468","1994","28540292.375373",
"5469","2023","556.498952",
"5470","2023","4950.932243",
"5471","1985","366.1989",
"5472","1975","26",
"5473","1979","0",
"5474","1999","171261659.1",
"5475","2024","0.72",
"5476","1999","3090.88512235",
"5477","2017","7075.7",
"5478","2005","27385530.675696",
"5479","2017","2",
"5480","2022","6642259.40608",
"5481","1981","13457.39997",
"5482","2005","0.781241826",
"5483","1972","62.78",
"5484","2009","759.57",
"5485","2025","2.39",
"5486","2003","2801.888",
"5487","1982","27.93030061",
"5488","1988","2.387632519",
"5489","2025","0",
"5490","2021","23658055",
"5491","1995","436221645.69012",
"5492","2023","0.024",
"5493","1990","723",
"5494","1998","59376981.920863",
"5495","1981","441.8",
"5496","2023","2195",
"5497","1984","39390220",
"5498","1995","1727.870162811",
"5499","1977","168695214.51",
"5500","2008","25058",
"5501","1988","44543904.952664",
"5502","2010","441265.421",
"5503","1979","10.97495",
"5504","2023","574212.582789",
"5505","2019","36.63",
"5506","2011","337.7368",
"5507","2011","38.849552959",
"5508","1981","20.012901054",
"5509","1982","610",
"5510","1982","2895448",
"5511","1991","347175",
"5512","2025","10844.04014039",
"5513","1987","20358",
"5514","2015","689.780950283",
"5515","2024","0.33",
"5516","1994","27.10562",
"5517","1981","1002.8",
"5518","2021","49927.10079415",
"5519","2019","447881047.20245",
"5520","2002","519822165.28",
"5521","1980","0",
"5522","1979","13.53",
"5523","2018","88850.3209",
"5524","2004","14.748456159",
"5525","1994","1897287.5122566",
"5526","2010","7.74",
"5527","1998","0",
"5528","1987","3520.8",
"5529","2002","38971.3",
"5530","2024","3479.4",
"5531","2003","39641.39076999",
"5532","2015","338005.75070323",
"5533","1976","52742.316072894",
"5534","2007","334122396",
"5535","1994","0.3912",
"5536","2016","2301.56491333",
"5537","2004","486720362.7",
"5538","2014","90643.354896",
"5539","1975","30411854.44",
"5540","1992","294.63",
"5541","2004","771487640.15538",
"5542","1972","75.7",
"5543","1977","3.7",
"5544","1995","12632.086674599",
"5545","1977","178.94213164",
"5546","1997","27",
"5547","1975","247",
"5548","2009","3464908.58376",
"5549","1981","41640161.6",
"5550","1981","175",
"5551","1980","5.469",
"5552","2004","279.250058",
"5553","1985","180.7006784",
"5554","1991","0",
"5555","2001","750416.46549395",
"5556","1990","94386.9",
"5557","2024","0",
"5558","1985","7044411.3",
"5559","1994","17356432.301",
"5560","1971","15082764.4825",
"5561","2024","5521.2233",
"5562","1987","16.63",
"5563","1984","19.02926265",
"5564","2016","0",
"5565","2009","75.6551892",
"5566","2017","10814.8",
"5567","2018","9179.83368191",
"5568","1987","533097.0633",
"5569","2022","1579519.578862",
"5570","2011","0",
"5571","2008","0",
"5572","1972","206101184.14",
"5573","1972","4899893.565118",
"5574","1994","65.933875042",
"5575","1995","1135.052162345",
"5576","2018","36033.00453952",
"5577","1989","74391633",
"5578","1988","8967.943",
"5579","2008","51335116.89",
"5580","2021","227048.085",
"5581","1977","513132552.6659",
"5582","2009","869.45772176",
"5583","1992","1253876.4",
"5584","1995","3142736.93",
"5585","1984","0",
"5586","2012","8813.571",
"5587","1994","121.477",
"5588","1981","1.629823",
"5589","1975","64715153.966361",
"5590","1995","0",
"5591","1977","4.78214",
"5592","1992","638468.14224",
"5593","2007","3182302",
"5594","1983","1.468832",
"5595","2023","3758855.1930018",
"5596","1983","0",
"5597","1991","9.90772474",
"5598","1973","4861902.4719515",
"5599","1977","48722",
"5600","1990","2.27569",
"5601","1982","823388.83164087",
"5602","1983","4.755095",
"5603","2008","19154703.376511",
"5604","1983","3195774.9024211",
"5605","2013","291295.5976288",
"5606","1997","638190.96017161",
"5607","2006","414511.9037094",
"5608","1971","2.70135",
"5609","1971","6776956.3",
"5610","1984","211.518",
"5611","1975","0",
"5612","1989","42632727.55381",
"5613","2003","819752049.40259",
"5614","1997","2301461.96",
"5615","1986","23396832.378945",
"5616","2006","1.02491654",
"5617","2004","745630405.35",
"5618","2010","897543",
"5619","1987","377529028",
"5620","2016","18837913.663119",
"5621","1973","0.081692",
"5622","1981","1621.457",
"5623","2025","12041281.078",
"5624","2009","457497013.767",
"5625","1984","0",
"5626","2020","6946",
"5627","1997","200.9363",
"5628","2024","2542564.536166",
"5629","2013","13724647.278184",
"5630","1977","118528012.1",
"5631","1975","1.9",
"5632","1985","5.36",
"5633","1977","2069.178512",
"5634","1985","287800611.69",
"5635","1985","40125.7",
"5636","1978","73612760.63157",
"5637","2001","1386988",
"5638","1988","355888.320678",
"5639","2000","2927.92",
"5640","1975","0",
"5641","2022","576990474.23611",
"5642","2011","784.4",
"5643","1988","182906242.48729",
"5644","2007","141.531512277",
"5645","2011","579667031.98449",
"5646","2005","0",
"5647","1980","23681.393199737",
"5648","2009","2807141.349688",
"5649","2025","3167242.7659674",
"5650","2019","63588.1189357",
"5651","2010","24798.83284",
"5652","2016","366.1",
"5653","2014","257.20032959",
"5654","2002","422270.94958992",
"5655","1986","2340861.53",
"5656","2018","2800.375305",
"5657","2014","649.07585701",
"5658","2025","0",
"5659","2002","453.840999251",
"5660","1982","8440519.599342",
"5661","1972","5126.397936",
"5662","1996","21079557",
"5663","1999","4266380.6",
"5664","2022","20840.31720528",
"5665","2013","2101.307747793",
"5666","2015","0",
"5667","1974","219208.3",
"5668","1972","55342.7862",
"5669","1992","6120.730501257",
"5670","1992","71759614.803214",
"5671","2002","15904834.8",
"5672","2023","25418.603254",
"5673","1990","762989.78440322",
"5674","2005","1631693.154465",
"5675","2020","56011.76",
"5676","1983","101288282.62",
"5677","1991","21199527.022",
"5678","2013","41779",
"5679","1995","0",
"5680","1985","478.5739129",
"5681","2004","40468.96712",
"5682","2023","4.858",
"5683","1976","32.42306327",
"5684","2017","1854832.58306",
"5685","2014","45229110.714",
"5686","2025","99631578.62811",
"5687","1976","310771.0179397",
"5688","1987","2134122.3",
"5689","2003","33116.1642",
"5690","2004","246.3250357",
"5691","2007","0",
"5692","2009","0",
"5693","2018","0",
"5694","2016","4546.1049719",
"5695","2002","0.81",
"5696","1976","2",
"5697","1995","5814071",
"5698","1990","0",
"5699","2013","0",
"5700","1997","71921.14143516",
"5701","1974","432988.98598283",
"5702","2019","3204166.2955402",
"5703","1988","306840.29757216",
"5704","2007","141364086.346",
"5705","2019","28633574.91",
"5706","2020","6638703.21",
"5707","2008","2654053.033347",
"5708","1982","2.5946778",
"5709","1995","63033",
"5710","1972","47.348",
"5711","1986","0.18",
"5712","2006","0",
"5713","2008","54.6",
"5714","2011","62677",
"5715","2006","1800087.8101501",
"5716","2021","234370797.91558",
"5717","1984","14271046",
"5718","2009","27623.377748",
"5719","1982","18.056235",
"5720","1992","13776623.4423",
"5721","1985","1.9",
"5722","2020","48309.9",
"5723","1993","140665533.3",
"5724","1995","216327697.16",
"5725","1980","258225",
"5726","1972","4663154.79",
"5727","2016","253578.0248",
"5728","1990","532813.82896",
"5729","2023","0",
"5730","2017","5928.320994167",
"5731","1991","273421.6800667",
"5732","2017","770359.1",
"5733","1990","4382.752789",
"5734","1985","76",
"5735","2005","16979",
"5736","1975","547.612086044",
"5737","1993","20.7306463",
"5738","2008","21388.1039",
"5739","1986","35.786370143",
"5740","2023","26340216",
"5741","2006","86968791",
"5742","2023","7488",
"5743","1996","0",
"5744","1975","5232.941497",
"5745","1981","0.7498475",
"5746","1978","143077.4244",
"5747","2003","0.4",
"5748","2016","43.92",
"5749","2019","19.0018",
"5750","1998","104797712.22194",
"5751","1999","0.796431",
"5752","1978","17118187.04",
"5753","1989","2",
"5754","1971","27667629.47847",
"5755","2024","2295770.8163675",
"5756","2020","34720123.98",
"5757","1986","0.64038",
"5758","1987","5.459911",
"5759","2017","2373782.83841",
"5760","1995","145.9567",
"5761","1989","78379.042543",
"5762","1980","0",
"5763","1998","1022464",
"5764","1996","187",
"5765","1978","23758.329152",
"5766","2022","1.0703922",
"5767","2024","0",
"5768","1994","0",
"5769","1972","1050984.2",
"5770","1977","3689.317228694",
"5771","1988","57",
"5772","1979","458.7",
"5773","2007","75614.8097728",
"5774","2024","283.51453",
"5775","1978","51767.255367",
"5776","1982","351.849",
"5777","2004","74940.24",
"5778","2022","1563.55240901",
"5779","1990","64858.4131807",
"5780","2018","0",
"5781","2023","1220645.417",
"5782","1980","0",
"5783","2018","198354380.14391",
"5784","1995","455714555.261",
"5785","2008","8984401.6208936",
"5786","1994","293600666.99976",
"5787","1998","59074093.06",
"5788","1997","130625684",
"5789","2011","0",
"5790","2016","80",
"5791","1983","9608",
"5792","2016","3855041.91",
"5793","1985","306008567.14573",
"5794","2014","474207290.05234",
"5795","2009","188.495072",
"5796","1974","13.090444",
"5797","1988","0.425281",
"5798","2013","140.3",
"5799","1980","2",
"5800","2012","11343.24337056",
"5801","1994","238627003.4",
"5802","1982","623.279",
"5803","1977","552424.9501703",
"5804","1984","587717.04569",
"5805","2006","0.0920008",
"5806","2009","1.89",
"5807","2024","7266.98133955",
"5808","2006","140054.84971",
"5809","1990","4064673.7808",
"5810","1974","141774232.71761",
"5811","2004","7059.01773",
"5812","2004","5551.8976",
"5813","1987","342114952",
"5814","1978","9231.44122426",
"5815","2008","25201.31682",
"5816","1999","247044",
"5817","1980","0",
"5818","1996","304.5058",
"5819","1984","225267.3",
"5820","2010","105.81",
"5821","2008","5.6503154",
"5822","2005","1546.89717619",
"5823","2012","55889830.035951",
"5824","2016","629.246609",
"5825","1979","0.80629",
"5826","1973","4852.99083955",
"5827","2012","666290073.6963",
"5828","1993","157.521250634",
"5829","1988","194.0856264",
"5830","2013","119599.82",
"5831","2022","119036.3904",
"5832","2020","559580.7862961",
"5833","1986","14215579.3",
"5834","1999","70300525.8843",
"5835","1995","1.619",
"5836","2025","71192.5899013",
"5837","1974","421807412.98",
"5838","1971","10693.2103",
"5839","1998","24111200.43",
"5840","2002","7137.85184",
"5841","1987","268683.71",
"5842","2022","30318",
"5843","2008","11.91107144",
"5844","1997","25194911.991",
"5845","2020","1237458.137495",
"5846","2002","0",
"5847","2001","51628.99038",
"5848","2005","215000.8",
"5849","1983","19078721.13",
"5850","1983","0",
"5851","1973","0.554",
"5852","2012","22949.9818",
"5853","2018","12793.6",
"5854","1977","163192.035",
"5855","2021","24151.529735817",
"5856","2024","4887694.78082",
"5857","1997","4816.45",
"5858","2006","65278395.429544",
"5859","1998","0.08",
"5860","2007","143084421",
"5861","2012","0",
"5862","2011","0",
"5863","1971","0",
"5864","2002","526979071.639",
"5865","1970","332634.2671",
"5866","1982","8833666.0109607",
"5867","2019","0",
"5868","1985","65146403.009",
"5869","2016","26.267858",
"5870","1982","59.70602",
"5871","2014","44764.627688",
"5872","1993","2935",
"5873","2012","0",
"5874","2016","264972.13952",
"5875","2016","47545.9336",
"5876","2007","4881.7098",
"5877","2016","88809743",
"5878","2003","0",
"5879","2001","0",
"5880","1973","185011.0079",
"5881","2000","3.33",
"5882","2022","0",
"5883","1996","37.27489",
"5884","2000","163859.2915",
"5885","1979","0",
"5886","2014","52689021.04",
"5887","1989","0",
"5888","1993","91692165.055313",
"5889","1995","3485.0898",
"5890","2017","9.163805757",
"5891","2012","515403.37",
"5892","1999","4583114.645573",
"5893","1984","0",
"5894","2006","328165240.55655",
"5895","2008","76590644.80991",
"5896","1973","308.29223793",
"5897","1983","174620651.955",
"5898","1972","637219125",
"5899","2024","0",
"5900","2019","491286.0931",
"5901","1993","1860547.89",
"5902","2024","0",
"5903","2007","4154295.9473567",
"5904","2011","1.28231226",
"5905","1980","1.28642755",
"5906","1987","18.8",
"5907","1973","85454.756739",
"5908","1981","416.320624",
"5909","1974","61339347.39",
"5910","2008","5936.36408748",
"5911","1981","0.63",
"5912","2009","9.495896545",
"5913","2024","48320.415",
"5914","2001","542.0106098",
"5915","1979","1.4575",
"5916","2019","0",
"5917","1996","0",
"5918","2000","40464530.9756",
"5919","2016","6.4698536",
"5920","1996","4826.44250722",
"5921","1979","52.16",
"5922","2020","297018497.541",
"5923","2016","7",
"5924","1971","1877741",
"5925","1993","51463",
"5926","1985","46523.442595036",
"5927","1972","25343410.274385",
"5928","1970","274416176.5",
"5929","1977","283",
"5930","1990","0",
"5931","1975","44400.4483746",
"5932","2008","5223271",
"5933","1979","631167324.73659",
"5934","1986","2768.11078",
"5935","1980","21064697.40691",
"5936","2003","1112.0518773",
"5937","1990","3.878773807",
"5938","2025","7468",
"5939","1979","49783485.41011",
"5940","1992","33426862.6",
"5941","1990","3648.052121",
"5942","2023","3635.17063425",
"5943","2024","983.00142668",
"5944","2016","4.38",
"5945","1990","18.6738",
"5946","2023","23560",
"5947","1991","25.7790728",
"5948","2002","4053107.8842454",
"5949","1990","25.434724679",
"5950","1996","701593894.13597",
"5951","1971","36.7510394",
"5952","2002","1230.800958",
"5953","2011","0",
"5954","1993","4266651.0980758",
"5955","2000","1897.533782923",
"5956","1990","0",
"5957","2018","265.9",
"5958","1995","164.26277",
"5959","2002","326.308257821",
"5960","2006","0",
"5961","2014","34288.8100312",
"5962","2001","33841.515920669",
"5963","2013","4.22",
"5964","2010","646524280.742",
"5965","2011","0.705971",
"5966","1979","37110496.82425",
"5967","2025","413.93",
"5968","1984","330407157.36801",
"5969","1974","222893.566707",
"5970","1988","0.3059",
"5971","2013","152525506.26553",
"5972","2025","47631347.641",
"5973","1999","434.9649",
"5974","2016","386694.96644066",
"5975","2006","578.45328",
"5976","1984","0",
"5977","1970","6085.0352",
"5978","1998","44237.754552207",
"5979","1982","247648659.63559",
"5980","2002","29402742",
"5981","1985","2.756936",
"5982","1995","26.4",
"5983","1988","12336989.3415",
"5984","2012","311838.17404",
"5985","1980","7245",
"5986","1976","299.904778",
"5987","2012","1793154.3764098",
"5988","2025","86713540.956226",
"5989","1980","5.83",
"5990","2014","725.7065",
"5991","2010","43.9",
"5992","1972","475",
"5993","1975","23332800.464",
"5994","2019","161.51",
"5995","1987","0",
"5996","1976","1347485.1145062",
"5997","2025","0",
"5998","1991","5091.204",
"5999","2006","61930.7985636",
"6000","2011","1349",
"6001","2014","28.42",
"6002","1998","1445.6510315",
"6003","2002","23290112.620933",
"6004","1985","3.574802695",
"6005","2021","34544215.362",
"6006","2003","75837",
"6007","2021","596.90593",
"6008","2010","0.785",
"6009","2008","20.08",
"6010","1973","96.2",
"6011","2000","3346",
"6012","1986","495528",
"6013","1989","12",
"6014","2002","5.50940781",
"6015","1997","6774096.07081",
"6016","2020","886623.94432742",
"6017","1975","0",
"6018","1989","0",
"6019","1978","33616.528",
"6020","1981","5950",
"6021","1976","0",
"6022","2006","64.72",
"6023","2015","5639.09943",
"6024","2002","212388806.68637",
"6025","2016","88.362891004",
"6026","1985","37.681",
"6027","2006","2.51",
"6028","1984","61034533.575807",
"6029","1974","128",
"6030","1970","0",
"6031","2009","0",
"6032","1995","705221597.179",
"6033","2008","0",
"6034","2015","9645.3",
"6035","1995","13555.555499511",
"6036","2022","12788.7787507",
"6037","2001","5.61084",
"6038","1974","76539.25",
"6039","1972","36033876.4373",
"6040","1988","145757",
"6041","2017","144.868",
"6042","2020","2672106.8784",
"6043","2021","944872587.30188",
"6044","2005","9802.22074",
"6045","2010","44.5348",
"6046","1983","5423608.196",
"6047","1976","3034.7953175",
"6048","1992","439510.69",
"6049","1978","14645.935010209",
"6050","2010","181313.29701693",
"6051","2010","775230.79969435",
"6052","1972","448306680.66",
"6053","2002","377945514.333",
"6054","1997","1880.4957629",
"6055","1973","0.88",
"6056","1996","37377.4474698",
"6057","2025","0.90581",
"6058","2002","2825004.075554",
"6059","2022","0",
"6060","2018","513114.97224106",
"6061","1983","34781.1839141",
"6062","2008","248776.933",
"6063","2005","154909546.483",
"6064","2012","19597",
"6065","2001","48840.2360204",
"6066","2017","451799629.56943",
"6067","1974","275.1442",
"6068","1971","338.4",
"6069","1974","57499244.107",
"6070","2006","76931.4845",
"6071","1976","5.916128905",
"6072","2020","0",
"6073","1983","2",
"6074","2000","89167.293",
"6075","2003","444837.32",
"6076","1972","167160354.93",
"6077","1991","115273.431",
"6078","1978","401.797",
"6079","1982","290203439.4",
"6080","1990","11498190.055242",
"6081","1987","2.358",
"6082","1976","121",
"6083","1990","63",
"6084","2021","726886344",
"6085","2007","22714",
"6086","1984","71.11772218",
"6087","1974","497.402183254",
"6088","2007","29639267.62029",
"6089","1974","14.5",
"6090","2007","2825.12329",
"6091","2022","216.199307248",
"6092","2005","0",
"6093","1976","69492.8296",
"6094","1981","6.178",
"6095","2017","1999476.70886",
"6096","1979","296738",
"6097","1976","352776.91495927",
"6098","2007","0.710419518",
"6099","2021","0",
"6100","1990","324.953",
"6101","2022","9",
"6102","1982","59559042.193",
"6103","2013","40026153.741015",
"6104","1974","0",
"6105","2014","267559.335924",
"6106","1977","0",
"6107","2001","19221.7368",
"6108","1974","86425",
"6109","2005","1.38682",
"6110","1997","2.0796701",
"6111","2022","277819643.7",
"6112","2010","1136.969521",
"6113","1997","50.8",
"6114","1978","0",
"6115","1994","37482.37",
"6116","2017","3634879.4985",
"6117","1979","10284.60875765",
"6118","1971","88718.1241",
"6119","2008","528379.1276907",
"6120","1987","1.45172902",
"6121","2019","0",
"6122","2018","0.7454",
"6123","2011","3032.8850739",
"6124","1970","12.2610671",
"6125","2011","192.0165",
"6126","2002","19331264.11",
"6127","2007","23",
"6128","1991","6551990.71",
"6129","1995","378216.05617",
"6130","1995","16179924.033",
"6131","1988","4361955.7881164",
"6132","1986","495393.89",
"6133","1976","3.2013802",
"6134","1990","4031.432580963",
"6135","1991","37111.443807",
"6136","2000","67034.877372",
"6137","2015","8.83774",
"6138","2008","0",
"6139","1988","7981451.9933081",
"6140","1995","23.1042",
"6141","1988","216071.21158021",
"6142","2011","655.352209",
"6143","1990","0.60858863",
"6144","1979","147.287144022",
"6145","2001","0",
"6146","2023","243.47869071",
"6147","1970","557367.872044",
"6148","2013","17361500.315",
"6149","2020","3160531.55643",
"6150","2010","32202.379201866",
"6151","2012","661777.531",
"6152","2011","345264.958741",
"6153","2016","0",
"6154","2011","10692190.778027",
"6155","1971","5481.18",
"6156","1983","70.250096",
"6157","1997","3027663.295",
"6158","1994","1513066.535285",
"6159","1992","137003337.19579",
"6160","1994","22.14048",
"6161","1986","260.886703121",
"6162","2015","28226359.3706",
"6163","1997","15196136.509273",
"6164","1982","0",
"6165","1991","18608.48033207",
"6166","2015","186.067196",
"6167","2012","47180840",
"6168","2011","190.67",
"6169","2005","213517.2480387",
"6170","1980","36.661",
"6171","2001","209448.5072254",
"6172","1999","393104201.32388",
"6173","1970","0",
"6174","1978","285111.07",
"6175","1978","34.807874791",
"6176","2005","6.223",
"6177","2011","24038.16913",
"6178","1994","0.4",
"6179","1986","3622672.7509439",
"6180","1981","5305260.3339143",
"6181","2020","96355654.995851",
"6182","2012","430836.41819",
"6183","1976","1024875.3394",
"6184","1984","8096760.1908398",
"6185","2012","596743.7168485",
"6186","1971","204387.7",
"6187","2013","416392.031009",
"6188","1980","1708553.7378905",
"6189","2009","77.924208",
"6190","1976","6225280.56",
"6191","2020","269552.98090013",
"6192","2022","393049.59322288",
"6193","2007","6872703.7185491",
"6194","1974","4373494.0674768",
"6195","1993","312650.62975323",
"6196","2009","0",
"6197","1976","8583.2867",
"6198","1991","0",
"6199","1997","470295.51",
"6200","1988","5.76",
"6201","1976","119.00793776",
"6202","2017","58755.3592735",
"6203","2002","257.805699379",
"6204","1982","4.6261",
"6205","1989","0.617",
"6206","1978","1360.0996",
"6207","1983","10.138",
"6208","1975","22673974.214",
"6209","2002","294986.121726",
"6210","2006","298.5897582",
"6211","1996","121062657.6",
"6212","1983","80.629482586",
"6213","1974","281006376.90496",
"6214","1971","298789980.07704",
"6215","2016","0",
"6216","1988","601160432.7",
"6217","2013","563.3187",
"6218","2011","34248.3",
"6219","2019","85420051.108562",
"6220","1980","0",
"6221","1999","1",
"6222","1981","0",
"6223","2020","63934472.52225",
"6224","2007","0",
"6225","1990","6232.13",
"6226","2012","324226544.04193",
"6227","1997","17.317",
"6228","2013","478.3475623",
"6229","1988","24.852829",
"6230","1997","2460822.4",
"6231","1999","5.024188",
"6232","1974","28.748068",
"6233","2008","42658492.333",
"6234","1990","0",
"6235","2022","5619525.1835148",
"6236","1995","183434.670038",
"6237","2003","21658970.51247",
"6238","1971","4.1",
"6239","1994","11.13",
"6240","2013","26.46",
"6241","1999","18483.98483789",
"6242","2003","731.919055378",
"6243","1998","35069.309851",
"6244","1986","517.64513",
"6245","2004","6.590605642",
"6246","1986","630619.03668895",
"6247","2025","0",
"6248","1973","25694.7545",
"6249","1992","8305823.1589",
"6250","2025","170058156.1443",
"6251","1986","115",
"6252","1994","410175.1433",
"6253","2021","117.33373611",
"6254","2016","2402652",
"6255","1991","9444709",
"6256","1976","0",
"6257","1976","332370860.09318",
"6258","2001","250055.17902651",
"6259","2017","711525.05",
"6260","1984","430472.24253683",
"6261","1996","396880203.2",
"6262","2002","2.0849171",
"6263","2005","1052676.83",
"6264","1988","5538.5053517",
"6265","2008","493",
"6266","1988","469",
"6267","1975","374625622.4262",
"6268","1981","6892.86",
"6269","1981","15381.47",
"6270","2008","49.6903376",
"6271","1997","227705.632434",
"6272","1970","1405591.132383",
"6273","2013","1.122090323",
"6274","2018","331313915.2452",
"6275","1989","1103.88721",
"6276","2004","31.64968235",
"6277","1972","153",
"6278","2008","218757.97627",
"6279","2011","168985.6",
"6280","2009","0",
"6281","2013","2.2",
"6282","2002","16.5",
"6283","1973","2571.013533",
"6284","1984","51164.8",
"6285","1984","11550.427879",
"6286","1992","11823.213084",
"6287","2010","158.1",
"6288","1992","8825915.49",
"6289","1989","412704886",
"6290","1988","10476.23411085",
"6291","1985","96",
"6292","1972","29745206.676745",
"6293","1998","262736549.4",
"6294","1980","5952.6785597",
"6295","1992","0",
"6296","2013","10624136",
"6297","2002","7.68",
"6298","1976","38586840.41794",
"6299","2001","8636.4655",
"6300","1989","529.086063",
"6301","1990","0",
"6302","2008","2426.5796",
"6303","2020","430444.01420228",
"6304","1991","0.1",
"6305","2009","382498916.4644",
"6306","2016","371.2",
"6307","2002","0.843",
"6308","2008","62.12385",
"6309","2000","1025830",
"6310","2022","795044341.65",
"6311","2007","0",
"6312","2012","6.734",
"6313","2016","92.7862643",
"6314","1972","18.44489",
"6315","1976","0",
"6316","2003","453.321045",
"6317","1973","39073.82464122",
"6318","1995","11.90432863",
"6319","2020","286.87529",
"6320","1993","396767.718",
"6321","2001","144125446",
"6322","1991","16473557.51314",
"6323","1977","698016641.86",
"6324","2012","2.43220711",
"6325","2007","31586.6",
"6326","2007","6689.021759408",
"6327","1997","678.8495",
"6328","2023","53.26",
"6329","2023","6.12837",
"6330","1981","79.17",
"6331","2022","9667700.243671",
"6332","2008","51.56",
"6333","2023","1642.9722",
"6334","2007","45049603.799",
"6335","1996","97.2244912",
"6336","1976","13375278.455955",
"6337","1993","9656118",
"6338","1979","0",
"6339","1999","35",
"6340","1987","1859191.2091305",
"6341","2020","357.4252059",
"6342","1988","15482529.120416",
"6343","2000","696.84",
"6344","2019","2",
"6345","2020","7.792",
"6346","2014","259961.32272101",
"6347","1977","7.39146622",
"6348","2010","131053485.3851",
"6349","2025","3043.01075496",
"6350","1994","732.3",
"6351","2013","54.6",
"6352","1979","2.2595",
"6353","2003","79.7624276",
"6354","2002","69640690.236432",
"6355","1990","1843447.4323",
"6356","2013","2.73111",
"6357","2003","123.153981",
"6358","2006","0",
"6359","2006","437.458449",
"6360","1988","16.03366",
"6361","1992","64544096.2",
"6362","2021","0",
"6363","1989","483465",
"6364","1992","432290029",
"6365","1993","58021149.926881",
"6366","1973","3319866.25916",
"6367","2022","418.33914372",
"6368","2009","78.52",
"6369","2000","575747",
"6370","1992","472.745",
"6371","1996","166790306.87852",
"6372","1982","30770511.446479",
"6373","2002","500906397",
"6374","2015","50258.40009",
"6375","2006","0",
"6376","1972","10066.290939",
"6377","2015","194.2885807",
"6378","2010","1459.8",
"6379","2016","22608457.55",
"6380","1992","38646481",
"6381","1977","0.9214521",
"6382","2012","2353095.7269022",
"6383","1970","2.23677014",
"6384","2015","1626033.5127",
"6385","1992","30.0019",
"6386","2023","67.355",
"6387","1981","549384.42858611",
"6388","1996","0",
"6389","1974","359.5775151",
"6390","1994","522800465.0107",
"6391","2020","360148198",
"6392","1972","5.821",
"6393","1984","5931",
"6394","1973","1321549",
"6395","2004","217558",
"6396","1988","1.2222307",
"6397","1988","477797048.0553",
"6398","2025","2.23704279",
"6399","2025","240.51",
"6400","1990","15315624.9822",
"6401","2006","124451.0750634",
"6402","2014","64630.987",
"6403","2020","74.2122055",
"6404","1996","4.8",
"6405","1973","513.24117435",
"6406","2019","17.75048",
"6407","1995","0",
"6408","2013","66.93",
"6409","1995","7689920.5988",
"6410","2003","4.84181",
"6411","1989","1391.6449359",
"6412","2011","0",
"6413","2004","319.91009172",
"6414","2021","23",
"6415","1979","472957.86",
"6416","1973","1.043",
"6417","1976","14.752825",
"6418","1989","1498.4",
"6419","1980","2.9931868",
"6420","2024","3194.1",
"6421","1995","534530235",
"6422","2021","34171536.93",
"6423","2005","1.10336526",
"6424","2022","38537753.20944",
"6425","2022","27568.80536",
"6426","1970","304.1952",
"6427","1991","390.783",
"6428","2006","1.148",
"6429","1991","0",
"6430","1983","428.57",
"6431","1988","3.203",
"6432","1976","955463.0340383",
"6433","1978","0",
"6434","2023","27735311.712",
"6435","1973","10572",
"6436","1979","0",
"6437","1993","2659.3",
"6438","1983","44586101.59758",
"6439","2017","7060692.8276",
"6440","1984","121187.9",
"6441","2001","366352.92900252",
"6442","2022","0",
"6443","1989","3134.8117",
"6444","1981","726.18363",
"6445","1976","51605972.329441",
"6446","2011","14.16863793",
"6447","2011","1794.884",
"6448","1995","2301.9",
"6449","1999","2.11509",
"6450","2002","479712055.8357",
"6451","1973","34750.27861814",
"6452","2022","60.2288418",
"6453","1972","193.891455",
"6454","1997","13315948.2",
"6455","2008","22149605.82368",
"6456","1973","22.55922",
"6457","1997","625",
"6458","2002","543.94109197",
"6459","2012","26644.26",
"6460","2011","34979.79759467",
"6461","2014","3656.24015232",
"6462","1998","31475.2",
"6463","1973","785603.72431",
"6464","2015","34432.3",
"6465","1991","497.53632",
"6466","1981","0",
"6467","2022","252.4",
"6468","2000","0",
"6469","1982","1124.55",
"6470","2025","9652.532",
"6471","2023","30.81476186",
"6472","1994","2.322045",
"6473","2016","0",
"6474","2000","5722.56770862",
"6475","1985","0",
"6476","2010","17.657",
"6477","1972","8.97",
"6478","2000","19220.9258",
"6479","1985","20241.557043158",
"6480","1981","0",
"6481","1993","1598129.94",
"6482","1993","2113280.617787",
"6483","2012","38523.6076",
"6484","2017","0",
"6485","1976","12.56",
"6486","2009","3883070.190108",
"6487","2023","2196411.78",
"6488","2009","327653.6",
"6489","2001","0",
"6490","1972","17664.517",
"6491","2005","43935983.310527",
"6492","2017","0.96",
"6493","2013","0",
"6494","2008","20225508.1",
"6495","2014","0",
"6496","2021","7580.63993",
"6497","2001","73304.62855",
"6498","2010","22.15557076",
"6499","1992","39343.26835",
"6500","2025","69.4749",
"6501","2018","3836752.532293",
"6502","1999","388082.492",
"6503","2001","1857.919303925",
"6504","2009","363.02",
"6505","2023","219647299.381",
"6506","2019","0",
"6507","1992","16216880.393",
"6508","1982","618945.42629",
"6509","2016","0.302867042",
"6510","1983","15824845.67",
"6511","2012","4324.01928622",
"6512","2012","5429.914845187",
"6513","2017","2850.931",
"6514","2016","111379115.67",
"6515","1992","1.6527123",
"6516","2020","0",
"6517","1981","222457.2880704",
"6518","1975","6581242.1223464",
"6519","1981","64665.2871107",
"6520","2007","226",
"6521","2007","29267229.7",
"6522","1986","13620.1736",
"6523","2013","66335013",
"6524","2004","173.57",
"6525","2001","499.62578",
"6526","2009","0.8",
"6527","1977","174.06",
"6528","2018","0",
"6529","1975","458.279",
"6530","1994","11546830.86581",
"6531","1978","5880.8755",
"6532","1997","409.7143855",
"6533","1999","0",
"6534","1981","1086234.886",
"6535","2000","38504.2023",
"6536","1992","185.436231811",
"6537","2018","0",
"6538","2010","2.4657488",
"6539","2006","169696.77",
"6540","2019","36888.534825469",
"6541","2013","3004.6496231",
"6542","1989","1.17",
"6543","2025","53.5541111",
"6544","1991","184.050422912",
"6545","2023","22678.593496946",
"6546","1989","0.283",
"6547","2013","525.150503",
"6548","2010","0",
"6549","2001","406742.262",
"6550","2020","10.8745",
"6551","2020","6339.881",
"6552","2003","2882.25343",
"6553","1973","444044.58",
"6554","2006","1051598",
"6555","1971","1702.63463392",
"6556","1980","45.29",
"6557","1978","104485.08",
"6558","1976","37.241541",
"6559","2024","11613.55",
"6560","2008","35.0412906",
"6561","2021","6.84837",
"6562","1996","266258.2",
"6563","1983","0",
"6564","2017","3.023771608",
"6565","2011","7744.475906",
"6566","1974","862.3894",
"6567","2010","203.9071",
"6568","2008","37.4893",
"6569","1984","3102661.6",
"6570","1991","244.5822",
"6571","1981","422.72161475",
"6572","1991","1006",
"6573","1975","8.54",
"6574","1974","0",
"6575","1994","363.07010378",
"6576","1998","475.781305805",
"6577","2018","1120158.8",
"6578","2016","2118",
"6579","2014","413143697.6429",
"6580","1976","712140336.3231",
"6581","1975","9495918.4994828",
"6582","1976","5.289",
"6583","1999","33691.33785498",
"6584","2021","1626",
"6585","2012","690.54030529",
"6586","1980","0",
"6587","1997","13828499.5",
"6588","1974","1.78463458",
"6589","2010","59016",
"6590","1978","0.28188",
"6591","2020","596724581.538",
"6592","2006","5470.1118",
"6593","1991","86097774.799",
"6594","1975","404342.135",
"6595","2010","7015415.446388",
"6596","2005","0",
"6597","2011","18345.1091",
"6598","1988","0",
"6599","1971","2541560.536",
"6600","1973","1073.7207",
"6601","2007","230368.085",
"6602","2012","6.8605705",
"6603","2025","114.47492",
"6604","2019","182909461.82103",
"6605","2010","12647157.126626",
"6606","1989","792741790.70174",
"6607","2004","22287.59311478",
"6608","2023","245310.594684",
"6609","2007","4.3",
"6610","1981","483.4590149",
"6611","1990","262525",
"6612","1975","0.110915",
"6613","2016","121026.7",
"6614","2018","686.833",
"6615","1976","12975591.4",
"6616","2021","2.03",
"6617","1978","24903.68358682",
"6618","1979","31607144.347966",
"6619","1988","127.3",
"6620","2010","6334.29819",
"6621","1983","19523.125",
"6622","1988","3912750",
"6623","1998","11600",
"6624","1974","837",
"6625","2012","393398.487",
"6626","1983","3.7572",
"6627","1992","183871646",
"6628","1975","244.8",
"6629","1992","234573.32",
"6630","1972","9519403.99329",
"6631","2011","3827523.69",
"6632","1970","1.644",
"6633","2017","113329.6645",
"6634","1995","5.08451",
"6635","2006","671648.1018",
"6636","1998","759556043.4914",
"6637","1976","675.2749518",
"6638","1977","16698.386682",
"6639","2007","24401.08664378",
"6640","2001","10.638",
"6641","2009","47006.18",
"6642","1997","0",
"6643","1976","36186845.9",
"6644","1989","18563353.346268",
"6645","2018","18637.47352546",
"6646","2015","129343.7804",
"6647","1996","0",
"6648","1986","548.463",
"6649","2005","28419.8",
"6650","1992","0.39157",
"6651","2005","26910.057079",
"6652","1983","15.33658",
"6653","1990","1741698.191",
"6654","2019","273657.86",
"6655","2014","17238865.15",
"6656","2022","1971067.3367",
"6657","1973","17156.79171624",
"6658","2008","2.33621563",
"6659","2006","23.1407",
"6660","1976","0.90143369",
"6661","1991","14914323.7",
"6662","1977","0",
"6663","2019","298712.256",
"6664","2007","4.529345",
"6665","2005","2870835.3",
"6666","2009","458246.55",
"6667","2019","1302808.4411071",
"6668","1983","223641.96",
"6669","1977","0",
"6670","1972","706874.43334197",
"6671","1995","128713942.76984",
"6672","1971","3182058.051",
"6673","1988","6467614.3780514",
"6674","2006","3022373.9418511",
"6675","1991","41.908109774",
"6676","2000","3.6886",
"6677","2021","449642.19",
"6678","1994","0.67132078",
"6679","1998","583.0371",
"6680","2006","60598020.815505",
"6681","1979","5641.9",
"6682","2024","5055.9684537",
"6683","1983","0",
"6684","1972","0",
"6685","2020","1658466.3325032",
"6686","2018","38253643.123328",
"6687","1980","890784",
"6688","2006","7132513.3597516",
"6689","2015","58",
"6690","1993","1482585",
"6691","1993","4.9",
"6692","2011","614398656.81",
"6693","1987","9237.6701",
"6694","1973","63566918",
"6695","1979","1062630.738",
"6696","2023","2",
"6697","2014","11150748.124727",
"6698","1993","30655358.98965",
"6699","2006","0",
"6700","1990","101435.67109145",
"6701","2016","2.7",
"6702","1997","277809728.95469",
"6703","1992","392.0369941",
"6704","1983","54.221570763",
"6705","2001","701422199.88708",
"6706","1991","116358.928",
"6707","2016","185450.1",
"6708","2011","5370.48716",
"6709","1973","228.9494992",
"6710","1975","0",
"6711","1971","0",
"6712","1990","1539929.928",
"6713","1989","44463271.99",
"6714","1981","575136.6573",
"6715","1981","2.657625",
"6716","1997","25596.7196",
"6717","1979","0",
"6718","1996","220027062.30607",
"6719","2014","13.04917901",
"6720","2009","5.2387937",
"6721","2023","42.785481",
"6722","2007","1402.875",
"6723","2007","776446.91436824",
"6724","2025","6522872.6",
"6725","2011","10.505",
"6726","1994","3981900.3497847",
"6727","2007","70335865.45235",
"6728","2023","375214.865547",
"6729","1990","166022.22",
"6730","2005","35.275594802",
"6731","2019","895936.777",
"6732","2023","59422876",
"6733","2000","4441.83915671",
"6734","2014","46122429.229934",
"6735","1985","2526582.9168985",
"6736","1985","4418626.8309",
"6737","2009","1921794",
"6738","1982","46643",
"6739","2017","3.1627",
"6740","1984","1212",
"6741","2022","63.74771764",
"6742","1998","900.241889126",
"6743","1989","4543.55",
"6744","2024","0",
"6745","2013","8192.354",
"6746","2016","12246.4947136",
"6747","1995","742051.7",
"6748","2009","0",
"6749","1974","29072522.601734",
"6750","2025","4.44397",
"6751","1999","0",
"6752","2014","209739884",
"6753","2004","131753",
"6754","1999","15509.835",
"6755","1979","638.30504",
"6756","1973","0",
"6757","1977","547931343.3",
"6758","1990","205.56145",
"6759","2023","86367.85",
"6760","1987","203576970.48779",
"6761","2022","2.2261",
"6762","1974","0",
"6763","1983","3346.48317152",
"6764","2007","7192.887557221",
"6765","1986","25347.309",
"6766","2003","187557557.13179",
"6767","2013","0",
"6768","1987","195171.612",
"6769","1979","0",
"6770","1980","2407.6",
"6771","2010","3720.4",
"6772","1986","89565831",
"6773","1985","118019.13",
"6774","1990","3933",
"6775","2014","237.2316",
"6776","2014","1.197308017",
"6777","2014","11.12927004",
"6778","1993","5.2",
"6779","2019","0",
"6780","1983","23",
"6781","1989","6.126457444",
"6782","2015","11473.148729",
"6783","2014","479898805.37491",
"6784","1979","754481.586",
"6785","1989","6.0407601",
"6786","2013","3766051.085623",
"6787","1974","0",
"6788","1974","2.832",
"6789","1983","5820686.54406",
"6790","2020","35.26897236",
"6791","2014","1798761.28",
"6792","2024","42198.12892078",
"6793","1975","10445440.223056",
"6794","1991","7990971.63",
"6795","1974","44167.3903",
"6796","1974","239435034.76",
"6797","1976","341703970.87",
"6798","1979","32.1",
"6799","1997","257626.43419099",
"6800","2019","181",
"6801","2020","344972517.22545",
"6802","2010","44.43",
"6803","1977","229277.21",
"6804","1993","1760",
"6805","1996","43.492222176",
"6806","2022","39415.141465",
"6807","1996","29422.829",
"6808","1979","336802.6",
"6809","1989","81307.81504",
"6810","1995","4.09",
"6811","1973","26.265",
"6812","2005","5759773.5015056",
"6813","1984","0",
"6814","2004","6.6471941",
"6815","1995","69758013.600866",
"6816","2007","70.388368",
"6817","2025","3853.717960122",
"6818","1986","315548.60712",
"6819","2015","2129661.3349317",
"6820","2005","0",
"6821","1995","1560.4",
"6822","1989","16878.413741",
"6823","1979","5",
"6824","1994","881.55514881",
"6825","2022","0",
"6826","2023","0",
"6827","2016","37124.77898",
"6828","1994","0.23609",
"6829","1970","458334584.8827",
"6830","1981","14.2420203",
"6831","2008","318042.4",
"6832","2014","284559.7",
"6833","1971","88143335.939768",
"6834","2016","1728005.3868",
"6835","2025","89.69244",
"6836","1995","2143.111146",
"6837","1993","204.01076237",
"6838","1982","5789.596347361",
"6839","1983","78952476.5",
"6840","2025","564726.20016054",
"6841","1974","572.00169",
"6842","1984","215.67911903",
"6843","2016","44990817.51",
"6844","2023","280.372444",
"6845","1980","12653701.286305",
"6846","1996","37091.48298",
"6847","2009","137.6672",
"6848","2009","591.32047791",
"6849","1997","17.03587",
"6850","1970","2469291.31519",
"6851","1972","194437.997",
"6852","2025","4.9462",
"6853","2001","678920529.32782",
"6854","1979","34365876.52448",
"6855","2008","0.27594",
"6856","1978","31073377.8615",
"6857","2020","34457997",
"6858","2000","281714.7796",
"6859","2017","607554.038",
"6860","1996","181302641.60817",
"6861","1983","416.1",
"6862","2001","30.983486",
"6863","1993","48696801.6",
"6864","1991","6.92",
"6865","2013","371536.47976288",
"6866","1978","442.91381377",
"6867","1989","771226275.4256",
"6868","2000","16128",
"6869","2013","949.384",
"6870","1990","275.479",
"6871","2020","0.252",
"6872","2017","52712.88512533",
"6873","2006","136321588.956",
"6874","2008","62970.38276",
"6875","2014","249",
"6876","1978","43.34",
"6877","1994","32682.10107551",
"6878","2001","0",
"6879","1973","3.252",
"6880","2008","114852131.7232",
"6881","1986","1039709.772",
"6882","1991","5.74509",
"6883","2002","36288117.178",
"6884","1983","124278795.1027",
"6885","1982","217522.13017001",
"6886","1972","124431.6584",
"6887","1980","11.264887",
"6888","1985","65.537111",
"6889","1984","7129.4",
"6890","1988","1.866",
"6891","1983","229.28938",
"6892","1991","2666.59727921",
"6893","1980","3.0828",
"6894","1992","136486179.2829",
"6895","2013","0.7",
"6896","1997","1307.8833",
"6897","1987","2095739.0746848",
"6898","2011","10.2",
"6899","2009","39592.65",
"6900","2008","4581.61",
"6901","1972","19908393",
"6902","1993","0",
"6903","1978","0",
"6904","1987","8.95361",
"6905","2004","7478.78303988",
"6906","2005","2106.17685693",
"6907","1985","39096.224",
"6908","1975","2420.22608",
"6909","2025","918857.2688448",
"6910","1983","11.288573",
"6911","1971","125229.2",
"6912","2020","27468.29",
"6913","2022","0",
"6914","2018","2389269",
"6915","2002","282",
"6916","1978","83.31",
"6917","2006","615",
"6918","1971","0",
"6919","2016","13260.25",
"6920","2004","0",
"6921","1995","0",
"6922","1993","939",
"6923","2004","289.045",
"6924","1992","36775915.9",
"6925","2021","48.9951",
"6926","2001","223125.71234482",
"6927","1980","3.04",
"6928","1996","45588160.5745",
"6929","1974","65756",
"6930","2003","395202124.26522",
"6931","1990","198.81636",
"6932","2017","9122343.3216568",
"6933","1996","96362548.4097",
"6934","1994","4.2",
"6935","2004","701747.32",
"6936","2003","32.9",
"6937","1975","8.472245213",
"6938","1984","0",
"6939","1999","0",
"6940","2023","31937",
"6941","2010","0.43104",
"6942","2024","0.61",
"6943","1991","53212.200741382",
"6944","2019","0",
"6945","1977","1337553.2416249",
"6946","2016","114506001.38699",
"6947","1995","27329378.56",
"6948","2007","0",
"6949","1993","678.6522",
"6950","1974","41741837.601",
"6951","1977","685566.8633903",
"6952","2015","17135678.81362",
"6953","2013","177888",
"6954","2021","301826.14",
"6955","2014","43.67",
"6956","2003","563358167.35005",
"6957","2018","2.78",
"6958","1971","68510.13",
"6959","2015","1869.29",
"6960","2020","257577563.96744",
"6961","2023","13672349.209927",
"6962","2008","1.8428066",
"6963","2024","399.36",
"6964","2000","96502530.92",
"6965","2003","527742090.916",
"6966","2021","140334.32",
"6967","1976","4",
"6968","2006","5.99310701",
"6969","2014","33535914",
"6970","2020","19.128",
"6971","1976","188217.51791228",
"6972","1970","47.342689",
"6973","2010","38434.67223",
"6974","2022","52287992.71086",
"6975","2009","1450.4479",
"6976","1988","1",
"6977","1988","18.19337",
"6978","1973","69842.0408",
"6979","1993","75467.988",
"6980","1975","0",
"6981","2020","15907.574",
"6982","1974","836.729",
"6983","1979","6298571.278179",
"6984","2004","4240021.5",
"6985","1977","228506.3627",
"6986","1975","4825642.6",
"6987","1986","6940.606275",
"6988","1979","15518187.385247",
"6989","1972","1.33",
"6990","2018","62406996.079128",
"6991","2013","1.114",
"6992","1982","49.33044",
"6993","2005","0.13654138",
"6994","1987","30.8132644",
"6995","2025","111.55613",
"6996","2007","354120.42",
"6997","1998","2155",
"6998","2011","2333810.4",
"6999","2003","1.497067",
"7000","2012","1437.89207",
"7001","1981","4.7540864",
"7002","2019","91.1766569",
"7003","2008","0",
"7004","1986","4785097.8579004",
"7005","2004","2626074.955",
"7006","2016","0.07192",
"7007","1971","37.96",
"7008","2000","133032.4",
"7009","2023","2292.1497",
"7010","2008","27.699586797",
"7011","2020","1.441600668",
"7012","1985","3726542.1163",
"7013","1998","360972.30882105",
"7014","1993","4554940.582",
"7015","2022","1948784.8",
"7016","1985","1628884.2387862",
"7017","2022","450729623.755",
"7018","1987","257540.966054",
"7019","2023","1.801226",
"7020","1985","2000241.3",
"7021","2022","15179.84813",
"7022","2001","186.6856789",
"7023","2002","1524.837",
"7024","2013","0",
"7025","2001","5445263.3020989",
"7026","1977","1413484.039",
"7027","1980","252705.42051113",
"7028","1991","1163.575",
"7029","2019","676891.3524709",
"7030","2009","27.9777",
"7031","1985","0",
"7032","2000","3696.682634",
"7033","1979","0",
"7034","2000","2811.5205",
"7035","2010","2329461.9",
"7036","1990","252.5103",
"7037","1993","11457.59877897",
"7038","1985","0",
"7039","2006","186065.4417161",
"7040","2004","4487",
"7041","2012","0",
"7042","2011","95.8",
"7043","1987","3709.912885",
"7044","2019","367.58318",
"7045","2010","1353231.4596853",
"7046","2015","72086.460995068",
"7047","1983","14230.2754",
"7048","1991","41.630171",
"7049","1975","2494079.9408068",
"7050","1999","0.3",
"7051","1978","32632434.948342",
"7052","2005","349",
"7053","2007","2315506.5529544",
"7054","1992","90710988.584",
"7055","2012","299.12053",
"7056","2000","253.16544",
"7057","1991","2",
"7058","1991","0",
"7059","1972","747419.215",
"7060","1996","1513.107",
"7061","1976","1.42105",
"7062","1975","7544.93016438",
"7063","1970","181686.3315681",
"7064","2012","53.629961492",
"7065","2001","0",
"7066","1972","28.4",
"7067","2020","118.65905",
"7068","2015","0",
"7069","1995","44427116.177",
"7070","1971","132.97",
"7071","1995","59.5034",
"7072","1995","6.72425",
"7073","1985","10299.055",
"7074","2005","0",
"7075","2006","102.016974",
"7076","2012","1440",
"7077","1973","30.40898735",
"7078","1973","470.25",
"7079","1975","8.67742",
"7080","2010","46673.8371",
"7081","1999","16.041675448",
"7082","2022","469",
"7083","1995","303.6065137",
"7084","2008","248409.650705",
"7085","1982","0",
"7086","1974","89757307",
"7087","1986","10.66422546",
"7088","2000","90434.881518692",
"7089","1980","1003291",
"7090","1995","6113.85885346",
"7091","2001","2405744.3546658",
"7092","1973","1.911",
"7093","1999","248058.677196",
"7094","1980","266960.6",
"7095","2014","21",
"7096","2023","27953407.71992",
"7097","1972","7.6799843",
"7098","1973","15567.266887",
"7099","2024","35409310.7347",
"7100","1989","2.664",
"7101","2021","61.140667",
"7102","2006","2.16623592",
"7103","1973","2201198",
"7104","1973","731610",
"7105","1971","87.8744831",
"7106","1994","11447357.57291",
"7107","2019","652",
"7108","2015","2.8532",
"7109","1979","0",
"7110","2022","0",
"7111","1981","0",
"7112","2000","1.465786785",
"7113","2013","149209.9518371",
"7114","1996","0",
"7115","2021","0",
"7116","1980","67395.5007284",
"7117","1995","2.5507906",
"7118","2008","549.004235",
"7119","1996","19352522.0369",
"7120","1989","9893.2",
"7121","1995","9390584.108",
"7122","1984","230690.8521",
"7123","1982","0",
"7124","2001","54.4568",
"7125","1984","5.638",
"7126","2025","3964.073",
"7127","1988","348.78434",
"7128","1996","0.72499347",
"7129","1993","425",
"7130","1973","6.21961225",
"7131","1976","65824354.5629",
"7132","1975","2.681207727",
"7133","1997","107588.0854",
"7134","1973","3862.5008",
"7135","1982","81484.7909368",
"7136","2016","2427931.5172364",
"7137","1988","286.0018884",
"7138","2014","67762626.634",
"7139","1978","9381568.799109",
"7140","2008","0",
"7141","1982","2802.27",
"7142","2001","235.863167",
"7143","2009","2.0548768",
"7144","1984","0",
"7145","2019","48342.97851",
"7146","2000","3476781.61879",
"7147","1985","1.483",
"7148","1991","45087462.9284",
"7149","2004","1448218.49",
"7150","1972","23991315.03965",
"7151","2005","0.267303",
"7152","2003","2753.54696",
"7153","1980","26.7191375",
"7154","2025","581189879.8",
"7155","2023","2084",
"7156","1984","4809.624277917",
"7157","2004","3.971",
"7158","1974","814.61",
"7159","1975","0",
"7160","1998","183055326.81346",
"7161","1973","2590.656",
"7162","1974","401.33",
"7163","1998","73.4397979",
"7164","1973","165526.3711207",
"7165","1993","0",
"7166","1982","266.28037",
"7167","1995","45.33851758",
"7168","2003","53775593.593085",
"7169","2000","28834894.02",
"7170","1971","0.99905509",
"7171","1982","35659189",
"7172","2004","4547361.5676733",
"7173","1980","5",
"7174","1985","102.63056479",
"7175","2008","13626.9",
"7176","2018","0",
"7177","1990","3772.5522",
"7178","1992","42",
"7179","1995","651218.97104144",
"7180","2022","3937.499",
"7181","2003","5432.134789",
"7182","2001","215579179.37703",
"7183","2024","2146818.16395",
"7184","1996","79892989.229551",
"7185","2009","529349.460883",
"7186","1990","368269.48670498",
"7187","1999","0",
"7188","2012","74072.000359558",
"7189","1986","0",
"7190","1971","73059.72",
"7191","1974","0",
"7192","2018","43772492.718178",
"7193","2024","2327148.6107931",
"7194","1980","3.618512665",
"7195","1983","128.7599484",
"7196","1988","5.57753487",
"7197","2022","85715.25995154",
"7198","2004","215405.99812126",
"7199","1991","28.5595",
"7200","2017","24516.176",
"7201","2019","76709520",
"7202","1997","4551636.61",
"7203","1977","221.2779916",
"7204","1988","3536.402829",
"7205","1971","20",
"7206","1980","2.60832453",
"7207","2011","325.107990822",
"7208","1977","0",
"7209","1991","9213.696576272",
"7210","1987","1096.31618",
"7211","1987","122.87",
"7212","2012","40",
"7213","1997","7991.204634",
"7214","2006","117.97925",
"7215","2022","6037606.3042",
"7216","1981","349.17365",
"7217","1970","2061.1",
"7218","1978","77791320.5",
"7219","2012","0",
"7220","1987","10.52540192",
"7221","2019","81685.9915531",
"7222","2010","19820.05107",
"7223","1999","0",
"7224","1974","27",
"7225","1981","639995685.02896",
"7226","1995","444031990.4",
"7227","1979","2504186.225",
"7228","1988","0",
"7229","2002","2656191.04136",
"7230","1984","53690.79",
"7231","1988","0",
"7232","1998","8.611373",
"7233","2007","281.195821",
"7234","2006","6",
"7235","1986","42.389660283",
"7236","2010","0",
"7237","2024","0",
"7238","2003","47.0125",
"7239","1993","63213.65",
"7240","1995","626903331.12",
"7241","1984","201429.87366543",
"7242","2007","313638",
"7243","1981","397.73",
"7244","1973","41.5291471",
"7245","2016","295655.9",
"7246","1971","189363.15",
"7247","1983","0.61",
"7248","1999","499166.1254409",
"7249","1987","414.72132401",
"7250","2025","266.42",
"7251","2012","7348801.265",
"7252","1993","46.3995544",
"7253","2020","0",
"7254","1992","19.0660496",
"7255","1986","17.8369",
"7256","2008","0",
"7257","2001","4.400091",
"7258","2024","4.8868497",
"7259","1983","3409819.6300864",
"7260","1987","175683.8636094",
"7261","2006","196.839",
"7262","2004","440551899.08706",
"7263","1997","2527",
"7264","2013","3171.18774",
"7265","2000","3375472.7196",
"7266","2014","0",
"7267","1973","32474.2412",
"7268","2015","24752.703",
"7269","2010","16287354.76",
"7270","2025","989.410098",
"7271","2021","0",
"7272","2015","27734532.1",
"7273","1982","1.8852669",
"7274","2002","191071.1893779",
"7275","2000","601579.5",
"7276","1996","0",
"7277","2006","427452.3436981",
"7278","2010","34.1734922",
"7279","1995","42154.8557",
"7280","2021","4405.1593",
"7281","2020","2706310.865719",
"7282","2014","19134.43",
"7283","2014","0",
"7284","2005","0",
"7285","1971","0",
"7286","1991","2.54601879",
"7287","2024","0",
"7288","1991","33892175.3",
"7289","2009","1678.47",
"7290","1971","436288696.00584",
"7291","2003","7.543788178",
"7292","1989","1244523.2903969",
"7293","2022","248600.521",
"7294","1999","0",
"7295","1985","50669320",
"7296","2000","10670.7662847",
"7297","2012","9988667.102",
"7298","2009","7.9997271",
"7299","2004","0",
"7300","2012","1646.1",
"7301","1983","879.677806277",
"7302","1981","6527111.1694324",
"7303","2003","2624853.35409",
"7304","1976","309083413.92085",
"7305","1998","1.8070838",
"7306","1995","46835.599",
"7307","1972","2.347257277",
"7308","2006","41",
"7309","1983","3762089.966414",
"7310","2000","710891.65834575",
"7311","2003","385.5009",
"7312","2003","64125.92569",
"7313","1987","27184.5618228",
"7314","1989","198571126.336",
"7315","1998","532289883.042",
"7316","2005","2079113.078",
"7317","1978","27852615.9",
"7318","2009","1128862.664",
"7319","2017","7439606",
"7320","1997","6428.899",
"7321","1998","387.719",
"7322","1973","3868.85",
"7323","1996","8.23626269",
"7324","2006","1002.708",
"7325","2006","2854.7038547",
"7326","1971","11573.256982916",
"7327","2005","32638.80433249",
"7328","1988","224299986.7",
"7329","2004","52.86407652",
"7330","1991","628040.98360227",
"7331","2005","1160470.4696288",
"7332","2005","558049.26",
"7333","1971","113.26548212",
"7334","1977","28686437",
"7335","2008","15.3",
"7336","2021","30124.5791101",
"7337","1994","0",
"7338","2017","204.01629",
"7339","2006","2676702.6038612",
"7340","1978","116842.19281",
"7341","1987","32619851.416",
"7342","2004","0",
"7343","1981","5589.4",
"7344","2018","11017543.689816",
"7345","2007","0.078049469",
"7346","1973","0.963818",
"7347","2024","14386.45033",
"7348","2017","917.9",
"7349","2021","3.6",
"7350","1990","453.764",
"7351","2004","0",
"7352","2022","14.913785368",
"7353","2025","0.54314373",
"7354","1994","215867600.76",
"7355","1970","442397239.5",
"7356","1998","0",
"7357","1995","3079.12859",
"7358","2013","187196",
"7359","2021","6456.52538",
"7360","1986","64387376.0032",
"7361","2009","501.65385",
"7362","2003","543757068",
"7363","1975","39601.836531081",
"7364","1993","76719.537131422",
"7365","2012","16686.446507651",
"7366","1975","26.59566",
"7367","1994","3571.8146",
"7368","2016","2001.592",
"7369","1990","210701466.3",
"7370","2005","23.99",
"7371","1999","0",
"7372","1990","0",
"7373","1982","2852",
"7374","1990","192430675.41195",
"7375","2005","8144.80141",
"7376","2016","520754.263",
"7377","1996","25780.7617374",
"7378","1982","1388744.2176363",
"7379","2009","58.8549768",
"7380","2013","0",
"7381","2009","0",
"7382","2015","581541.59",
"7383","1984","345",
"7384","2006","320216.8835848",
"7385","1985","2361479.62",
"7386","2002","999.54975",
"7387","1970","17525",
"7388","2011","44.962",
"7389","2011","5346152.126",
"7390","1993","1.1658031",
"7391","2010","8017804.2500081",
"7392","1994","58324.46708836",
"7393","2015","0",
"7394","2008","367.2139",
"7395","2015","0.3061",
"7396","2011","131.96711",
"7397","1984","232.3345877",
"7398","2009","0.09034235",
"7399","1988","0",
"7400","1975","2754.56204",
"7401","2002","2256.45825219",
"7402","2024","4.8",
"7403","1986","142.1147",
"7404","2005","31540.401",
"7405","2013","2308517.8079422",
"7406","1984","6041.3",
"7407","1986","30615.708197",
"7408","1972","27",
"7409","1975","45161554.9078",
"7410","1998","147077.8765555",
"7411","2021","24095",
"7412","1990","31445695.981705",
"7413","1979","6625.138529",
"7414","1972","0",
"7415","2008","321676.46705496",
"7416","1973","0",
"7417","1999","587947295.55022",
"7418","1981","1710127.8071",
"7419","2007","4196623.1566002",
"7420","1973","945308.96738",
"7421","2006","58",
"7422","2024","252744.094",
"7423","2005","74420939.7517",
"7424","2012","32619984.255943",
"7425","2025","105.566152",
"7426","1983","500525",
"7427","1980","3776828.261",
"7428","2016","0",
"7429","1983","14.151",
"7430","1979","878549.5912",
"7431","1986","0.4598719",
"7432","2001","72157.76",
"7433","1984","29",
"7434","2012","3.30544678",
"7435","2023","747877.608",
"7436","1997","4.78086",
"7437","1983","4068249",
"7438","1995","19819.8686",
"7439","1994","79788797.72398",
"7440","2005","0.7079",
"7441","2018","139.08",
"7442","1971","19436939.4",
"7443","2018","0",
"7444","2017","0.247961",
"7445","2018","16324831.379408",
"7446","2005","110",
"7447","2015","9036.8031566",
"7448","1983","27488.555425132",
"7449","2024","642226668",
"7450","2023","0",
"7451","1989","2.438",
"7452","2025","9248257.5307",
"7453","1991","3856017",
"7454","2002","605821020.051",
"7455","1986","698094346",
"7456","2014","31.560813",
"7457","1986","9.42914138",
"7458","2020","54721.5307777",
"7459","2022","0",
"7460","1985","0",
"7461","1988","60430345.7",
"7462","2024","92069156.09",
"7463","1979","1533.0162",
"7464","1988","14283",
"7465","1974","1646225.3196872",
"7466","1997","12.49848",
"7467","1998","2146658.791",
"7468","1998","0.68481",
"7469","2017","0.3706",
"7470","1971","3600.64937173",
"7471","1997","57.6",
"7472","2009","180587.10015904",
"7473","1977","16136007.37582",
"7474","2024","3.596325",
"7475","1992","8052902.1515",
"7476","1998","68708.635",
"7477","2019","0",
"7478","2003","713.204021",
"7479","2018","8304.9",
"7480","1988","241.1855756",
"7481","2013","0",
"7482","1972","5423.1060966",
"7483","1997","4276192.6698",
"7484","2015","57246141.271821",
"7485","1986","4.698037",
"7486","2006","0",
"7487","1986","8589.2427",
"7488","1994","35.205007499",
"7489","1971","138785.05239651",
"7490","1980","2.136135",
"7491","2023","0",
"7492","2021","157764",
"7493","2012","5481975.963868",
"7494","1989","0",
"7495","1972","10160002",
"7496","2004","3177.19",
"7497","1984","1383765.080426",
"7498","2007","0",
"7499","2001","127.3996647",
"7500","2005","500312132.5999",
"7501","2014","0",
"7502","1998","74.63",
"7503","1979","0.487406",
"7504","1987","59.3474",
"7505","1980","13.1",
"7506","1970","132030945.43",
"7507","1988","13588.506984545",
"7508","2007","0.1821016",
"7509","1976","3056429.1161",
"7510","2000","38550.9334056",
"7511","1974","348099702.4",
"7512","2017","0.98922",
"7513","1980","4904523.61093",
"7514","1992","2.061123733",
"7515","1980","0",
"7516","2009","0.508",
"7517","2011","19425680.728",
"7518","1972","11023.3038192",
"7519","2013","8078.5641",
"7520","1983","0",
"7521","2012","4077.95",
"7522","2020","81948.375133",
"7523","2025","2.48234082",
"7524","2011","250095.941186",
"7525","1990","2088.64532552",
"7526","1994","161992.61",
"7527","2012","684",
"7528","1972","0.74470048",
"7529","1983","82309932.52",
"7530","2012","20.8",
"7531","2018","3263600.9059819",
"7532","1970","2134143.8962201",
"7533","1999","1",
"7534","1971","378075.27548",
"7535","2002","72.73803739",
"7536","2011","4051269.86",
"7537","1995","2282.34",
"7538","2001","21264.809",
"7539","2013","527172.9064",
"7540","1984","461.7",
"7541","2016","38067886.526306",
"7542","1986","355.84055797",
"7543","2000","365.22",
"7544","2025","32134.482",
"7545","2012","1.275371",
"7546","1983","116.797278",
"7547","2014","5",
"7548","2014","19.807015161",
"7549","2010","0.68",
"7550","2014","135.929",
"7551","2017","49410121.99",
"7552","2018","7216.4639205",
"7553","1985","4588.3",
"7554","1987","8.9518",
"7555","1977","0",
"7556","2007","24127.05",
"7557","1994","30046830.09328",
"7558","2007","2937456.3376728",
"7559","2005","143594",
"7560","1993","72041810.870093",
"7561","1998","39216.773",
"7562","2019","0",
"7563","2024","2200",
"7564","1990","8757.993266446",
"7565","2020","344.76625",
"7566","2007","0",
"7567","1997","8.56",
"7568","2016","2442.1",
"7569","1983","130246683.12665",
"7570","2021","1.75",
"7571","1985","5",
"7572","1985","11.208226",
"7573","2012","0.41112098",
"7574","2025","0",
"7575","2016","255.604142987",
"7576","2002","83785306.357",
"7577","1986","509779145.6",
"7578","2016","144947167.36022",
"7579","2011","59131046.724425",
"7580","1991","30",
"7581","1976","0",
"7582","2022","0.22",
"7583","2020","4",
"7584","1992","407467.6836",
"7585","1979","11334.401438",
"7586","2005","29240166.790574",
"7587","2012","49.783202",
"7588","1991","0",
"7589","1980","2843242",
"7590","2020","18859.835547",
"7591","2012","8196758.77",
"7592","1982","2030480.47",
"7593","1993","20",
"7594","2014","103",
"7595","1987","75.1699593",
"7596","2005","5.1",
"7597","1997","107.14",
"7598","1986","50875987.891467",
"7599","1997","3773305",
"7600","1980","527303475.12886",
"7601","1992","0",
"7602","1972","582.1349",
"7603","1989","0",
"7604","1999","1.75821843",
"7605","2013","75633.7",
"7606","1985","4953438.31166",
"7607","1976","3127.375",
"7608","1977","47.4687978",
"7609","2017","48653.644306",
"7610","2003","479326.36513381",
"7611","2004","2715.8",
"7612","2020","1.814177746",
"7613","2007","351378.3",
"7614","2023","7.9424505",
"7615","2024","733467.8229904",
"7616","2013","8018346.3",
"7617","1971","14.979",
"7618","2010","370881",
"7619","2007","1291871.8604",
"7620","2012","14229.470536",
"7621","2020","2132.0953",
"7622","2000","210384.0353",
"7623","2005","5070171.3",
"7624","1976","6043425.5217",
"7625","2002","6896.128",
"7626","2003","0",
"7627","2016","59340.84",
"7628","2004","42.518801942",
"7629","1987","0.28328",
"7630","1989","33438.090704807",
"7631","1983","293106644.93156",
"7632","1992","7273863.15278",
"7633","1979","1.9164",
"7634","1977","90165.539688",
"7635","1981","0",
"7636","1986","23161.864396",
"7637","1994","10.873",
"7638","1989","1338.22",
"7639","1971","211320.93",
"7640","2011","5",
"7641","1976","3778673.2248209",
"7642","2011","35485468.5",
"7643","2000","28.188391601",
"7644","1975","75017.4934",
"7645","1979","11216253.854996",
"7646","2005","2655901.452914",
"7647","1974","1337241.3581775",
"7648","1996","831.926715723",
"7649","1994","6997125.87472",
"7650","2012","0",
"7651","2002","68387018.427",
"7652","2018","32.304",
"7653","1973","44334.84",
"7654","2020","0",
"7655","2022","56.784633",
"7656","2017","5016244.729",
"7657","1978","430.29",
"7658","2001","49650356.5607",
"7659","2002","0",
"7660","1980","1832335.69",
"7661","2010","5004979.202",
"7662","2016","1.38",
"7663","1997","283719.6",
"7664","1981","20285248.07046",
"7665","1996","64451.539",
"7666","2005","0.54907328",
"7667","1973","577856.942",
"7668","1973","3.70729587",
"7669","1971","37406",
"7670","2004","1.6712503",
"7671","2002","20205243.824202",
"7672","1982","92517298.144",
"7673","1976","179684139",
"7674","2017","121164837.1315",
"7675","2016","7636331.82",
"7676","1999","254",
"7677","1998","30.09",
"7678","1985","538809968.09248",
"7679","2006","217993.2784866",
"7680","2000","114",
"7681","2005","696246.6453899",
"7682","2012","434604.5004483",
"7683","1995","7103589",
"7684","1986","437.363",
"7685","1981","5950",
"7686","2014","4.7127",
"7687","1995","217757.39408127",
"7688","2022","0",
"7689","2020","1262726",
"7690","1980","300421.356",
"7691","2008","9.58",
"7692","1975","215764.70315",
"7693","1970","2.1473626",
"7694","1996","180.96463",
"7695","1994","53552392.498",
"7696","1980","0",
"7697","1977","529.8938",
"7698","2016","316312682.43694",
"7699","1975","1393027.88829",
"7700","1991","327786.1049",
"7701","1971","3614",
"7702","2020","13531818",
"7703","1995","11612018.9273",
"7704","1971","7566456",
"7705","2008","0.86108",
"7706","2014","0",
"7707","1993","758721.0476357",
"7708","1984","158.44",
"7709","1980","518.3006358",
"7710","2016","6378033.08",
"7711","2009","0",
"7712","2006","14788.723872024",
"7713","1997","40473.8",
"7714","1983","2820139.1",
"7715","1987","0",
"7716","1971","27.10091",
"7717","2006","167218.36720497",
"7718","2000","1282.254935",
"7719","2024","3351408.162",
"7720","1992","0.1",
"7721","1992","211891169.35784",
"7722","2004","3222372.83685",
"7723","2002","457.6004363",
"7724","1982","6091057.34599",
"7725","1973","71.2542",
"7726","2023","8.906",
"7727","1996","1.24313",
"7728","1995","37817555.30767",
"7729","2018","41",
"7730","2019","0",
"7731","1990","0",
"7732","1978","4412.2355",
"7733","2005","5",
"7734","2021","10.52",
"7735","2005","250461.32300159",
"7736","2023","343323.45",
"7737","2012","1259167.457819",
"7738","1992","283.53191",
"7739","2022","367348.92383",
"7740","2020","490255.3",
"7741","1992","5050928.26",
"7742","1986","74833.762501595",
"7743","1973","0",
"7744","1974","1.6",
"7745","1982","0",
"7746","1990","3.140586195",
"7747","2011","55380.62597278",
"7748","2009","0",
"7749","1984","6785.0492145",
"7750","2001","58.827267",
"7751","1974","95951356.9905",
"7752","2014","431.05636",
"7753","2013","1.07448",
"7754","2007","246712370.62569",
"7755","1974","39626580.19",
"7756","1995","62606.77219589",
"7757","2010","86.084455422",
"7758","2008","0.4452327",
"7759","2024","13450579.3627",
"7760","1972","51.850704135",
"7761","1981","1203.548",
"7762","2010","0",
"7763","1979","5768.8714",
"7764","2021","3189",
"7765","2008","76996961.7759",
"7766","1973","311.3",
"7767","2018","15865.51",
"7768","1970","2.019878",
"7769","2000","615850.60844488",
"7770","1983","1.8797",
"7771","1987","13.495",
"7772","1975","0",
"7773","1976","138063542.46208",
"7774","1974","20258.90230769",
"7775","2007","56941468.286825",
"7776","2006","509",
"7777","2017","329.2125386",
"7778","2024","1.68379",
"7779","1991","0",
"7780","1994","194566.104",
"7781","1985","616957.83658395",
"7782","1972","2119699.9",
"7783","2004","64340640.19989",
"7784","2006","8.21",
"7785","1993","0",
"7786","1982","664.1605",
"7787","1985","23.0736376",
"7788","1975","150302.34095",
"7789","1988","580.0311812",
"7790","2006","394.94",
"7791","2003","3239.7305",
"7792","1974","164653094.14",
"7793","1983","52251717.063925",
"7794","2023","382.977692",
"7795","2006","1091.52",
"7796","1974","173478.1829779",
"7797","2002","85811786.828478",
"7798","1990","20511.14803",
"7799","2017","10954.8511",
"7800","1992","34",
"7801","2025","0.070185975",
"7802","2002","6921488.86578",
"7803","1973","2503445.2",
"7804","2023","2.7379217",
"7805","1985","89.5653418",
"7806","1982","5404559",
"7807","2019","4993885.9528522",
"7808","2018","443084500.784",
"7809","2023","1431940.669",
"7810","2022","112.5",
"7811","1974","29818689",
"7812","1993","19154780.798",
"7813","1997","3041467.32206",
"7814","2014","54",
"7815","1971","0.3",
"7816","1994","6587630.651",
"7817","1997","49182272",
"7818","1980","3938.00160807",
"7819","2017","23334669.842481",
"7820","1983","110123737.91766",
"7821","2010","212.32",
"7822","1974","0",
"7823","1976","166.8811",
"7824","1977","400275.948",
"7825","1979","8.95",
"7826","2004","9158.0605621",
"7827","2000","1.63071",
"7828","1981","34.43764364",
"7829","1991","155722934.7349",
"7830","2022","2.1825",
"7831","2020","188863.4",
"7832","2013","3803.15",
"7833","1975","0.8",
"7834","2002","199.747503",
"7835","1999","0",
"7836","1972","664618.668367",
"7837","2024","4.27314444",
"7838","1973","715.372",
"7839","2019","17.36726267",
"7840","2007","21382581.1331",
"7841","2010","614851.249",
"7842","2001","379371.3782866",
"7843","1981","658.18906372",
"7844","2012","0",
"7845","1998","3546990.49",
"7846","2018","551",
"7847","1984","60.46",
"7848","2012","1265091.72086",
"7849","2003","0",
"7850","2000","11505.545076",
"7851","2018","13446.3363",
"7852","2017","7503754.949",
"7853","2013","0",
"7854","2014","2043.7216607",
"7855","1997","1.255",
"7856","1977","33902939.5199",
"7857","1994","4780.4755487",
"7858","2006","38580320.74049",
"7859","1982","4256.50015",
"7860","2025","5626934.1758096",
"7861","2014","1958.934",
"7862","2012","118712342",
"7863","2003","370.854821",
"7864","1998","0.055",
"7865","2001","9.84147381",
"7866","1987","621",
"7867","2019","84923.41801335",
"7868","1987","0",
"7869","2007","3.605907",
"7870","2002","31.03745",
"7871","1970","3930.565507737",
"7872","2003","0",
"7873","1972","0",
"7874","1985","2029",
"7875","1985","0",
"7876","2022","0",
"7877","2020","69839.711",
"7878","2015","580.1686",
"7879","1976","317735897.59",
"7880","2003","4901.545164361",
"7881","1979","200278198.145",
"7882","2022","0",
"7883","2009","0",
"7884","2000","400261",
"7885","2002","518.89106665",
"7886","2006","1858.2",
"7887","2007","43312521.465344",
"7888","2006","5",
"7889","1980","87537735.773875",
"7890","2002","32701.66385885",
"7891","2006","128048.51327",
"7892","2019","14247382",
"7893","1994","6959.80211276",
"7894","2008","389112749.84048",
"7895","1973","30791642.608366",
"7896","2023","8095.1",
"7897","2005","0",
"7898","1970","3835.52342",
"7899","1976","3978172",
"7900","2015","2.77",
"7901","1996","5612.093811",
"7902","2025","342265.14885993",
"7903","1971","1623973.8795",
"7904","1990","14090.94",
"7905","1970","103560956.38508",
"7906","2016","310.299095",
"7907","1983","192704104.97085",
"7908","1977","45508403",
"7909","2015","391.209",
"7910","2000","4796751.375",
"7911","1984","1904323.7",
"7912","2015","0",
"7913","1991","21759",
"7914","1983","6492465.09",
"7915","2016","161733",
"7916","1980","3.3092987",
"7917","2012","43.7529932",
"7918","1979","266.8168",
"7919","2004","1.31",
"7920","1975","30.195945",
"7921","1997","16858745.35",
"7922","2015","709489.69424644",
"7923","1999","14973817.317157",
"7924","1971","55189750.209716",
"7925","1994","25377263.9464",
"7926","2021","0.14231",
"7927","2011","348825.620139",
"7928","1984","267143.57",
"7929","2010","1120996.153",
"7930","2018","1707.69414833",
"7931","2011","74.545375",
"7932","2010","5729",
"7933","1992","426832572",
"7934","1993","440825.27622",
"7935","1977","1300064.297738",
"7936","2006","12878455",
"7937","1976","18667549.256538",
"7938","2008","35622104",
"7939","1998","79.297",
"7940","2012","0",
"7941","2004","1521.081",
"7942","1971","79",
"7943","2004","18992.38054696",
"7944","1972","1882768.4160761",
"7945","2009","22181.49035552",
"7946","1980","13.7",
"7947","1989","7.484",
"7948","2006","430.715415707",
"7949","1999","534144.263733",
"7950","1982","188188020.71981",
"7951","2000","12.3772299",
"7952","1989","233824.2",
"7953","1978","10506.05216548",
"7954","1978","323959894.609",
"7955","1983","176.456",
"7956","2007","47.408865014",
"7957","2023","3.90722",
"7958","2008","3734.65894842",
"7959","1991","28631",
"7960","2007","0.174115",
"7961","2001","5447.353349249",
"7962","1983","271854.6",
"7963","2004","0.48",
"7964","1977","1391.06",
"7965","1987","19037384.639281",
"7966","1994","1.361073",
"7967","2002","79140",
"7968","2012","46.592302196",
"7969","1994","326165.2736",
"7970","2008","325790.448548",
"7971","2016","8305.5255",
"7972","2006","74770139",
"7973","1985","0",
"7974","2007","5071688.15",
"7975","2006","7014.2135",
"7976","1975","3727590.9169965",
"7977","1981","217.063",
"7978","1984","192408658.52671",
"7979","2004","35.2410898",
"7980","1973","345.2445",
"7981","2010","19709749.039798",
"7982","2015","0.7521",
"7983","2015","245178263.0846",
"7984","1973","14.4",
"7985","2008","240.2",
"7986","1981","99904.8088714",
"7987","1993","13.63145795",
"7988","2015","112977.8",
"7989","1983","643154605.8856",
"7990","2020","554192",
"7991","1990","183.93079574",
"7992","1976","146187.321",
"7993","1996","568.212989",
"7994","2021","0",
"7995","1999","2702.12369",
"7996","2001","3276.41109",
"7997","1990","68.046",
"7998","2011","1.908516848",
"7999","1995","0",
"8000","2022","0",
"8001","1994","0.48164351",
"8002","2025","37449.4",
"8003","1988","2288415.81358",
"8004","2013","26381551.577043",
"8005","1995","155904.8250965",
"8006","1981","0",
"8007","1993","2",
"8008","1971","165990.75673",
"8009","2012","38552574.94239",
"8010","2015","859042.83902",
"8011","1978","255431593",
"8012","1970","51898",
"8013","2010","31991.3916",
"8014","1996","0",
"8015","1985","0",
"8016","2014","727446458.0381",
"8017","2017","1134215.8418766",
"8018","2017","125929022.08",
"8019","2017","354281.18285",
"8020","1989","60456.251",
"8021","2001","1027938.5792688",
"8022","2025","689741.93209",
"8023","1986","3409",
"8024","1976","687347689.6467",
"8025","1999","5717605.1",
"8026","2007","359973.8917",
"8027","1986","2910.76",
"8028","2019","557922.93472",
"8029","2011","341.4495956",
"8030","2019","503587.86309",
"8031","1979","541588.5085",
"8032","1982","0",
"8033","1994","334626.567891",
"8034","2010","195.30601",
"8035","1999","150.5472745",
"8036","2001","664854032.0411",
"8037","2007","587548.42753835",
"8038","2014","36013.9545482",
"8039","2007","2860.59798",
"8040","2002","27782260",
"8041","1979","738.84859",
"8042","2013","123294.3",
"8043","2002","14755801.77239",
"8044","2014","47190.205",
"8045","1997","15469.6",
"8046","1995","972086",
"8047","1995","8315912.4220836",
"8048","1993","14188.34",
"8049","1982","12739.8627851",
"8050","1993","77769407.87",
"8051","1977","240917.83767",
"8052","1981","825354.99",
"8053","1993","621.039063953",
"8054","1986","26384.203384",
"8055","1990","67462.20508481",
"8056","2001","52532518.53",
"8057","1996","45884245.440203",
"8058","1971","151469639.03385",
"8059","1985","12800874.16",
"8060","1970","2.43382",
"8061","1991","209822.4137845",
"8062","2016","0",
"8063","1973","31494294",
"8064","1990","1.32718",
"8065","1971","325197.1",
"8066","2010","98544.7",
"8067","2011","2471483",
"8068","1976","1059286.9812049",
"8069","2001","0.62989344",
"8070","1971","559.86819",
"8071","2016","25741265.717",
"8072","2006","15943596.1097",
"8073","1980","2994.342147314",
"8074","2022","463.5565427",
"8075","1989","6.28",
"8076","2015","49110.09",
"8077","2019","21295329.117502",
"8078","2012","690.0423164",
"8079","2006","14874139.2",
"8080","1998","1145.584",
"8081","2022","114.1232983",
"8082","1984","9689982.6230909",
"8083","1993","98.21126",
"8084","2009","35708.729054",
"8085","2020","0",
"8086","2008","1801430.8931306",
"8087","2017","8401769.80292",
"8088","2021","25.9442",
"8089","2001","1491.3067",
"8090","2024","35.450016",
"8091","1977","0",
"8092","1983","33.827972392",
"8093","1997","1697.6828111",
"8094","2025","27431",
"8095","2004","7252867.3188",
"8096","1992","358.52714143",
"8097","1970","2",
"8098","2004","7.8708",
"8099","2014","218.42234882",
"8100","2022","18.1",
"8101","1971","0.899478",
"8102","2006","0",
"8103","1970","2797",
"8104","1979","4036.8266",
"8105","1980","1105156.362",
"8106","1990","15931497.84856",
"8107","1970","564.1",
"8108","2022","0",
"8109","2015","7548.064634",
"8110","1992","47.3167968",
"8111","1993","96575.941351188",
"8112","2003","380.25594",
"8113","1982","4202174.538",
"8114","1980","30.7",
"8115","1983","347.97",
"8116","1982","110356405.50961",
"8117","1995","38445.7639",
"8118","1986","0.394256",
"8119","1996","4072357.43",
"8120","1991","1.1846795",
"8121","2020","281988.7036",
"8122","1990","193635017.66087",
"8123","1992","253215.90465",
"8124","1983","7319.3517",
"8125","2023","1609963.779",
"8126","2015","0",
"8127","2014","404681.41810131",
"8128","1986","38952.273",
"8129","1998","12662883.5",
"8130","1973","0",
"8131","1987","351391266.8108",
"8132","2009","595093309",
"8133","1991","660032.5015689",
"8134","1987","249708.2841579",
"8135","2015","8.006",
"8136","1976","284656",
"8137","2001","4611.04666",
"8138","2008","508441.473",
"8139","1989","56.638606",
"8140","1985","41.01249488",
"8141","1979","27.487349",
"8142","1974","3941.23678",
"8143","2022","411725580",
"8144","2000","516668.048",
"8145","2023","7.725",
"8146","1990","1.4251",
"8147","1971","105601.79",
"8148","1993","166043744.1094",
"8149","2025","833592888.61505",
"8150","1987","1680278",
"8151","2005","44337866.5175",
"8152","2024","661986.9687096",
"8153","2011","14437",
"8154","2019","228673.3",
"8155","1986","1.3787409",
"8156","2013","1849253.06013",
"8157","2015","0",
"8158","1972","7536.13",
"8159","1989","2507.47009637",
"8160","2021","2.374223296",
"8161","2016","259.455",
"8162","1994","0",
"8163","1984","1.4191412",
"8164","2019","0",
"8165","1978","5446.6",
"8166","1978","0.137",
"8167","1973","5421.54805932",
"8168","1992","2.77818832",
"8169","1989","59.06250886",
"8170","2005","766125.5752",
"8171","1986","4.09",
"8172","2011","1129557.2417995",
"8173","1988","10129033.153041",
"8174","2025","641.2072",
"8175","1997","0",
"8176","1977","20316.777",
"8177","2020","3.941",
"8178","2011","5678.8418",
"8179","2024","1854.52",
"8180","2004","1367701",
"8181","1971","20",
"8182","2015","0",
"8183","2008","1077.09",
"8184","2005","253.499",
"8185","2013","1.25895",
"8186","2009","6578",
"8187","1981","0.9743834",
"8188","1988","27051.149755121",
"8189","2015","483.99645328",
"8190","2025","6.9335417",
"8191","1978","5.943",
"8192","2016","77499373.17355",
"8193","1978","1279536.1665",
"8194","1976","155.995",
"8195","1971","27.06",
"8196","1990","9509",
"8197","1975","126.9091",
"8198","1996","730.349171",
"8199","2001","208602647.84859",
"8200","1975","130759905.99081",
"8201","1988","380563347.45571",
"8202","2001","7429.3491888",
"8203","1997","1023894.5413437",
"8204","1987","191269.95081",
"8205","2009","0",
"8206","2008","16.556",
"8207","1976","39578",
"8208","1979","34539",
"8209","1999","4050898.05",
"8210","2025","1.2663231",
"8211","2000","37296147.24523",
"8212","1973","1831.4981872",
"8213","2006","11206.7135734",
"8214","1998","20842125.74",
"8215","1977","20248.71",
"8216","2021","278798.41173037",
"8217","1991","43.244189",
"8218","2001","2809667.332334",
"8219","2018","74514039.63",
"8220","1994","133859.9597",
"8221","1991","3637.683",
"8222","2014","31.6281",
"8223","2013","288798.79651016",
"8224","2010","32637238.28",
"8225","1981","96.0724",
"8226","2011","47.14039",
"8227","2023","0",
"8228","1987","4535122.283",
"8229","2002","385546409",
"8230","1983","1.6094",
"8231","1986","25934.9",
"8232","1970","4.00266133",
"8233","2024","0",
"8234","2018","165275044",
"8235","1981","1088.86248513",
"8236","2018","332343.6",
"8237","2023","18583.559941146",
"8238","2017","257887.5927",
"8239","2013","17077.98",
"8240","1990","1176840",
"8241","1988","0",
"8242","2023","54",
"8243","2024","41238.58311982",
"8244","1976","60998.951371404",
"8245","1976","49204.243589018",
"8246","1980","0",
"8247","1970","263.27553721",
"8248","1987","117.809579",
"8249","1971","641.71",
"8250","2012","1581565.7",
"8251","1989","1.320167021",
"8252","1977","0",
"8253","1996","0",
"8254","2007","140.517",
"8255","1973","52.29981497",
"8256","2014","584297.230367",
"8257","2016","54175.45708152",
"8258","2016","0",
"8259","1981","660.68",
"8260","2002","1.306514",
"8261","1983","1137.2",
"8262","1981","7723.079",
"8263","2016","111374.15052556",
"8264","1996","376730380.651",
"8265","1999","390844631.524",
"8266","2017","683075246",
"8267","2010","2251268.6148",
"8268","1980","61651927.67",
"8269","1970","820244.26072376",
"8270","2009","54650130.849673",
"8271","2022","160775.36",
"8272","1987","527",
"8273","2000","416308315.71198",
"8274","1995","9.8206397",
"8275","1982","10650.0282006",
"8276","1989","694561.80476",
"8277","1977","14159464",
"8278","2002","0",
"8279","1980","6476504.569",
"8280","1980","285639575.96501",
"8281","1990","0",
"8282","1998","124143.540623",
"8283","2009","129.77",
"8284","2020","15411402.9",
"8285","1998","775483682.64",
"8286","1989","0",
"8287","2007","26509.7251815",
"8288","2009","2.874",
"8289","2022","414.62117658",
"8290","2007","12256.35",
"8291","2022","4.9",
"8292","2011","41608495.51",
"8293","2006","3616327.5784628",
"8294","2002","2144819.7495115",
"8295","1991","0.0976",
"8296","1994","30.1",
"8297","1981","28910689.8241",
"8298","1991","27491.4422002",
"8299","1989","285959706.26837",
"8300","1999","241046.48102626",
"8301","2009","4075.584807848",
"8302","1980","719.609211",
"8303","2016","36.056244",
"8304","2005","565735.16622879",
"8305","2003","36646.434804833",
"8306","1973","27.681",
"8307","1983","30891.121725613",
"8308","1996","7.7",
"8309","1982","30768.77014",
"8310","1973","102.045726",
"8311","1996","4.0449744",
"8312","2025","35862504",
"8313","2013","2.3009",
"8314","1993","16",
"8315","2010","13122707.18",
"8316","1985","0",
"8317","1970","422980165",
"8318","2021","75469264.06359",
"8319","2023","0",
"8320","2000","0",
"8321","1980","42.8572171",
"8322","2019","0.80020953",
"8323","1996","3860152.395",
"8324","2015","91269.8",
"8325","2018","560296.5246",
"8326","2002","4.96229",
"8327","1985","4.3051",
"8328","1973","49",
"8329","1975","1278294.141499",
"8330","2006","0.888",
"8331","1984","0",
"8332","1990","17507.455",
"8333","2002","20930751.943",
"8334","1995","446.864",
"8335","1976","27.53001012",
"8336","1998","0.5410091",
"8337","1995","688525.91079848",
"8338","2001","1",
"8339","2013","719685555",
"8340","1986","81037579.536488",
"8341","2023","68093.7",
"8342","1999","19973.0302",
"8343","1973","38131.18385648",
"8344","1995","16907.8038",
"8345","1986","5313546.8",
"8346","2016","6901.40774882",
"8347","2013","7909.5716539",
"8348","2012","1088830.168318",
"8349","1992","89833099.452756",
"8350","2002","26036.427",
"8351","2014","315",
"8352","2008","45009710.13622",
"8353","1978","15340952.1",
"8354","1991","600305.07189382",
"8355","2012","1358318.1",
"8356","2007","3991400",
"8357","1994","0.665208064",
"8358","1999","2.3005759",
"8359","1995","7241121.659",
"8360","1991","646606",
"8361","1994","212.995152396",
"8362","2014","3.776957",
"8363","1999","1202.6",
"8364","1976","2.56",
"8365","2024","0",
"8366","2021","5082.23737429",
"8367","1981","54801611.116155",
"8368","1982","195.7634",
"8369","1989","3388392.2083419",
"8370","1986","86801.6422015",
"8371","1979","167459292.73763",
"8372","1993","57885.2",
"8373","2021","4739.994475",
"8374","1998","227722.9514226",
"8375","1984","287739.5",
"8376","2015","50970.40009",
"8377","1979","3.2925035",
"8378","2008","2.402477",
"8379","1980","20948",
"8380","1996","40328",
"8381","1990","161.219221887",
"8382","1980","108383.608",
"8383","1982","0.60831",
"8384","1994","631047.5304",
"8385","2014","112.895509327",
"8386","1985","71870921.691771",
"8387","2019","0.4",
"8388","1970","3383.656",
"8389","1977","3681.601",
"8390","2023","475.7876396",
"8391","1986","112.3410105",
"8392","2012","1.86074",
"8393","1976","14933.423683938",
"8394","1996","34015098.401458",
"8395","1970","381.75",
"8396","2021","10",
"8397","2022","741.817",
"8398","1995","2.882187632",
"8399","1997","14.1124",
"8400","1982","170.51",
"8401","1978","159289249.94711",
"8402","2005","0",
"8403","1995","29378.847",
"8404","2004","3255082.023908",
"8405","2021","825.283768",
"8406","2003","2444311.133066",
"8407","1976","30248386.910509",
"8408","1988","38",
"8409","1982","15.8",
"8410","1970","39.692147",
"8411","1990","553082468.2973",
"8412","2011","0",
"8413","1988","5590.22443",
"8414","2025","6530.5050815",
"8415","1984","0.806269",
"8416","2010","186589",
"8417","2009","20530308.8",
"8418","2024","0.0959",
"8419","1975","25.22976",
"8420","2007","57960606.037219",
"8421","1999","53360.6677",
"8422","1996","17.4",
"8423","2022","0",
"8424","1997","539345.56627579",
"8425","2012","4105.95986",
"8426","2018","2",
"8427","1991","128.2",
"8428","2005","0.69",
"8429","2012","8.226",
"8430","2007","840158.9990482",
"8431","1997","1254.7453",
"8432","2014","8.07213",
"8433","1998","239545.72482654",
"8434","1993","0",
"8435","2003","2465.605207",
"8436","2017","56752429.519075",
"8437","2019","3256134.2090832",
"8438","2002","1",
"8439","1972","242.54",
"8440","1974","100502.568",
"8441","1981","130",
"8442","2012","223096321.007",
"8443","2018","15525804.027",
"8444","1972","76",
"8445","1971","51.2",
"8446","2018","41.42727016",
"8447","2004","508485862.47027",
"8448","2007","0",
"8449","2022","17.070112864",
"8450","2017","0",
"8451","1970","240426344",
"8452","1995","2.817",
"8453","1981","0",
"8454","1988","6200223.248",
"8455","1990","6304621.944",
"8456","1990","42.045313",
"8457","2009","7869.09684953",
"8458","2020","173.9",
"8459","2004","31135274.48792",
"8460","2022","6.340007637",
"8461","2025","62237.71",
"8462","1976","6036.185",
"8463","2012","108225.2",
"8464","1999","38",
"8465","1984","504670974.81",
"8466","2019","152125.623",
"8467","1992","0.071717632",
"8468","2016","14872.03873401",
"8469","2020","0",
"8470","2025","427.962324735",
"8471","2006","67544.8",
"8472","2014","225040.92669",
"8473","2012","187365.688",
"8474","1999","8305365.3308375",
"8475","1977","6347.1999",
"8476","1999","1924.9923944",
"8477","1994","178468.2501901",
"8478","1992","0",
"8479","2011","99.8",
"8480","1989","735984577",
"8481","1998","0",
"8482","2012","488681601.5296",
"8483","2023","34503.8",
"8484","1976","191368.02293475",
"8485","2008","85.1",
"8486","2025","1.827674618",
"8487","1988","9.1397",
"8488","1983","1.309",
"8489","2010","0",
"8490","1990","2084.077",
"8491","1999","753",
"8492","1998","23.91332498",
"8493","1992","0.85094",
"8494","2000","6728197.3918954",
"8495","2007","27.0098409",
"8496","2015","11330080.828533",
"8497","2009","71593892.9757",
"8498","2013","6752.9351",
"8499","1979","5872.74495",
"8500","1999","0.81",
"8501","1973","753563.96",
"8502","1993","366",
"8503","2020","0.6962",
"8504","2008","193222943.41225",
"8505","1974","1484.5924407",
"8506","1997","545.92489",
"8507","1983","2866",
"8508","1979","56876.858306862",
"8509","2024","328643333.26275",
"8510","2018","1055",
"8511","2011","90.606493154",
"8512","1979","869.8341533",
"8513","1982","20.3",
"8514","1989","158.405",
"8515","2004","5",
"8516","1998","88595.1",
"8517","1975","574009.8217434",
"8518","2013","8108633.673273",
"8519","2002","7.34376",
"8520","1999","0.51177",
"8521","2010","305850",
"8522","1990","303.91552",
"8523","2020","230.18",
"8524","1973","79347.119",
"8525","1990","27707.382128839",
"8526","2018","0",
"8527","1996","6.23",
"8528","1996","35325347.43",
"8529","1977","0",
"8530","2021","2382.4",
"8531","1983","2.23741",
"8532","1979","41731864.4",
"8533","1987","3782854.95106",
"8534","2015","14443018.803",
"8535","2024","24726412.199541",
"8536","1991","6419.1",
"8537","2010","0.121",
"8538","1992","6811433.5657676",
"8539","1982","7.285",
"8540","1985","10148.2",
"8541","1994","0",
"8542","2010","0",
"8543","1994","4620.07315",
"8544","1987","2.51726933",
"8545","2018","15553.2049",
"8546","2007","13504733.936653",
"8547","2021","0",
"8548","1970","39304.041689261",
"8549","1982","817899.551147",
"8550","1996","530331884.88",
"8551","1992","0",
"8552","1970","265.620669287",
"8553","1974","305061.12913973",
"8554","1970","34.771453",
"8555","2008","2542.5498963",
"8556","1985","2087469.87",
"8557","1999","553429.9",
"8558","2014","387517295.65609",
"8559","2016","1044",
"8560","1987","271.338176",
"8561","2013","85018.73",
"8562","2009","320492552",
"8563","2006","317254",
"8564","2009","1405.35135046",
"8565","2011","438525787.185",
"8566","1975","14934236.65",
"8567","1999","153458648.38",
"8568","1970","43460504.302084",
"8569","2017","0",
"8570","1997","21104180.250181",
"8571","1974","24.076",
"8572","1986","2.93031",
"8573","2003","0",
"8574","1980","662671528.26861",
"8575","1987","37310.3",
"8576","1987","14.412028003",
"8577","1984","0",
"8578","2018","0",
"8579","2000","3158745.4",
"8580","1985","16952.025",
"8581","1992","111284435.3588",
"8582","1974","0",
"8583","2020","1.09705531",
"8584","1989","12910",
"8585","2022","609275.3",
"8586","1996","6680.760077",
"8587","2022","648.1",
"8588","2007","345567077.66",
"8589","2022","43387",
"8590","1998","2921.584653589",
"8591","2017","5.8591",
"8592","1982","340.122488532",
"8593","1983","1",
"8594","2018","6.82406396",
"8595","2023","3",
"8596","1998","40750.5",
"8597","1991","387096.2760416",
"8598","1998","64413.4458682",
"8599","2021","62591.42",
"8600","2003","254.485",
"8601","1971","213340645.06906",
"8602","1998","353.4976",
"8603","1997","49251062.91364",
"8604","1989","473201.8108664",
"8605","2022","20.6741784",
"8606","2006","1088.86912",
"8607","2019","797495.8865186",
"8608","1974","704.2113316",
"8609","1973","1.5726561",
"8610","1988","17402355",
"8611","1997","17.8122684",
"8612","1997","4664.61",
"8613","1984","0.4149946",
"8614","1986","921829.827",
"8615","2019","625149.39613995",
"8616","2020","31402.418",
"8617","1990","157871.7141083",
"8618","1982","100",
"8619","2008","56389.36769",
"8620","2018","995489",
"8621","1979","194.258",
"8622","2023","2064971.6417067",
"8623","2008","380789927.90409",
"8624","2021","925246.95704",
"8625","2006","4739.356197",
"8626","1998","630572.54",
"8627","1996","6763233",
"8628","2024","40780606.19",
"8629","2017","1543.9",
"8630","1977","304910.462",
"8631","1990","124193829.3695",
"8632","2002","50161327.26",
"8633","1986","35706.9508",
"8634","1981","84737830",
"8635","2011","3410.75",
"8636","1994","302.2",
"8637","1987","106116112.14897",
"8638","2003","3.24",
"8639","2023","21248.7530487",
"8640","2007","558977.6984",
"8641","2000","166523.39",
"8642","2001","67880465.34",
"8643","1971","9",
"8644","2009","0",
"8645","1980","45.048",
"8646","2021","407512879.55",
"8647","1995","0",
"8648","1981","0",
"8649","1998","1040.355",
"8650","1996","0",
"8651","1997","2306.419799",
"8652","2022","45.7247",
"8653","2013","12001.508996",
"8654","1979","63001.0955907",
"8655","2021","6.68",
"8656","1974","0",
"8657","1993","50215652.687",
"8658","2018","3172664",
"8659","1992","10503142.281",
"8660","2004","4",
"8661","2008","2.2793526",
"8662","2022","1692.899355879",
"8663","2002","45.0766",
"8664","2015","4.9",
"8665","1988","22891.3679333",
"8666","2009","0.451889",
"8667","2008","42",
"8668","1998","5333497.1570295",
"8669","1994","877.78038268",
"8670","1989","1828.331017",
"8671","2005","1999152.1753",
"8672","2019","131.199243168",
"8673","1978","717.442999227",
"8674","1993","0.9",
"8675","2004","0",
"8676","1974","3",
"8677","2012","18.5244",
"8678","1982","429429.500121",
"8679","2024","0",
"8680","2003","255.259384",
"8681","1987","5495.914837",
"8682","2010","508138.1",
"8683","1973","3536489",
"8684","2004","0",
"8685","1984","1449011.28",
"8686","1978","3453350",
"8687","2014","694.18486169",
"8688","1997","5961.01627",
"8689","1971","20.51343",
"8690","1987","243.61",
"8691","1997","118.70897071",
"8692","1998","0",
"8693","1998","70741.226234311",
"8694","1989","2372571.7389164",
"8695","1986","590606.39",
"8696","2002","49248.12",
"8697","1988","31086.74445",
"8698","1976","95623261.9102",
"8699","1988","64928172.59",
"8700","1974","519.685",
"8701","2025","2336.215839",
"8702","1989","184482.79491",
"8703","1993","5322.40999",
"8704","1979","45010.524",
"8705","1985","5696446.2568915",
"8706","2004","337654052.7239",
"8707","2020","1.37",
"8708","2011","677.3",
"8709","1986","32",
"8710","1978","4018798.4996009",
"8711","1979","2167005.4",
"8712","2003","423450",
"8713","2005","82474.4995",
"8714","1988","5.98341738",
"8715","2011","568.9339",
"8716","1980","241434431.94093",
"8717","1998","16817544.7",
"8718","2014","2660960.04562",
"8719","1982","0",
"8720","1982","30.9876932",
"8721","2012","117.85313",
"8722","2016","71148.691077",
"8723","1989","1853.175",
"8724","2009","143.617",
"8725","2021","5956273",
"8726","1999","2.02274307",
"8727","2009","28.75346217",
"8728","1993","5.9107",
"8729","1995","128.9",
"8730","2013","3476276.7712076",
"8731","1982","145570.88049",
"8732","2022","61.905572",
"8733","1986","874928.88854811",
"8734","2015","58.279666",
"8735","1992","3285.6774",
"8736","2019","0",
"8737","1981","33569.22841296",
"8738","2016","777848.40428946",
"8739","1993","26493.0077",
"8740","1974","0",
"8741","2017","1",
"8742","2007","14836850.50246",
"8743","2014","37.4451",
"8744","1996","538.53055821",
"8745","2001","0",
"8746","1989","1.8",
"8747","1988","1.153",
"8748","1996","0",
"8749","1999","0",
"8750","1976","390622.9397365",
"8751","2025","885149.550154",
"8752","2009","7100.0682",
"8753","2006","2146.4260616",
"8754","2021","7.941",
"8755","1973","43069.08750601",
"8756","2013","9384288.339854",
"8757","1992","720.54569",
"8758","1994","0",
"8759","2003","2",
"8760","2004","4361.51",
"8761","2018","681224270.2",
"8762","1995","65573.86",
"8763","2012","6768633.516796",
"8764","2001","19234.81788338",
"8765","1972","58",
"8766","1998","23536491.770619",
"8767","1975","356",
"8768","2017","17.67",
"8769","2010","299291.743",
"8770","1971","88967551.796989",
"8771","1989","614770.22598",
"8772","1984","17.632311",
"8773","2025","3127.53506",
"8774","1976","843.6448066",
"8775","1972","659108442.25",
"8776","1991","4863130.0161",
"8777","2017","5150.86199893",
"8778","1988","0",
"8779","1978","192.41859",
"8780","2014","52633368",
"8781","2017","145054.769367",
"8782","2016","34727040.636222",
"8783","1980","151480.1458",
"8784","1994","86434134.247265",
"8785","1999","51.6043",
"8786","1979","479370.84599504",
"8787","2021","6.09",
"8788","2004","2280.23",
"8789","2009","8632.93",
"8790","2008","11598.44",
"8791","2001","1.926254",
"8792","2019","1404439",
"8793","1976","73497.19481",
"8794","1990","38.5",
"8795","1994","49095.3376632",
"8796","2003","35835562.35765",
"8797","2002","790030.0827092",
"8798","2021","0",
"8799","1970","3063969.944",
"8800","1992","30.62331",
"8801","1994","6278651.4",
"8802","1999","4918.615623609",
"8803","2012","121.16654",
"8804","2005","0.67",
"8805","2017","40.346637",
"8806","1978","43045026.561421",
"8807","2020","32779.93274",
"8808","2022","1.43",
"8809","1986","73",
"8810","1987","53745.01422",
"8811","1986","4598.24818",
"8812","2000","39.94957624",
"8813","1979","4725880.26",
"8814","1973","4995.337",
"8815","2011","0",
"8816","2001","204584858",
"8817","1987","22.19",
"8818","1982","6041958.14",
"8819","2023","49932.33418956",
"8820","2012","522263.231",
"8821","1987","640.1235062",
"8822","1980","508183.59",
"8823","1993","68957.2",
"8824","2024","217446.641711",
"8825","1999","24981.230430305",
"8826","1985","2064.0938",
"8827","2025","67.496066591",
"8828","1972","2966.3274765",
"8829","2022","283.459688",
"8830","1977","137",
"8831","1977","69.1593",
"8832","2005","700699.21",
"8833","1984","0",
"8834","1972","116281581.7558",
"8835","1980","12108304.455",
"8836","2019","105",
"8837","1988","1236500.2821814",
"8838","2025","6008.76130622",
"8839","1970","1441054.7459",
"8840","2014","0.73572",
"8841","1985","287478.0143846",
"8842","2002","13.595",
"8843","1988","29730.64354933",
"8844","2023","39528",
"8845","1983","1.7330059",
"8846","2018","0",
"8847","2007","0.91141",
"8848","2024","2073380.14",
"8849","1991","1430418.29008",
"8850","1987","235850",
"8851","1981","2212.641",
"8852","2019","177.51",
"8853","1992","19272.5194927",
"8854","1984","3",
"8855","1984","1967241.3",
"8856","2014","25.345",
"8857","1985","23055.5948",
"8858","2009","485.8",
"8859","2001","39958.9601",
"8860","1979","4.8356551",
"8861","2008","145388.12145",
"8862","1996","1.8",
"8863","2010","0.46",
"8864","1987","34904124.500256",
"8865","2018","4313668.4946293",
"8866","2011","7284680.42869",
"8867","2017","0",
"8868","1978","13.6",
"8869","1991","2740308.9388",
"8870","1978","23280.8026",
"8871","1975","1045.93994",
"8872","1998","526661",
"8873","2006","5299270.6672657",
"8874","1993","167.76596",
"8875","1987","645496956.21823",
"8876","1991","94556",
"8877","2019","22.9",
"8878","2008","1.05484823",
"8879","2014","9.747",
"8880","1997","9.1321",
"8881","1989","250",
"8882","2011","48330766.024117",
"8883","1975","3.040260823",
"8884","2019","9005438.4",
"8885","2001","1690.708",
"8886","1993","467425.8768",
"8887","2010","35822385.6356",
"8888","2016","92.74",
"8889","2007","28588965.1694",
"8890","1973","203.9",
"8891","2015","0.7",
"8892","1974","957880.3159",
"8893","1970","2039.3",
"8894","1995","204773119",
"8895","1984","360.8946",
"8896","2021","287117386.71916",
"8897","1981","142.201",
"8898","1999","44",
"8899","1986","109889.403",
"8900","2020","39.65",
"8901","1973","291967668.6",
"8902","2001","14107422.6",
"8903","1997","708427.9398",
"8904","1981","3499.79985",
"8905","2006","0.56608647",
"8906","2008","143969.1301",
"8907","2007","4.26",
"8908","2005","547288.70745359",
"8909","1997","3262145.2584175",
"8910","1992","6.834907",
"8911","1995","1997811.0294",
"8912","1992","0.92223",
"8913","2024","0.2145",
"8914","2025","3155.10976",
"8915","1999","673216.6384",
"8916","2015","14.886662",
"8917","1984","1205.2",
"8918","2006","3.0570817",
"8919","1973","686011844.84",
"8920","2002","606.2568725",
"8921","2012","421999.66",
"8922","2001","0",
"8923","2023","110034.8",
"8924","2014","49812108.387883",
"8925","2023","15268.06447",
"8926","1996","389530191.7",
"8927","2000","0",
"8928","2002","0",
"8929","1977","4.517067114",
"8930","1988","0",
"8931","2015","136308140.91489",
"8932","1999","921.114089",
"8933","2010","2.33",
"8934","2009","0",
"8935","1997","6.567",
"8936","2016","11747.62179532",
"8937","1975","708.58014219",
"8938","1994","4482952.6",
"8939","1970","604.96",
"8940","2018","0",
"8941","1990","2521.4393549",
"8942","2007","181875.44432646",
"8943","1978","914",
"8944","1999","33826455.5098",
"8945","1976","33.92413",
"8946","1972","688.8601",
"8947","2020","130.075887",
"8948","1994","7.17469",
"8949","2012","0",
"8950","2023","393.9139037",
"8951","2015","1976.247",
"8952","2022","2248.92292",
"8953","1970","64260483.077",
"8954","1979","478755651.30024",
"8955","2007","19902034.160606",
"8956","2000","767242",
"8957","1986","7.4941",
"8958","1983","4.021",
"8959","2021","37",
"8960","1982","4253.0354",
"8961","2006","5074.7231",
"8962","2013","41.1462",
"8963","1987","479205.8232",
"8964","2010","2037521.5633833",
"8965","2013","166589.8565",
"8966","2014","8009.6",
"8967","2018","225.73",
"8968","1991","0",
"8969","2010","3582931.46",
"8970","2010","150352477.7",
"8971","1988","93718944.09177",
"8972","1991","596.61406",
"8973","2018","0",
"8974","2025","6954192.2428",
"8975","1970","45495150.110131",
"8976","1974","3394.148",
"8977","1975","65.57",
"8978","2017","83.44566",
"8979","2019","258250700.02997",
"8980","1995","0",
"8981","1990","1.1498058",
"8982","1974","3051949.43",
"8983","2019","0",
"8984","1978","8.8687185",
"8985","1994","3899796.64",
"8986","1974","0",
"8987","1970","5906765.3397668",
"8988","1970","20907.245",
"8989","2004","13635.303",
"8990","1981","9705143.226632",
"8991","1973","60.76",
"8992","2020","0",
"8993","1973","0",
"8994","1990","456335903.67",
"8995","1993","0.5294",
"8996","2013","233066216",
"8997","1999","3029138.5282",
"8998","1982","0.976724304",
"8999","1975","703294851.25165",
"9000","2024","2807.7",
"9001","2014","2.381",
"9002","2022","6192058",
"9003","1998","1672.4",
"9004","1994","1112",
"9005","1988","5835559.7625156",
"9006","2005","2590.9771492",
"9007","1992","2383.7653704",
"9008","1982","4529.3197",
"9009","2024","0",
"9010","1990","55869616.13607",
"9011","2018","12.59848509",
"9012","1991","4897352.416669",
"9013","1978","172160.1595839",
"9014","1979","0",
"9015","1991","16.4373257",
"9016","1971","370524.89827",
"9017","2018","0",
"9018","2009","318.978225",
"9019","1970","28635.22",
"9020","2020","2",
"9021","1992","874.1281676",
"9022","1998","272732.8108",
"9023","2016","1955.4459",
"9024","2006","10.6",
"9025","1977","9.3",
"9026","1988","730761.688",
"9027","1998","742331.712",
"9028","2024","3285.233",
"9029","1992","30042.88331817",
"9030","1972","232.95",
"9031","2014","31138.4054591",
"9032","2025","13350925.9",
"9033","1972","72.422",
"9034","1983","1869.568",
"9035","1988","0.8444",
"9036","1978","16654.9796",
"9037","2025","455680.69023",
"9038","1987","694.494",
"9039","2013","28.98271806",
"9040","1974","0",
"9041","1979","2076357.1966",
"9042","2016","79926.579027896",
"9043","1994","447.22880103",
"9044","2012","471126.02259314",
"9045","2003","9.79",
"9046","1975","190629.32",
"9047","1995","2407721.4750485",
"9048","2021","149063.8",
"9049","1982","187.44465765",
"9050","1976","652445.362073",
"9051","1998","1622357.2",
"9052","1990","23315.6462",
"9053","2017","7187.35",
"9054","2024","135384.73418463",
"9055","1998","200469112.387",
"9056","2005","41874",
"9057","2005","0",
"9058","1988","2075152.072281",
"9059","1999","1388.54",
"9060","1991","4.4450642",
"9061","1982","649945979.66",
"9062","1986","6070649.7155152",
"9063","1973","150438.43",
"9064","2015","14549.61",
"9065","1985","27.85685799",
"9066","2005","0",
"9067","2018","6.269",
"9068","1974","92214957.2246",
"9069","2001","11901.9",
"9070","2009","449690.85052",
"9071","2006","344.99223814",
"9072","1992","488.28",
"9073","2007","163.870145",
"9074","1981","2.5147893",
"9075","2003","362.17",
"9076","2001","13688710.879509",
"9077","1980","4.51138",
"9078","1979","395434.595321",
"9079","1977","11992.75310125",
"9080","1977","35.56",
"9081","2005","0.4947",
"9082","1981","284367735.03822",
"9083","1977","3546.442",
"9084","1988","1369988.29",
"9085","2010","22.1998335",
"9086","2023","27.674696097",
"9087","1970","26.37",
"9088","2014","13534.11405912",
"9089","2000","18159696.765809",
"9090","1987","468.73",
"9091","2008","138.8839",
"9092","2005","386.6222266",
"9093","2021","5122.17705728",
"9094","2009","2136.17937",
"9095","2016","0",
"9096","1988","2580296.35029",
"9097","2012","8138.660197",
"9098","2009","16246510.73687",
"9099","1972","15377.278",
"9100","2021","0",
"9101","1971","44835.1",
"9102","2002","72.59844",
"9103","2006","3836688.4546",
"9104","1998","27.20458",
"9105","1991","277.62",
"9106","1973","6355",
"9107","1998","8.142",
"9108","1999","0.66",
"9109","1970","2.465098",
"9110","1979","14.508124",
"9111","2016","2",
"9112","1993","29",
"9113","2002","201503766.4545",
"9114","1983","12.54930073",
"9115","1996","24261.4",
"9116","2021","57153.09",
"9117","2017","0",
"9118","1975","290031322.098",
"9119","2011","2.5452704",
"9120","1974","967409.61579",
"9121","1985","2.595",
"9122","2014","3.04897",
"9123","2014","43311.08",
"9124","1982","518.80432616",
"9125","2009","402.1",
"9126","2014","12062914.907681",
"9127","2008","10468.2",
"9128","2013","18014.945633",
"9129","2024","85268.935128937",
"9130","2022","13493611.895084",
"9131","2016","148314.544773",
"9132","1989","7559.6",
"9133","1997","4359170.8105747",
"9134","1976","2698100.55945",
"9135","1971","51324.4393",
"9136","1977","879634.6688153",
"9137","2016","0.17196052",
"9138","2020","5271.305637",
"9139","1976","652.4603",
"9140","1986","23006.775253",
"9141","1978","162.85373875",
"9142","1980","38.06964809",
"9143","2019","150.6231",
"9144","1987","859320",
"9145","2017","219596.0447",
"9146","1988","7.48515",
"9147","1983","2745.7449",
"9148","2014","7806",
"9149","1980","4267540.568543",
"9150","1974","33017.9",
"9151","1990","0.456295467",
"9152","2009","561.350658117",
"9153","1998","192900302.40902",
"9154","1974","56314.31084",
"9155","2024","19.446539",
"9156","1972","16254554.5894",
"9157","2015","61672",
"9158","1997","17764.43",
"9159","2021","2890.36",
"9160","1998","17.99",
"9161","2005","46760934.61",
"9162","2011","6.33145165",
"9163","2012","91",
"9164","2021","627961881.24",
"9165","2017","1324.62541",
"9166","1971","2609138",
"9167","2005","1119.25774789",
"9168","2013","24.184882",
"9169","1978","3264.3",
"9170","2024","202037157.2",
"9171","2016","1262.77019",
"9172","1982","0",
"9173","2015","65990039.882",
"9174","1985","6.944359156",
"9175","1973","0",
"9176","1999","22140.984",
"9177","2017","14402.93355",
"9178","2016","173924.2",
"9179","1986","214.765",
"9180","2010","99016.65181031",
"9181","2010","466944637.20221",
"9182","2009","3149",
"9183","2023","1936614",
"9184","1990","787.11185671",
"9185","2018","5.084692",
"9186","1976","17.0750474",
"9187","2001","762604.992525",
"9188","1971","20732610.45935",
"9189","1991","49.92447676",
"9190","2001","0.38727945",
"9191","1996","0",
"9192","2023","185.55282",
"9193","2002","26.985716793",
"9194","2018","3.363",
"9195","1996","6745",
"9196","2019","6969461.2165116",
"9197","2014","0.375",
"9198","2016","453156.2849702",
"9199","1992","17175972.91957",
"9200","1994","45",
"9201","1993","281701.7484",
"9202","2006","55046.6795",
"9203","2011","141167.467327",
"9204","1983","2268.5",
"9205","1971","325.03",
"9206","2016","82207.638256",
"9207","2019","0",
"9208","2017","1636.958127656",
"9209","1993","78503.818",
"9210","2019","0",
"9211","1975","0",
"9212","2024","1201",
"9213","1992","41424.6563233",
"9214","1989","31806.748616",
"9215","1998","3665672",
"9216","2005","1790.24",
"9217","1984","2482.4",
"9218","1971","9.91",
"9219","2018","37138844.59713",
"9220","1977","660646722.26552",
"9221","2003","1.00719",
"9222","2005","3.125",
"9223","1992","10.8522387",
"9224","1978","2.5668",
"9225","2014","4367.55863",
"9226","2001","3.9835797",
"9227","2010","585.43",
"9228","1984","22.55609",
"9229","2008","43499296.1542",
"9230","2005","0.43",
"9231","1994","202.263937263",
"9232","1986","54.05847",
"9233","2023","20511069.234449",
"9234","2013","29336.48",
"9235","1975","2.801794441",
"9236","2009","155368.57327",
"9237","1974","42453931.020696",
"9238","2020","27687.7576",
"9239","2007","1208368.6675",
"9240","1981","8708756.95",
"9241","2018","114",
"9242","2020","14.627297",
"9243","2014","5292.2226157",
"9244","2000","36915.4",
"9245","1979","5627691.01776",
"9246","1997","4385607.4280085",
"9247","1989","0",
"9248","2004","38525084.743602",
"9249","1988","112766.2",
"9250","1978","45761.753",
"9251","1978","3809.826927",
"9252","2021","0",
"9253","2003","0",
"9254","1994","15751.625149857",
"9255","1970","0",
"9256","1992","1881088.65774",
"9257","2002","15541.70649491",
"9258","2011","8.68678931",
"9259","2025","19.353919012",
"9260","1984","23894838.151",
"9261","2007","8645.582",
"9262","2005","24",
"9263","1981","22.81643528",
"9264","1991","0",
"9265","2009","0",
"9266","2017","4652677",
"9267","2002","0",
"9268","1978","2628.84089397",
"9269","2020","0",
"9270","2009","78383417.04894",
"9271","1989","22.368",
"9272","2022","0",
"9273","1975","2",
"9274","2005","15.832",
"9275","1990","93.24133412",
"9276","1978","0",
"9277","1997","0",
"9278","1971","100160.09606",
"9279","1992","4982447.655",
"9280","1985","3757.905185",
"9281","2008","4.1404459",
"9282","1980","42937751.54",
"9283","2020","0",
"9284","2000","4.082",
"9285","2018","0",
"9286","1975","43120178.64092",
"9287","1999","4.16535906",
"9288","1998","2454339.961543",
"9289","1987","0",
"9290","1970","1459.4412",
"9291","1979","40.1",
"9292","1999","0",
"9293","1985","73774713.3927",
"9294","2019","8344",
"9295","1999","0",
"9296","1972","6615.4",
"9297","1977","150497.089",
"9298","2015","0",
"9299","2015","4371822.0870443",
"9300","1985","39813799.31805",
"9301","1998","0",
"9302","1976","96.301430226",
"9303","2023","617198911.41633",
"9304","1977","829.94765",
"9305","1983","18036",
"9306","1985","4.61",
"9307","2015","740546.4319635",
"9308","2003","7270301.077263",
"9309","1981","186.471",
"9310","2019","1.46331819",
"9311","2011","4812.97044174",
"9312","2014","0",
"9313","2022","953679.771",
"9314","1984","39425702.240002",
"9315","1976","0",
"9316","2000","272.967609056",
"9317","2019","28.598",
"9318","2006","108177.371",
"9319","1989","18.26",
"9320","2018","89.0439956",
"9321","1997","0",
"9322","2009","0.4",
"9323","1987","10259708.999758",
"9324","2004","303",
"9325","1980","23827193.71",
"9326","2001","7968253.94795",
"9327","1989","26653.9",
"9328","2004","63886831.99",
"9329","2009","39.13441836",
"9330","1970","67818667.864262",
"9331","1986","136236948.9",
"9332","2019","5413.9",
"9333","2015","7864.899384026",
"9334","1985","7083.831322894",
"9335","1990","57.9780717",
"9336","2020","310",
"9337","1981","28539165.428429",
"9338","2023","270033.00814",
"9339","2013","17205425.3648",
"9340","2025","2557937.236",
"9341","2016","136.6858768",
"9342","1972","0",
"9343","1974","46450770.230956",
"9344","2014","3103.6950123",
"9345","1980","2684926.5",
"9346","2021","0",
"9347","1991","4.5017348",
"9348","2025","3.635",
"9349","1976","7.78461684",
"9350","2016","622.91898",
"9351","1973","392558.3888087",
"9352","1992","686448.72",
"9353","2017","0",
"9354","1986","0",
"9355","1972","17",
"9356","2010","195266.33357998",
"9357","2017","0",
"9358","2025","146645.174301",
"9359","1970","359364.2638427",
"9360","2003","5539.3016006",
"9361","1996","5549",
"9362","2016","2244.97",
"9363","2023","45.128",
"9364","1981","4543.7033",
"9365","2004","0",
"9366","1979","7.0948",
"9367","2024","220.8840712",
"9368","1985","62034.80036799",
"9369","1975","24701483.927749",
"9370","2004","3242.93623379",
"9371","2025","205431473.0803",
"9372","1976","632294.213006",
"9373","2003","116.50705",
"9374","2000","5371189.0819713",
"9375","1995","12.508",
"9376","2007","1417.879988876",
"9377","2020","2989.96",
"9378","1973","0",
"9379","1986","641.32",
"9380","2024","217530174.7994",
"9381","1983","159.92380592",
"9382","2016","95445.5539044",
"9383","1977","2725758.4137482",
"9384","2023","25347",
"9385","1983","26.74",
"9386","1988","3.3",
"9387","2023","0.5202",
"9388","2022","2.45108",
"9389","1979","3710.124505",
"9390","2001","8246890",
"9391","2018","944.348721471",
"9392","2024","439046",
"9393","1989","310030062.11484",
"9394","1976","324255194.7371",
"9395","1980","3864825.615",
"9396","2022","58798.39",
"9397","1979","596.931657685",
"9398","1977","0",
"9399","2001","66",
"9400","1992","3",
"9401","1986","611733.897",
"9402","1995","131.5",
"9403","2024","404169749.78996",
"9404","2002","187179.2748",
"9405","2011","404479043.05833",
"9406","2020","17.89",
"9407","2021","0",
"9408","1989","2.57209985",
"9409","1999","260352.51",
"9410","2001","1104156.8523484",
"9411","1999","42.5122148",
"9412","2013","18124016.36",
"9413","1978","47443967.6",
"9414","2025","379755041",
"9415","2020","126",
"9416","1988","1809566.9222",
"9417","2007","57166.202",
"9418","1974","0",
"9419","1976","226.82",
"9420","1975","416354667.7379",
"9421","2018","4796856",
"9422","1973","3926",
"9423","2005","708837072.55659",
"9424","1980","0",
"9425","2004","82.900848513",
"9426","2022","183982.62666",
"9427","2003","42885",
"9428","2000","72843.662546",
"9429","1976","2.042719",
"9430","2022","15",
"9431","2010","3.0598",
"9432","2006","5921",
"9433","2012","123701.0512",
"9434","2021","7868055.7376",
"9435","2010","389430857",
"9436","2013","199514.2",
"9437","2014","9052.746",
"9438","1995","6627604.1197169",
"9439","1988","69386.214391",
"9440","1989","391857098.17898",
"9441","1984","15271599.201653",
"9442","1994","75638.62",
"9443","1971","16.318492",
"9444","2014","96121.238",
"9445","2017","17405.63983",
"9446","2004","46.59",
"9447","2015","6.589477",
"9448","2020","192999214.45065",
"9449","1972","43172488.106277",
"9450","1994","235.2",
"9451","2007","10.630973",
"9452","2013","484.35",
"9453","1995","463.4860065",
"9454","1990","0",
"9455","1984","259.9171",
"9456","2013","0",
"9457","2004","15954.92995",
"9458","2014","0.09",
"9459","1984","52039432.19",
"9460","1973","1278.82",
"9461","1971","0",
"9462","2005","581344.9719",
"9463","2005","3.444",
"9464","2025","5655659.8",
"9465","2015","25788",
"9466","1986","126.62",
"9467","2022","661064879",
"9468","1990","1160543.195985",
"9469","2006","150899.6369",
"9470","2006","2.9718",
"9471","1972","19528.96",
"9472","2007","2148.7604703",
"9473","1990","29.938",
"9474","1991","209.5627451",
"9475","2016","369920.7079",
"9476","1988","54223.95124",
"9477","1992","57166162.834945",
"9478","2005","47838106",
"9479","1977","8.647387273",
"9480","1970","19002430",
"9481","1977","4250546.568459",
"9482","1973","887156678.4",
"9483","2005","1.089875008",
"9484","1971","10467595.824",
"9485","1997","29.2",
"9486","2022","97751928.1",
"9487","1980","36496.8543",
"9488","1989","37198",
"9489","1978","87.0163979",
"9490","1978","67630.702",
"9491","2014","2132571.8964432",
"9492","1976","75616.058003",
"9493","2006","6.847",
"9494","2000","1.36044756",
"9495","2009","40.8785",
"9496","1980","44.74003",
"9497","2003","8.1101093",
"9498","1986","41764.307",
"9499","2005","10407937.818075",
"9500","2011","1609.5705",
"9501","2025","2.588",
"9502","2004","245307041.70107",
"9503","2010","444.68636",
"9504","2018","431205.8864",
"9505","2001","4.44366",
"9506","2002","0.9586",
"9507","1980","963.535838",
"9508","1989","299.583",
"9509","2020","5764845.2961269",
"9510","1972","134537.7828949",
"9511","2023","861551.1416",
"9512","1994","2312328.07586",
"9513","1978","36.3",
"9514","2006","0",
"9515","1987","264.88",
"9516","1978","11709.7594419",
"9517","2024","5971.76622788",
"9518","1975","86696734.9",
"9519","1985","44",
"9520","2006","0",
"9521","2007","442624.8704",
"9522","1970","0.66",
"9523","2017","69158.454309608",
"9524","2021","361.2",
"9525","2020","61710528.416071",
"9526","2003","2892.92325941",
"9527","2000","0",
"9528","2017","21.6",
"9529","1971","7730",
"9530","1984","106815.07476765",
"9531","1993","4364643",
"9532","2010","0",
"9533","2003","774.8",
"9534","2010","476.04",
"9535","2019","132893190.92",
"9536","2015","765565.44720103",
"9537","1981","4488577.0133616",
"9538","2010","26407315.95545",
"9539","2008","184.8029",
"9540","2009","1399478.99",
"9541","2009","3945751.3083",
"9542","1990","52040.04571",
"9543","2021","466.322939",
"9544","1999","254353",
"9545","2004","35",
"9546","1985","18522781.50189",
"9547","2010","52985543.88",
"9548","1985","0",
"9549","2009","0",
"9550","1991","1359.967",
"9551","1983","90.857716779",
"9552","1979","32730.8667045",
"9553","1980","262441.6",
"9554","2010","9.19320407",
"9555","2019","12785404",
"9556","1970","4325148.0128693",
"9557","1994","950861.839963",
"9558","2019","350083.5513988",
"9559","2025","564",
"9560","2012","3601830",
"9561","2000","0",
"9562","1993","3067.596547686",
"9563","2015","2.78",
"9564","1981","15661.7836",
"9565","2021","0",
"9566","1989","443888373.66716",
"9567","2006","0",
"9568","1981","2.79047",
"9569","2007","13.5836",
"9570","2024","48267.5957",
"9571","2013","0",
"9572","2023","94732.9521",
"9573","1976","13.92",
"9574","1972","70760907",
"9575","2013","3000767.9",
"9576","1988","14633.454506",
"9577","1990","29513.328647",
"9578","2020","9256.066",
"9579","2014","690",
"9580","1999","393105.500497",
"9581","2010","950770.5",
"9582","1973","44.57593171",
"9583","2017","90.79270648",
"9584","1991","1002.8",
"9585","1971","0",
"9586","1994","10.09",
"9587","1997","1736002.053498",
"9588","2018","0",
"9589","2007","0",
"9590","2024","6.14",
"9591","1984","43.108735",
"9592","1980","71.907832711",
"9593","2019","277.487031844",
"9594","2010","28869.45219",
"9595","2006","163920274.87987",
"9596","1973","20717.65",
"9597","1971","21.381064",
"9598","1971","39769.734177126",
"9599","2005","23.256",
"9600","2015","0",
"9601","2020","0",
"9602","2007","28391600.7",
"9603","2020","193466730.82",
"9604","1993","445",
"9605","2019","5316.379917",
"9606","1979","31897224.9",
"9607","1989","4.6",
"9608","2025","207471894.47076",
"9609","1973","29507839.7603",
"9610","2016","1.4",
"9611","2002","239879.3145",
"9612","2024","1505871.4310071",
"9613","2002","363322359",
"9614","1977","14337.6312",
"9615","1972","2.1873",
"9616","2025","2623.60777",
"9617","2016","15996734.2295",
"9618","2006","148440.125",
"9619","1985","151.23",
"9620","2018","18522190.15425",
"9621","1979","0",
"9622","1988","3755719.6960542",
"9623","2009","188191354.47179",
"9624","1999","59351.567",
"9625","1985","6622845.734",
"9626","1972","1172272.3489171",
"9627","2001","4.2588749",
"9628","2020","3551544.7043237",
"9629","1995","288.405876",
"9630","2023","18010061.4902",
"9631","1998","8900830.0946719",
"9632","1975","14947172.1",
"9633","2010","938464254.89672",
"9634","2021","3.722",
"9635","1999","234924449.82312",
"9636","2018","29049517.160831",
"9637","2005","4",
"9638","2005","14869292.98",
"9639","2018","30347859.666465",
"9640","2010","25738.9722",
"9641","1999","3242108.28894",
"9642","1983","24060216.270439",
"9643","1984","71166.4043901",
"9644","2013","94830465.67742",
"9645","1980","0.94",
"9646","2006","85.661",
"9647","1976","0",
"9648","1985","5983.937100655",
"9649","1995","49441399.333159",
"9650","1986","5739399.305",
"9651","1986","6183.234",
"9652","1996","0",
"9653","2021","5483.87436606",
"9654","2005","0",
"9655","2024","0",
"9656","1975","19607456.44534",
"9657","2015","0.42",
"9658","1977","4130948.3391765",
"9659","1996","31.8603",
"9660","2010","1.8917",
"9661","2023","469.312539692",
"9662","1986","157777195.1",
"9663","2009","65860106.507025",
"9664","1984","0",
"9665","2006","1",
"9666","2009","1903017.6629",
"9667","1992","48",
"9668","2008","37307.2",
"9669","1987","39335867.858784",
"9670","2015","5.41649",
"9671","2000","0",
"9672","2018","0",
"9673","2006","3824.662723",
"9674","1994","2794676.0336486",
"9675","2017","0",
"9676","2015","6549177.5997095",
"9677","1999","0",
"9678","1974","12234.2800658",
"9679","2002","0",
"9680","1986","640.417",
"9681","1983","307238624.74326",
"9682","2021","0.28",
"9683","1973","1622",
"9684","1998","10.03177",
"9685","1974","4889.5145487",
"9686","2013","20691.55",
"9687","2000","0",
"9688","1992","288.205",
"9689","1993","12319252.7688",
"9690","1971","36817922.84",
"9691","2024","814.72737057",
"9692","1975","52971.813",
"9693","2019","27097309.55",
"9694","2021","34339.7",
"9695","1985","2.857",
"9696","1998","903.94163856",
"9697","1975","0",
"9698","1997","33616.788",
"9699","1972","0",
"9700","2003","343.963978",
"9701","2025","0.96",
"9702","1981","6337734",
"9703","1977","11.199986",
"9704","2010","2176427.90202",
"9705","1996","69.54965",
"9706","1978","0",
"9707","2011","196678.48",
"9708","2002","2594.31878951",
"9709","2018","4109.423",
"9710","1971","12.102",
"9711","2013","42441375.137271",
"9712","1972","35.3654",
"9713","2001","0",
"9714","1996","223412320.82991",
"9715","1991","63.28823735",
"9716","1996","33401",
"9717","2020","218.854316625",
"9718","1980","5879.1",
"9719","2005","2.196587",
"9720","2019","6601.65335",
"9721","1975","16833810.73",
"9722","1980","284912898.7982",
"9723","1971","304",
"9724","1972","0",
"9725","2018","656330.82740457",
"9726","2003","3297571.936",
"9727","2011","1936683.4195",
"9728","2011","31.401",
"9729","1986","1621387.58",
"9730","1972","3778979.3702031",
"9731","2011","248.80461711",
"9732","2011","391",
"9733","2023","0.1",
"9734","1984","11.27127",
"9735","1993","15.968866",
"9736","2013","701258877.3",
"9737","1986","0",
"9738","2018","236848739.85068",
"9739","1972","0",
"9740","2011","6.9689",
"9741","1970","4329478.1808152",
"9742","2017","57.2071",
"9743","2008","0.07312",
"9744","1974","3428568",
"9745","2019","8694.74286",
"9746","2017","0",
"9747","2016","3470.4",
"9748","2012","3634107.4431",
"9749","2025","467411",
"9750","2019","0",
"9751","2008","65645.598734251",
"9752","2011","388920334.151",
"9753","1989","2.83959",
"9754","1975","12521.183730959",
"9755","2008","7977.5576",
"9756","2006","50779854.216567",
"9757","1975","1366883.318",
"9758","1980","0",
"9759","2004","143.6020344",
"9760","1981","850579.7",
"9761","1984","88555.6411227",
"9762","1986","0",
"9763","1998","3876.1",
"9764","2005","266642",
"9765","1990","56414497.61",
"9766","1990","200960.62",
"9767","2010","42439830.4224",
"9768","1999","196",
"9769","1995","1.076337349",
"9770","1995","495701334",
"9771","1989","1154.286596",
"9772","2010","746296.36250683",
"9773","2004","3.77",
"9774","1991","78.57",
"9775","1991","1057512.831275",
"9776","2011","1865403.636",
"9777","2023","0",
"9778","1983","541.87",
"9779","2020","4528901.81",
"9780","2013","11189175.5",
"9781","1996","180766.5801",
"9782","2019","4883.98439127",
"9783","2022","2.57",
"9784","1990","34727116.005607",
"9785","2023","9630.41072262",
"9786","2016","0",
"9787","2006","104686323.2183",
"9788","2016","8",
"9789","2018","1.6547035",
"9790","2009","30.14070174",
"9791","2003","4213093.1",
"9792","2011","8686938.2030157",
"9793","1989","1726",
"9794","1986","2419187.5",
"9795","1971","353876.08464679",
"9796","2009","342798.90155",
"9797","2011","133455.40223081",
"9798","1978","6.08",
"9799","2018","0",
"9800","1994","17563679.4",
"9801","1991","302704.840177",
"9802","1971","64",
"9803","2003","27.57915507",
"9804","2012","19282663.928179",
"9805","2002","2.613293",
"9806","2024","2622198.86783",
"9807","1980","90359.5691",
"9808","1979","116835.300651",
"9809","2012","0",
"9810","1995","5.601",
"9811","1979","4.9811",
"9812","2017","0",
"9813","2001","20104327.22",
"9814","2005","13051019.045",
"9815","1991","54020918.471541",
"9816","1990","231.84211",
"9817","1986","361689.59592",
"9818","1977","85486365.4071",
"9819","1992","537925.80056747",
"9820","1992","101697.7",
"9821","1988","1863.543",
"9822","2023","166721728.14",
"9823","2014","7719.9",
"9824","1975","3.52307",
"9825","1992","2316098.8",
"9826","2017","815.045911",
"9827","2015","0",
"9828","2012","4302.469",
"9829","1994","26.2",
"9830","1992","2.391058",
"9831","1992","225351.9",
"9832","1992","219.72184",
"9833","1986","683.1516",
"9834","2024","0",
"9835","2024","253787330.76616",
"9836","2010","85112.7815737",
"9837","1997","0",
"9838","1975","6.239941",
"9839","1977","4.78",
"9840","1997","19.3451475",
"9841","2024","192375.71",
"9842","1972","45478.5535",
"9843","2020","7.81921058",
"9844","2023","78949342.36749",
"9845","2017","300481359.692",
"9846","2009","30.30170408",
"9847","1973","2698",
"9848","1980","13.56",
"9849","2008","4049.41607174",
"9850","2022","5804.19",
"9851","2013","0",
"9852","1975","874539",
"9853","2016","0",
"9854","1997","0",
"9855","1976","0",
"9856","1980","2.4250151",
"9857","1994","0",
"9858","1986","67395599",
"9859","1980","56230.045269",
"9860","1987","0",
"9861","2004","472866.991",
"9862","1972","143.0682637",
"9863","1996","0",
"9864","2016","2611707.9103371",
"9865","2000","24540.232883008",
"9866","2016","4837.930160093",
"9867","1989","0",
"9868","1974","43078.85",
"9869","1987","294753621.99555",
"9870","2012","4726244.8935462",
"9871","1991","187753759",
"9872","1996","561.07329",
"9873","1980","5257792.85",
"9874","1982","9881827.9870819",
"9875","2013","1.59687",
"9876","1975","2100.28041178",
"9877","1992","5981195.209",
"9878","2022","806650486.49053",
"9879","1989","1066.71",
"9880","1982","0.352916027",
"9881","1992","187.351028",
"9882","2025","361007.1",
"9883","1995","1115277.980893",
"9884","1997","859.333763288",
"9885","2012","1",
"9886","2017","1086929.7493",
"9887","1993","433.8995206",
"9888","1993","24380.7",
"9889","1977","32389695.294",
"9890","1999","112.77",
"9891","2010","214063244.39029",
"9892","2022","47.68843",
"9893","1999","0.58855554",
"9894","2000","788.1982",
"9895","2009","32.66099451",
"9896","1995","5",
"9897","2023","437.249",
"9898","2004","260078916",
"9899","1998","4353344.5058223",
"9900","2010","1143",
"9901","1983","307370.20484063",
"9902","2006","12448157",
"9903","1993","1161",
"9904","1989","34320.3072566",
"9905","2015","0",
"9906","2005","188199225.08938",
"9907","2004","56743.7",
"9908","2010","1.9",
"9909","1994","1228.6436951",
"9910","2021","560183783.24051",
"9911","2023","2.69860997",
"9912","1971","6354.047",
"9913","2013","3523292",
"9914","2006","81994.75257",
"9915","2015","75.231632015",
"9916","1973","124313264.02935",
"9917","1987","6627347.65",
"9918","1993","402703880.6453",
"9919","2014","49411.76",
"9920","1973","72.9556",
"9921","2001","77135147.808917",
"9922","1971","583135.841297",
"9923","2019","5.84653983",
"9924","2016","222.58",
"9925","1986","471.258",
"9926","2018","29.026344",
"9927","2000","108977911.53",
"9928","2014","329533.992983",
"9929","1982","188905.46312",
"9930","1971","4",
"9931","1987","8.7",
"9932","1974","36.48318",
"9933","1975","0",
"9934","2014","87130.9",
"9935","1974","39.8",
"9936","1983","0",
"9937","2015","3883",
"9938","1981","6.31553791",
"9939","1970","1",
"9940","2020","295438758",
"9941","2019","176958811",
"9942","2007","57839.05",
"9943","2012","54.056",
"9944","1989","1.5",
"9945","2012","9.079768",
"9946","2007","0.7",
"9947","2002","24482",
"9948","2001","3629117.17281",
"9949","2023","21700718.5",
"9950","2014","61529.152556329",
"9951","1971","942307648.78467",
"9952","2014","37.552",
"9953","1995","5.8",
"9954","1982","0",
"9955","1999","4374466.487623",
"9956","2009","168.012015",
"9957","2005","20395.1",
"9958","1990","71140366.528868",
"9959","1998","77828.11",
"9960","2022","0",
"9961","2023","193.4694944",
"9962","2017","475321.30692386",
"9963","2006","3602.4335",
"9964","2013","59090303.564241",
"9965","2003","198.67292",
"9966","2009","513429.1265853",
"9967","1995","0",
"9968","1990","5.255",
"9969","2010","182185",
"9970","1987","54448.79",
"9971","1988","64970909.4",
"9972","2003","7.359",
"9973","2011","818.08",
"9974","1977","1.26",
"9975","2016","5.1337384",
"9976","2014","0.0664",
"9977","1975","0",
"9978","1982","6830739.076125",
"9979","2002","46922.7485538",
"9980","1992","119.69969",
"9981","1996","324390.20928479",
"9982","1973","192004",
"9983","1978","206907.8803776",
"9984","2023","747.7",
"9985","2002","0",
"9986","2014","154860304.7923",
"9987","1975","0.429",
"9988","1984","4172677.7158",
"9989","1974","226152.67434498",
"9990","1976","0",
"9991","2002","8605863.56",
"9992","2017","1984099",
"9993","1987","27632646.05",
"9994","1987","9.3",
"9995","2024","90.7019233",
"9996","1977","3746",
"9997","1996","637214.576",
"9998","1976","314828802.6676",
"9999","1973","7",
"10000","1983","230.164",
